{"type":"FeatureCollection","features":[{"type":"Feature","properties":{"sinif":"tertiary","ad":null},"geometry":{"type":"LineString","coordinates":[[28.6771,41.18703],[28.67712,41.18684],[28.67707,41.18633],[28.67709,41.18621],[28.67719,41.18564],[28.67772,41.18325],[28.67796,41.18219],[28.67799,41.18184],[28.67794,41.18032],[28.67793,41.18008],[28.67803,41.17891],[28.67838,41.17717],[28.67845,41.17646],[28.67849,41.17564],[28.67842,41.17437],[28.6784,41.17405],[28.67836,41.17326],[28.67826,41.17173],[28.6782,41.17148],[28.67802,41.17066],[28.6779,41.17003],[28.67768,41.1689],[28.67732,41.16735],[28.67723,41.16665],[28.67741,41.16583],[28.67753,41.16527],[28.67782,41.16391],[28.67793,41.16339],[28.67832,41.16195]]}},{"type":"Feature","properties":{"sinif":"tertiary","ad":"Şeyh Şamil Caddesi"},"geometry":{"type":"LineString","coordinates":[[28.61339,41.15547],[28.61338,41.1556],[28.6134,41.15575],[28.6136,41.15623],[28.61381,41.15676],[28.61383,41.15681],[28.61386,41.15688],[28.61418,41.15769],[28.6142,41.15774]]}},{"type":"Feature","properties":{"sinif":"primary","ad":"Mercedes Bulvarı"},"geometry":{"type":"LineString","coordinates":[[28.63669,41.10001],[28.63935,41.09845],[28.64085,41.09757],[28.64109,41.09743],[28.64128,41.09734]]}},{"type":"Feature","properties":{"sinif":"tertiary","ad":"Terkos-Karaburun Caddesi"},"geometry":{"type":"LineString","coordinates":[[28.67402,41.30131],[28.67389,41.30227],[28.67383,41.30297],[28.67382,41.30301],[28.67379,41.30335],[28.67371,41.30358],[28.67362,41.30374],[28.67336,41.30418],[28.67329,41.3043],[28.673,41.30481],[28.67249,41.3056],[28.67232,41.30586],[28.67213,41.30618],[28.67175,41.30682],[28.67143,41.30737],[28.67124,41.3076],[28.67108,41.3077],[28.66993,41.30819],[28.66884,41.3087],[28.6682,41.30912],[28.66764,41.30948],[28.66669,41.31013],[28.66542,41.31099],[28.66519,41.31116],[28.6649,41.31136],[28.6647,41.31176],[28.66468,41.31222],[28.66476,41.31255],[28.66494,41.31278],[28.6653,41.31294],[28.66631,41.31306],[28.6692,41.31343],[28.66983,41.31354],[28.67068,41.3138],[28.67453,41.31535],[28.67497,41.31552],[28.67521,41.3156],[28.6754,41.31573],[28.67555,41.31589],[28.67564,41.31608],[28.67567,41.31626],[28.67563,41.31642],[28.67539,41.31692],[28.67517,41.31736],[28.67512,41.31747],[28.67501,41.31759],[28.67488,41.31771],[28.67471,41.31782],[28.67454,41.3179],[28.67423,41.31806],[28.67413,41.31815],[28.67403,41.31826],[28.67397,41.31841],[28.67398,41.31859],[28.67403,41.31875],[28.67442,41.31947],[28.67456,41.31977],[28.67455,41.31994],[28.6744,41.32041],[28.67389,41.32194],[28.67388,41.32197],[28.6738,41.32218],[28.67361,41.32242],[28.67326,41.32264],[28.67236,41.32316],[28.67188,41.32357],[28.67172,41.32398],[28.67192,41.32448],[28.67247,41.32493],[28.67366,41.32562],[28.67413,41.32591],[28.67495,41.32619],[28.67537,41.32625],[28.67589,41.32675],[28.67633,41.32738],[28.67659,41.32762],[28.67705,41.32787],[28.67732,41.32808],[28.67747,41.32841],[28.6775,41.32911],[28.67754,41.32922],[28.67759,41.32931],[28.67764,41.32938],[28.67772,41.32943],[28.6778,41.32946],[28.67789,41.32948],[28.678,41.32949],[28.67815,41.32946],[28.67877,41.32917],[28.67894,41.32912],[28.67909,41.3291],[28.67925,41.3291],[28.67943,41.32913],[28.67955,41.32917],[28.67968,41.32925],[28.67985,41.32943],[28.67998,41.32957],[28.6801,41.32974],[28.68014,41.32984],[28.68015,41.32995],[28.68015,41.33004],[28.68011,41.33013],[28.68005,41.33023],[28.67969,41.33067],[28.67939,41.33124],[28.67932,41.33142],[28.6793,41.33155],[28.67931,41.33169],[28.67934,41.33181],[28.67941,41.33191],[28.67979,41.33233],[28.67985,41.33244],[28.67986,41.33252],[28.67984,41.33262],[28.67979,41.33273],[28.6797,41.33284],[28.67939,41.3331],[28.67917,41.33332],[28.67909,41.33349],[28.67904,41.33367],[28.67903,41.33381],[28.67912,41.33419],[28.67923,41.33459],[28.67935,41.3349],[28.67957,41.33542],[28.67972,41.33575],[28.67975,41.33582],[28.67988,41.33612],[28.68044,41.3375],[28.68051,41.33767],[28.68052,41.33784],[28.68053,41.33796],[28.68048,41.33812],[28.68044,41.33827],[28.68015,41.339],[28.68009,41.33914]]}},{"type":"Feature","properties":{"sinif":"tertiary","ad":"Sahil Caddesi"},"geometry":{"type":"LineString","coordinates":[[28.72245,41.32633],[28.72167,41.32661],[28.7216,41.32664],[28.72129,41.32675],[28.72101,41.32686],[28.72081,41.32693],[28.71885,41.32779],[28.7184,41.328],[28.71813,41.32811],[28.71798,41.32817],[28.71686,41.32865],[28.7155,41.32924],[28.71353,41.33006],[28.71285,41.33036],[28.71277,41.3304],[28.71198,41.33073],[28.71088,41.33115],[28.70981,41.33156],[28.70939,41.33177],[28.70922,41.33185],[28.709,41.33196],[28.70882,41.33205],[28.70681,41.33262],[28.70628,41.33278],[28.70581,41.33295],[28.70535,41.33311],[28.70484,41.33333],[28.70418,41.33354],[28.7038,41.33368],[28.70271,41.33404],[28.70251,41.33412],[28.70144,41.33452],[28.70014,41.335],[28.69912,41.33539],[28.69866,41.33555],[28.69818,41.33574],[28.6977,41.33592],[28.69729,41.33608],[28.69699,41.33621],[28.69696,41.33622],[28.69665,41.33635],[28.69588,41.33667],[28.69479,41.33713],[28.69286,41.33792],[28.69242,41.33811],[28.69213,41.33822],[28.69192,41.3383],[28.69183,41.33834],[28.69135,41.33854],[28.69098,41.33871],[28.69076,41.33881],[28.69002,41.33916],[28.68945,41.33941],[28.68918,41.33953],[28.68874,41.33973],[28.68861,41.33979],[28.68825,41.33994],[28.68765,41.34019],[28.68706,41.34045],[28.68641,41.34076],[28.68596,41.34112],[28.68509,41.34177],[28.68465,41.34216],[28.68414,41.3426],[28.68409,41.34264]]}},{"type":"Feature","properties":{"sinif":"tertiary","ad":null},"geometry":{"type":"LineString","coordinates":[[28.68315,41.34642],[28.68321,41.34631],[28.68324,41.34626],[28.6833,41.34621],[28.68337,41.34616],[28.68356,41.34605],[28.68364,41.346],[28.68365,41.34598],[28.68367,41.34596],[28.68368,41.34592]]}},{"type":"Feature","properties":{"sinif":"tertiary","ad":"Baraj Yolu Caddesi"},"geometry":{"type":"LineString","coordinates":[[28.67976,41.33946],[28.6795,41.33956],[28.67923,41.3397],[28.67904,41.33977],[28.67885,41.33983],[28.67856,41.33992],[28.6784,41.33996],[28.67833,41.33996],[28.67825,41.33996],[28.67818,41.33995],[28.67804,41.33992],[28.67784,41.33986],[28.67764,41.33981],[28.67743,41.33974],[28.67726,41.33967],[28.67696,41.33954],[28.67681,41.33946],[28.67658,41.33937],[28.67647,41.33933],[28.67635,41.33931],[28.67625,41.33929],[28.67608,41.33926],[28.67601,41.33925],[28.67571,41.33925],[28.67549,41.33925],[28.67518,41.33926],[28.67462,41.33929],[28.67427,41.33931],[28.67333,41.33931]]}},{"type":"Feature","properties":{"sinif":"primary","ad":"Haraççı - Hadımköy Yolu"},"geometry":{"type":"LineString","coordinates":[[28.7026,41.17899],[28.70303,41.17935],[28.70412,41.18016],[28.70453,41.18053],[28.70547,41.18154],[28.70555,41.18164],[28.70606,41.18232],[28.70614,41.18243],[28.70636,41.18275]]}},{"type":"Feature","properties":{"sinif":"primary","ad":null},"geometry":{"type":"LineString","coordinates":[[28.7026,41.17899],[28.70259,41.17902],[28.70258,41.17905],[28.70256,41.17908],[28.70253,41.17909],[28.70249,41.17911]]}},{"type":"Feature","properties":{"sinif":"secondary","ad":"Bayrak Sokağı"},"geometry":{"type":"LineString","coordinates":[[28.70941,41.18099],[28.71,41.18115],[28.71014,41.18118],[28.71042,41.18126],[28.7105,41.18128],[28.71107,41.18143],[28.71136,41.18151],[28.71145,41.18154],[28.7116,41.18158],[28.71193,41.18163],[28.71217,41.18167],[28.71236,41.1817],[28.71269,41.18175],[28.71303,41.1818],[28.71309,41.18181],[28.71347,41.18184],[28.7139,41.18188],[28.71427,41.18191],[28.71475,41.18195],[28.71516,41.18205],[28.71618,41.18239],[28.71673,41.18253],[28.71807,41.18247],[28.71948,41.18245],[28.71969,41.18249],[28.71995,41.18255],[28.72065,41.18273]]}},{"type":"Feature","properties":{"sinif":"secondary","ad":"Atatürk Caddesi"},"geometry":{"type":"LineString","coordinates":[[28.71489,41.21023],[28.71499,41.21001],[28.7152,41.20952],[28.71521,41.20949],[28.71529,41.2093],[28.71535,41.20919],[28.71547,41.20892],[28.71556,41.20869],[28.71567,41.2084],[28.71577,41.20809],[28.71582,41.20788],[28.71583,41.20784],[28.7159,41.2075],[28.71597,41.20718],[28.71598,41.20706],[28.71614,41.20602],[28.71614,41.20597],[28.7162,41.20557],[28.71624,41.2053],[28.71624,41.20518],[28.71624,41.20507],[28.71624,41.20498],[28.71618,41.20433],[28.71616,41.20415],[28.71615,41.20409],[28.71614,41.20396],[28.71612,41.20389],[28.71604,41.20329],[28.71597,41.20322],[28.7159,41.20317],[28.71588,41.20316]]}},{"type":"Feature","properties":{"sinif":"tertiary","ad":"Tayakadın Yassıören Caddesi"},"geometry":{"type":"LineString","coordinates":[[28.6741,41.26392],[28.67497,41.26369],[28.67527,41.26361],[28.67695,41.26317],[28.6777,41.26295],[28.67808,41.26283],[28.67827,41.26275],[28.67844,41.26267],[28.6787,41.26258],[28.67882,41.26256],[28.67908,41.26258],[28.67921,41.26262],[28.67951,41.26272],[28.67965,41.26278],[28.68021,41.263],[28.68042,41.26312],[28.68055,41.26321],[28.68097,41.26356],[28.68118,41.26374],[28.68139,41.26386],[28.68156,41.26396],[28.68193,41.26405],[28.68235,41.2641],[28.68342,41.26418],[28.6846,41.26428],[28.68521,41.26436],[28.68552,41.2644],[28.68589,41.26448],[28.68612,41.26453],[28.68635,41.26465],[28.68658,41.26482],[28.68696,41.26509],[28.68737,41.26538],[28.68762,41.26556],[28.68826,41.26603],[28.68917,41.26671],[28.68929,41.26681],[28.68941,41.26694],[28.68951,41.26708],[28.68957,41.26721],[28.68961,41.26748],[28.68968,41.26777],[28.68975,41.26795],[28.68985,41.2681],[28.68993,41.26819],[28.69014,41.26841],[28.69041,41.26873],[28.69057,41.26907],[28.69061,41.26916],[28.69081,41.26963],[28.69087,41.26985],[28.69088,41.26993],[28.69102,41.27049],[28.69111,41.27076],[28.69115,41.27099],[28.69118,41.27114],[28.69122,41.27129],[28.69129,41.27141],[28.69139,41.27155],[28.69152,41.27171],[28.69172,41.27191],[28.69226,41.27253],[28.69244,41.27272],[28.69264,41.27288],[28.69284,41.273],[28.69303,41.27308],[28.69315,41.27311],[28.69327,41.27313],[28.69336,41.27313],[28.69345,41.27312],[28.69357,41.2731],[28.69375,41.27304],[28.69389,41.27297],[28.69403,41.27292]]}},{"type":"Feature","properties":{"sinif":"secondary","ad":null},"geometry":{"type":"LineString","coordinates":[[28.60436,41.16635],[28.60463,41.16625],[28.60483,41.16623],[28.60516,41.16624],[28.6054,41.16625],[28.60577,41.16626],[28.60593,41.16624],[28.60609,41.1662],[28.60632,41.16611],[28.60682,41.16577],[28.60707,41.1656],[28.60751,41.16528],[28.60826,41.16472],[28.60848,41.16451],[28.60861,41.16432],[28.60866,41.16417],[28.60867,41.16405],[28.60868,41.16401],[28.60868,41.16386],[28.60855,41.1632],[28.60851,41.16302],[28.60848,41.16286],[28.60847,41.16279],[28.60844,41.16248],[28.60843,41.16233],[28.60844,41.16218],[28.60845,41.1621],[28.60849,41.1619]]}},{"type":"Feature","properties":{"sinif":"secondary","ad":null},"geometry":{"type":"LineString","coordinates":[[28.60436,41.16635],[28.60426,41.1664],[28.6039,41.16666]]}},{"type":"Feature","properties":{"sinif":"secondary","ad":"Hadımköy Caddesi"},"geometry":{"type":"LineString","coordinates":[[28.6039,41.16666],[28.60353,41.16699],[28.60299,41.16745],[28.60248,41.16784],[28.6022,41.16808],[28.60185,41.1684],[28.60159,41.16868],[28.60138,41.16897],[28.60121,41.16924],[28.60109,41.16949],[28.6009,41.16988],[28.60064,41.17044],[28.60033,41.171],[28.59956,41.17246],[28.59803,41.17522],[28.59614,41.17863],[28.59598,41.17901],[28.59593,41.17937],[28.59585,41.18086],[28.59579,41.18173]]}},{"type":"Feature","properties":{"sinif":"tertiary","ad":null},"geometry":{"type":"LineString","coordinates":[[28.64288,41.27798],[28.64296,41.27814],[28.64302,41.27825],[28.64305,41.27831],[28.64308,41.27836],[28.64313,41.27842]]}},{"type":"Feature","properties":{"sinif":"tertiary","ad":null},"geometry":{"type":"LineString","coordinates":[[28.67014,41.23503],[28.67025,41.23497],[28.67054,41.23478],[28.67146,41.23434],[28.67304,41.23371],[28.67387,41.23342],[28.67398,41.23337],[28.67455,41.23314],[28.67461,41.23312],[28.67479,41.23306],[28.67552,41.23281],[28.67561,41.23278],[28.67574,41.23273],[28.67636,41.23252],[28.67722,41.23232],[28.67772,41.23221],[28.67799,41.23214],[28.67918,41.23187],[28.67986,41.23162],[28.68047,41.23139],[28.68079,41.23129],[28.68124,41.23024],[28.68131,41.22989],[28.68144,41.22919],[28.68165,41.22812],[28.68175,41.22746],[28.68209,41.22677],[28.6824,41.22614],[28.68281,41.22513],[28.68285,41.22502],[28.6834,41.2235],[28.68353,41.22318],[28.68436,41.22116],[28.68492,41.22016],[28.6859,41.21841],[28.68623,41.21782],[28.68642,41.21748],[28.68667,41.21703],[28.6874,41.21598],[28.68786,41.21532],[28.68808,41.21499],[28.68874,41.21404],[28.68915,41.21344],[28.6894,41.21308],[28.68982,41.21247],[28.69007,41.21211],[28.69028,41.21182],[28.69049,41.21153],[28.69077,41.21115],[28.69109,41.21068],[28.69139,41.21028],[28.69162,41.20995],[28.69169,41.20986],[28.69236,41.20871],[28.69261,41.20826],[28.69356,41.20656],[28.69375,41.20605],[28.69431,41.20364],[28.69444,41.20321],[28.69448,41.20306],[28.695,41.2019],[28.69623,41.19907],[28.69632,41.19878],[28.69666,41.19686],[28.69671,41.19613],[28.6968,41.19457],[28.69681,41.19242],[28.69679,41.19142],[28.69666,41.19071],[28.69652,41.18994],[28.69641,41.18934],[28.69627,41.18682],[28.69626,41.1859]]}},{"type":"Feature","properties":{"sinif":"tertiary","ad":"Dursunköy-Baklalı Caddesi"},"geometry":{"type":"LineString","coordinates":[[28.65179,41.24551],[28.65184,41.24592],[28.65201,41.24722],[28.65206,41.24814],[28.65204,41.24841],[28.65198,41.24873],[28.65183,41.2492],[28.65122,41.25032],[28.65089,41.25157],[28.65069,41.25467],[28.65066,41.25518],[28.65068,41.25547],[28.65078,41.25561],[28.65096,41.25575],[28.65238,41.25664],[28.65252,41.25673],[28.65268,41.25683],[28.65279,41.25692],[28.65283,41.25701],[28.65286,41.25709],[28.65288,41.25715],[28.6529,41.25724],[28.6529,41.25736],[28.65288,41.25749],[28.65286,41.25764],[28.65286,41.25772],[28.65287,41.25778],[28.65289,41.25784],[28.65293,41.25791],[28.65297,41.25797],[28.65314,41.25818],[28.65364,41.25866],[28.65373,41.25877],[28.65409,41.2592],[28.6545,41.25978],[28.65469,41.26011],[28.65474,41.26018],[28.65496,41.26037],[28.65512,41.26051],[28.6554,41.26076],[28.65552,41.261],[28.65566,41.26131],[28.65671,41.26312],[28.65738,41.26444],[28.65744,41.26499],[28.65743,41.26535],[28.65744,41.26571],[28.65767,41.26638],[28.65791,41.26703],[28.65831,41.26804],[28.65847,41.26845],[28.65868,41.26881],[28.65915,41.26938],[28.65971,41.26996],[28.65988,41.27015],[28.66003,41.27032],[28.66025,41.27062],[28.6603,41.27069],[28.66055,41.27107],[28.66064,41.27121],[28.66078,41.27148],[28.66092,41.27173],[28.66137,41.27252],[28.66186,41.2734]]}},{"type":"Feature","properties":{"sinif":"tertiary","ad":"Tayakadın Terkos Caddesi"},"geometry":{"type":"LineString","coordinates":[[28.69673,41.27405],[28.69636,41.2743],[28.69617,41.27454],[28.69613,41.27463],[28.69611,41.27487],[28.69616,41.2751],[28.69622,41.27524],[28.6963,41.27536],[28.69635,41.27543],[28.69656,41.27566],[28.69672,41.27584],[28.69681,41.27594],[28.69689,41.27601],[28.69708,41.27613],[28.69742,41.27636],[28.69744,41.27637],[28.69763,41.27649],[28.69771,41.27664],[28.69767,41.27689],[28.69765,41.27707],[28.69765,41.2772],[28.69768,41.27731],[28.69774,41.27742],[28.69784,41.27752],[28.69798,41.27764],[28.69813,41.2777],[28.69828,41.27774],[28.69846,41.27777],[28.69874,41.27779],[28.69883,41.2778],[28.69893,41.27781],[28.69898,41.27784],[28.69901,41.27788],[28.69903,41.27792],[28.69903,41.27809],[28.69904,41.28032],[28.69904,41.28048],[28.69906,41.28087],[28.69905,41.28103],[28.69891,41.28126],[28.69882,41.28142],[28.69851,41.28177],[28.69823,41.28202],[28.6978,41.28237],[28.69771,41.28251],[28.69769,41.28267],[28.69769,41.28277]]}},{"type":"Feature","properties":{"sinif":"secondary","ad":null},"geometry":{"type":"LineString","coordinates":[[28.69167,41.16726],[28.69283,41.16577],[28.69355,41.16483],[28.69422,41.16396],[28.69469,41.16335],[28.69492,41.16305],[28.69675,41.16068],[28.69742,41.15982],[28.69781,41.15932],[28.69841,41.1586],[28.69861,41.15843],[28.69911,41.15819],[28.69959,41.15799],[28.70173,41.15714],[28.70291,41.15667],[28.70417,41.15621],[28.70458,41.15606],[28.70532,41.15579],[28.70612,41.15559],[28.70716,41.15531],[28.70787,41.15516],[28.70822,41.1551],[28.70946,41.15523],[28.71063,41.15553],[28.71124,41.15562],[28.71148,41.15562],[28.71171,41.15561],[28.71204,41.15556],[28.71216,41.15549]]}},{"type":"Feature","properties":{"sinif":"tertiary","ad":null},"geometry":{"type":"LineString","coordinates":[[28.71216,41.15549],[28.71232,41.1551],[28.71249,41.15491],[28.71263,41.15482],[28.71286,41.15475],[28.713,41.15472],[28.7134,41.15467],[28.71344,41.15466],[28.71353,41.15464],[28.71356,41.15463],[28.71413,41.15453],[28.71486,41.1544],[28.71529,41.15443],[28.71561,41.15464],[28.71629,41.1559],[28.71658,41.15694],[28.71652,41.1583],[28.71579,41.15985],[28.71557,41.16104],[28.7157,41.16188],[28.71619,41.16313],[28.7164,41.16379],[28.7169,41.16455],[28.71717,41.16543],[28.71747,41.16556],[28.7182,41.16552],[28.71913,41.16548],[28.71963,41.16556],[28.72,41.16565],[28.72017,41.1657],[28.72044,41.16568],[28.72144,41.1651],[28.72189,41.16459],[28.72261,41.16359],[28.72304,41.16316],[28.72383,41.16266],[28.7242,41.16249],[28.72451,41.1624],[28.72471,41.1624],[28.72485,41.16243],[28.72496,41.16246],[28.72507,41.16256],[28.72518,41.16269]]}},{"type":"Feature","properties":{"sinif":"primary_link","ad":null},"geometry":{"type":"LineString","coordinates":[[28.78708,41.15227],[28.78731,41.15233],[28.78745,41.15237]]}},{"type":"Feature","properties":{"sinif":"tertiary","ad":"29 Ekim Caddesi"},"geometry":{"type":"LineString","coordinates":[[28.60728,41.12935],[28.60714,41.12935],[28.607,41.12938],[28.60673,41.12946],[28.60595,41.12967],[28.6047,41.13005],[28.60334,41.12953],[28.60291,41.12937],[28.60202,41.12904],[28.60163,41.12886],[28.60152,41.12878],[28.60145,41.1287],[28.6014,41.12861],[28.60134,41.12838],[28.60132,41.1282],[28.60132,41.12802],[28.60134,41.12765],[28.60138,41.12682],[28.60148,41.12552],[28.6016,41.12482],[28.60164,41.12453],[28.60161,41.12407],[28.60155,41.12366],[28.60146,41.12318],[28.6013,41.12249],[28.60122,41.12213],[28.60108,41.12155],[28.6009,41.12098],[28.6008,41.12078],[28.60067,41.1206],[28.6002,41.12019],[28.59936,41.11943],[28.59858,41.11872],[28.5983,41.11845],[28.59714,41.11721],[28.59683,41.11695],[28.59666,41.11685],[28.59658,41.11682],[28.59576,41.11656],[28.59559,41.11649]]}},{"type":"Feature","properties":{"sinif":"tertiary","ad":"Şimşir Sokağı"},"geometry":{"type":"LineString","coordinates":[[28.61809,41.15069],[28.61806,41.15024],[28.61818,41.14965],[28.61846,41.14906],[28.61858,41.14848],[28.61856,41.14782],[28.61855,41.14774],[28.61849,41.14702],[28.61847,41.14684],[28.61836,41.14615],[28.61847,41.14561],[28.61848,41.14553],[28.61872,41.14517],[28.61893,41.14496],[28.61904,41.14486],[28.61938,41.14447],[28.61939,41.14439],[28.61932,41.14427],[28.61893,41.14418],[28.6184,41.14413],[28.61815,41.14411],[28.61793,41.14409],[28.61712,41.14402],[28.61535,41.14385]]}},{"type":"Feature","properties":{"sinif":"secondary","ad":null},"geometry":{"type":"LineString","coordinates":[[28.61692,41.15751],[28.617,41.1576],[28.61721,41.15772],[28.61737,41.15781],[28.61747,41.15787],[28.61755,41.15792],[28.61765,41.15794],[28.61793,41.15801],[28.61838,41.15809],[28.61847,41.15813]]}},{"type":"Feature","properties":{"sinif":"tertiary","ad":null},"geometry":{"type":"LineString","coordinates":[[28.61862,41.15237],[28.61888,41.15278],[28.61919,41.15323],[28.61945,41.15361],[28.61963,41.15386],[28.61966,41.15391],[28.62013,41.15446],[28.62025,41.15458],[28.62098,41.15496],[28.62104,41.15499],[28.6211,41.15502],[28.62138,41.15514],[28.62203,41.15544]]}},{"type":"Feature","properties":{"sinif":"tertiary","ad":"Özcan Taşkınbaş Caddesi"},"geometry":{"type":"LineString","coordinates":[[28.62296,41.15487],[28.6231,41.15466],[28.62312,41.15464],[28.62391,41.1539],[28.62433,41.15349],[28.62472,41.15307],[28.62484,41.15292],[28.6249,41.15283],[28.62495,41.15273],[28.62499,41.15264]]}},{"type":"Feature","properties":{"sinif":"secondary","ad":null},"geometry":{"type":"LineString","coordinates":[[28.61357,41.15841],[28.61325,41.15854],[28.61246,41.15886],[28.61165,41.15921],[28.61117,41.15948],[28.61079,41.15978],[28.60999,41.16043],[28.60946,41.16091],[28.60894,41.16143],[28.60849,41.1619]]}},{"type":"Feature","properties":{"sinif":"secondary","ad":null},"geometry":{"type":"LineString","coordinates":[[28.61891,41.16037],[28.61875,41.16019],[28.61859,41.15996],[28.61857,41.15989],[28.61847,41.15966],[28.61846,41.15941],[28.61848,41.1589],[28.61848,41.15847],[28.61849,41.15822],[28.61847,41.15813]]}},{"type":"Feature","properties":{"sinif":"tertiary","ad":"Edirne-İstanbul Demiryolu Caddesi"},"geometry":{"type":"LineString","coordinates":[[28.59443,41.13856],[28.59451,41.13864],[28.59461,41.13869],[28.59471,41.1387],[28.5948,41.13867],[28.59485,41.13861],[28.59488,41.13853],[28.59491,41.13848],[28.59494,41.13843],[28.59503,41.13838],[28.59543,41.13816],[28.59557,41.13813],[28.59578,41.13811],[28.59603,41.13806],[28.59631,41.13804],[28.59724,41.13796],[28.59804,41.13785],[28.59861,41.13774],[28.59912,41.13763],[28.59969,41.13749],[28.60036,41.13726],[28.60057,41.13726],[28.60071,41.13729],[28.601,41.13754],[28.60144,41.13795],[28.60187,41.13855],[28.60213,41.13905],[28.6024,41.13952],[28.60258,41.13997],[28.603,41.14059],[28.60338,41.1412],[28.60366,41.14189],[28.6046,41.14375],[28.60495,41.14463],[28.60497,41.14498],[28.60501,41.14522],[28.60517,41.14554],[28.60556,41.14585],[28.60588,41.14608],[28.60594,41.14614],[28.60607,41.14626],[28.60633,41.14663],[28.60681,41.14713],[28.60706,41.14743],[28.60776,41.14826],[28.60794,41.14865],[28.60799,41.14892],[28.60796,41.14913],[28.6079,41.14961],[28.60808,41.14992],[28.60848,41.15049],[28.60865,41.15073],[28.60905,41.15125],[28.60932,41.15149],[28.60968,41.15159],[28.61002,41.15167],[28.61032,41.15163],[28.61036,41.15162],[28.61059,41.15151],[28.61073,41.15142],[28.61086,41.15134],[28.61106,41.15128],[28.61122,41.15128],[28.61137,41.15131],[28.61159,41.15142],[28.61209,41.15175],[28.61262,41.15204],[28.61303,41.15227],[28.61311,41.15231],[28.6134,41.1525],[28.61354,41.15257],[28.61357,41.15264],[28.6136,41.15271],[28.61356,41.15324],[28.61345,41.15411],[28.61332,41.15492],[28.61331,41.15522],[28.61332,41.15529],[28.61339,41.15547]]}},{"type":"Feature","properties":{"sinif":"tertiary","ad":null},"geometry":{"type":"LineString","coordinates":[[28.6213,41.15863],[28.62135,41.15869],[28.62152,41.15884],[28.62167,41.15897],[28.62187,41.15915],[28.62215,41.15938],[28.62225,41.15947],[28.62253,41.15966],[28.6229,41.15989],[28.62336,41.16018],[28.62366,41.16037],[28.62391,41.16051],[28.62403,41.16058],[28.62421,41.16067]]}},{"type":"Feature","properties":{"sinif":"tertiary","ad":null},"geometry":{"type":"LineString","coordinates":[[28.62369,41.16248],[28.62364,41.16254],[28.6236,41.16258],[28.62349,41.16268],[28.62329,41.16285],[28.6231,41.16299],[28.62296,41.16311],[28.6228,41.16323],[28.62268,41.16334],[28.62251,41.1635],[28.62246,41.16354],[28.62237,41.16359]]}},{"type":"Feature","properties":{"sinif":"tertiary","ad":null},"geometry":{"type":"LineString","coordinates":[[28.63349,41.26218],[28.63403,41.26203],[28.6344,41.26192],[28.63469,41.26182],[28.63491,41.26173],[28.63511,41.26162],[28.63534,41.26145],[28.63555,41.26127],[28.63574,41.26108],[28.6359,41.26088],[28.63609,41.26062],[28.63623,41.2604],[28.63633,41.26019],[28.63638,41.26008],[28.63642,41.25994],[28.63647,41.25974],[28.63651,41.25947],[28.63655,41.25931],[28.6366,41.25916],[28.63667,41.25903],[28.63677,41.25888],[28.63692,41.25865],[28.63707,41.25852],[28.63721,41.25844],[28.63744,41.25834],[28.63802,41.25814],[28.63817,41.25809],[28.63829,41.25806],[28.63843,41.25804],[28.63856,41.25805],[28.63883,41.25808],[28.6391,41.25811],[28.63933,41.25811],[28.63957,41.25811],[28.63987,41.25809],[28.64009,41.25806],[28.64051,41.258],[28.6408,41.25796],[28.6412,41.25792],[28.64256,41.2578],[28.64385,41.25769],[28.64408,41.25766],[28.64432,41.25763],[28.64459,41.25755],[28.64477,41.25749],[28.64618,41.25694],[28.64641,41.25685],[28.64667,41.25678],[28.6469,41.25673],[28.6472,41.25667],[28.64741,41.25665],[28.6476,41.25666],[28.64774,41.25668],[28.64792,41.25675],[28.64817,41.25689],[28.6483,41.25698],[28.64837,41.25705],[28.64841,41.25712],[28.64842,41.25719],[28.6484,41.25726],[28.64834,41.25742],[28.6481,41.258],[28.64808,41.25811],[28.64809,41.25818],[28.64814,41.25823],[28.64822,41.25826],[28.64832,41.25827],[28.64851,41.25826],[28.64905,41.25816],[28.6495,41.25804],[28.64971,41.25799],[28.64988,41.25793],[28.65024,41.2578]]}},{"type":"Feature","properties":{"sinif":"tertiary","ad":null},"geometry":{"type":"LineString","coordinates":[[28.61191,41.30486],[28.61191,41.30475],[28.61191,41.30464],[28.61202,41.30432],[28.61223,41.30296],[28.61234,41.30274],[28.61252,41.30257],[28.61293,41.30242],[28.61356,41.3022],[28.61384,41.30209],[28.61403,41.30204],[28.61416,41.30203],[28.61427,41.30203],[28.61437,41.30204],[28.61446,41.30207],[28.61457,41.30213],[28.61468,41.3022],[28.61482,41.30231],[28.61506,41.30247],[28.61523,41.30255],[28.61543,41.30265],[28.61552,41.30269],[28.61561,41.30272],[28.61571,41.30275],[28.61579,41.30275],[28.61589,41.30275],[28.61598,41.30273],[28.61606,41.30269],[28.61618,41.30258],[28.61626,41.30248],[28.61632,41.30236],[28.61639,41.30222],[28.61645,41.30199],[28.61652,41.30171],[28.61654,41.30156],[28.61654,41.30142],[28.61651,41.3013],[28.61646,41.30115],[28.61643,41.30106],[28.6164,41.30096],[28.61638,41.30086],[28.61637,41.30073],[28.61638,41.30059],[28.61645,41.30025],[28.61656,41.29991],[28.61664,41.2996],[28.61672,41.29929],[28.61679,41.29895],[28.61688,41.29813],[28.61693,41.2977],[28.61697,41.29733],[28.61697,41.29702],[28.61695,41.29682],[28.61693,41.2966],[28.61688,41.29638],[28.61673,41.29579],[28.6166,41.29525],[28.61654,41.29496],[28.6165,41.2947],[28.61649,41.29446],[28.61649,41.29428],[28.61651,41.29416],[28.61653,41.29408],[28.61654,41.29406],[28.61659,41.29397],[28.61665,41.2939],[28.61679,41.29378],[28.61711,41.29354],[28.61753,41.29318],[28.61801,41.29276],[28.6183,41.2925],[28.61857,41.29223],[28.61872,41.29209],[28.61888,41.29197],[28.61901,41.29188],[28.61924,41.29177],[28.61949,41.29165],[28.61983,41.29151],[28.62017,41.29134],[28.62054,41.29116],[28.62077,41.29103],[28.62105,41.29089],[28.62151,41.29067],[28.62177,41.29054],[28.6219,41.29047],[28.62198,41.29041],[28.62204,41.29036],[28.62208,41.29028],[28.6221,41.29023],[28.62211,41.29018],[28.62211,41.29013],[28.62209,41.29004],[28.62207,41.28995],[28.62202,41.28985],[28.62194,41.28969],[28.62184,41.28947],[28.62182,41.2894],[28.62181,41.28935],[28.62181,41.28929],[28.62182,41.28924],[28.62183,41.2892],[28.62185,41.28917],[28.6219,41.28912],[28.62197,41.28908],[28.6221,41.28901],[28.6223,41.28892],[28.62243,41.28886],[28.62253,41.2888],[28.62263,41.28873],[28.62271,41.28867],[28.62276,41.2886],[28.62281,41.28853],[28.62288,41.28838],[28.623,41.28816],[28.62311,41.28794],[28.62321,41.28775],[28.62327,41.28761],[28.62332,41.28748],[28.62336,41.28735],[28.62338,41.28724],[28.62338,41.28712],[28.62338,41.28701],[28.62338,41.28694],[28.62336,41.28684],[28.62334,41.28676],[28.6233,41.28668],[28.62324,41.28658],[28.62314,41.28644],[28.62301,41.2863],[28.62295,41.28622],[28.62287,41.28614],[28.62268,41.28598],[28.62256,41.28588],[28.62246,41.28578],[28.62235,41.28567],[28.62223,41.28554],[28.6221,41.28538],[28.62202,41.2853],[28.62193,41.28522],[28.62171,41.28506]]}},{"type":"Feature","properties":{"sinif":"trunk_link","ad":null},"geometry":{"type":"LineString","coordinates":[[28.66879,41.26901],[28.66885,41.26901],[28.66896,41.26904],[28.66903,41.26908],[28.66906,41.26911],[28.66909,41.26915]]}},{"type":"Feature","properties":{"sinif":"tertiary","ad":"Durusu Yeniköy Caddesi"},"geometry":{"type":"LineString","coordinates":[[28.67402,41.30131],[28.67407,41.30136],[28.67446,41.30178],[28.67457,41.30186],[28.67481,41.30201],[28.67514,41.30221],[28.67541,41.30235],[28.67561,41.30244],[28.67576,41.30251],[28.67605,41.3026],[28.67625,41.30265],[28.67638,41.30269],[28.67644,41.30271],[28.6765,41.30274],[28.67668,41.30288],[28.67695,41.30291],[28.67717,41.30294],[28.67727,41.30296],[28.67736,41.303],[28.67745,41.30307],[28.67758,41.3032],[28.67769,41.30328],[28.67834,41.30377],[28.67842,41.30381],[28.67849,41.30385],[28.67856,41.30387],[28.67872,41.30392],[28.67912,41.30404],[28.67933,41.30408],[28.6794,41.3041],[28.67948,41.30411],[28.67975,41.30412],[28.67991,41.30415],[28.68002,41.30419],[28.68015,41.30426],[28.68024,41.30432],[28.68049,41.30447],[28.68087,41.30472],[28.681,41.30482],[28.68124,41.30498],[28.68131,41.30501],[28.68176,41.30517],[28.68187,41.30521],[28.68223,41.30533],[28.68253,41.30543],[28.68281,41.30554],[28.6833,41.30573],[28.68372,41.30587],[28.68424,41.30606],[28.68481,41.30625],[28.68532,41.30643],[28.68627,41.30674],[28.68643,41.30684],[28.68662,41.30698],[28.68698,41.30734],[28.68734,41.30767],[28.68766,41.30789],[28.68795,41.30805],[28.68873,41.30855],[28.6896,41.30927],[28.69006,41.30953],[28.69031,41.30964],[28.69052,41.30972],[28.69071,41.30978],[28.6909,41.30981],[28.69109,41.30983],[28.69139,41.30982],[28.69173,41.3098],[28.69213,41.30977],[28.69241,41.30977],[28.69267,41.30977],[28.69301,41.30978],[28.6933,41.30981],[28.69351,41.30985],[28.69366,41.30989],[28.69378,41.30994],[28.69389,41.31002],[28.69415,41.3103],[28.69427,41.31044],[28.69455,41.31066],[28.69562,41.31113],[28.69882,41.3124],[28.69968,41.31274],[28.69983,41.31281],[28.70246,41.31398],[28.70286,41.31412],[28.70408,41.31453],[28.70513,41.31491],[28.70586,41.31516],[28.70677,41.31538],[28.70775,41.31556],[28.70885,41.31577],[28.71051,41.31599],[28.71092,41.31606],[28.71318,41.31635],[28.7145,41.31651],[28.71573,41.31667],[28.71655,41.31692],[28.71715,41.31704]]}},{"type":"Feature","properties":{"sinif":"tertiary","ad":"Özgürlük Caddesi"},"geometry":{"type":"LineString","coordinates":[[28.7189,41.32012],[28.7185,41.32049],[28.71829,41.32056],[28.71768,41.32071],[28.71715,41.32082],[28.71686,41.32091],[28.71654,41.32106],[28.71635,41.32119],[28.71625,41.32125],[28.71591,41.32141],[28.71477,41.32181],[28.7145,41.32191],[28.71402,41.3222],[28.71358,41.32246],[28.71319,41.32267],[28.71257,41.32295]]}},{"type":"Feature","properties":{"sinif":"tertiary","ad":"Erciyes Sokağı"},"geometry":{"type":"LineString","coordinates":[[28.77535,41.20255],[28.77545,41.20269],[28.77574,41.20309],[28.77581,41.20322],[28.77587,41.20338],[28.77596,41.20363],[28.77602,41.20377],[28.77609,41.2039],[28.77623,41.20412],[28.7764,41.20438],[28.77666,41.20479],[28.7768,41.20503],[28.77689,41.20518],[28.77693,41.20531],[28.77695,41.20543],[28.77697,41.20553],[28.77697,41.20568],[28.77694,41.20587],[28.77689,41.20603],[28.77684,41.2062],[28.77678,41.20646],[28.77674,41.20665],[28.77671,41.20683],[28.77668,41.20702],[28.77669,41.20717],[28.77671,41.20732],[28.77674,41.20748],[28.77681,41.20788],[28.7769,41.20834],[28.77694,41.20867],[28.777,41.2092],[28.77702,41.2095],[28.77701,41.20961],[28.777,41.20968],[28.77697,41.20973],[28.77688,41.2098],[28.77682,41.20983],[28.77672,41.20987],[28.77654,41.20992],[28.77636,41.20998],[28.77619,41.21005],[28.77605,41.21013],[28.77589,41.21025],[28.77568,41.21044],[28.77543,41.21068],[28.7753,41.2108],[28.77511,41.21093],[28.775,41.21099]]}},{"type":"Feature","properties":{"sinif":"tertiary","ad":"Yeşilova Caddesi"},"geometry":{"type":"LineString","coordinates":[[28.75549,41.22292],[28.75538,41.22288],[28.75497,41.22254],[28.75475,41.22228],[28.75454,41.22204],[28.75389,41.22124],[28.75368,41.22094],[28.75358,41.22077],[28.75348,41.22066],[28.7533,41.22047],[28.75322,41.22038],[28.7531,41.22025],[28.75298,41.22009],[28.75287,41.21994],[28.75283,41.21989],[28.75257,41.21972],[28.75239,41.2196],[28.752,41.21939],[28.75139,41.21926],[28.75114,41.21922],[28.751,41.21918],[28.75054,41.21911],[28.75038,41.21912],[28.75005,41.21911],[28.74974,41.21916],[28.74927,41.21922],[28.74897,41.21932],[28.74849,41.21959]]}},{"type":"Feature","properties":{"sinif":"secondary","ad":"Sevban Mehmet Caddesi"},"geometry":{"type":"LineString","coordinates":[[28.7286,41.20502],[28.72862,41.20507],[28.72868,41.20522],[28.7288,41.20554],[28.72902,41.20588],[28.72909,41.20598],[28.72932,41.20625],[28.72941,41.20634],[28.72964,41.20657],[28.72984,41.20678],[28.72997,41.2069],[28.73004,41.207],[28.73027,41.20723],[28.73049,41.20739],[28.73072,41.20752],[28.73136,41.20772],[28.73169,41.20782],[28.73197,41.20791],[28.73234,41.20803],[28.7328,41.20819],[28.73295,41.20824],[28.73304,41.20827],[28.73314,41.20832],[28.73332,41.20841],[28.73349,41.20854],[28.73367,41.20869],[28.73389,41.20886],[28.7343,41.20918],[28.73477,41.20955],[28.7349,41.20965],[28.73527,41.20994],[28.73557,41.21017],[28.73562,41.21021],[28.73578,41.21035],[28.73598,41.21049],[28.736,41.21051],[28.73611,41.21059],[28.73623,41.21066],[28.73632,41.21072],[28.73644,41.21081],[28.73654,41.21087],[28.73669,41.21094],[28.73676,41.21097],[28.73693,41.21102],[28.73732,41.2111],[28.73736,41.21111],[28.73753,41.21114],[28.73777,41.21119],[28.73812,41.21125],[28.73816,41.21126],[28.73859,41.21135],[28.73892,41.21141],[28.73927,41.21148],[28.73944,41.21151],[28.73967,41.21155],[28.74043,41.2117],[28.74056,41.21172],[28.74083,41.21177],[28.74109,41.21183],[28.74126,41.21186],[28.74245,41.21209],[28.74269,41.21213],[28.74344,41.21227],[28.74367,41.21239],[28.74394,41.21278],[28.7441,41.21299],[28.74472,41.21385],[28.74543,41.21483],[28.74551,41.21491],[28.74571,41.21508]]}},{"type":"Feature","properties":{"sinif":"tertiary","ad":"Erciyes Sokağı"},"geometry":{"type":"LineString","coordinates":[[28.76874,41.19226],[28.76892,41.19248],[28.76909,41.19274],[28.76923,41.193],[28.76929,41.19313],[28.76942,41.19339],[28.76959,41.1937],[28.7697,41.19385],[28.76981,41.19398],[28.76994,41.19411],[28.77008,41.19425],[28.77041,41.19447],[28.77059,41.19458],[28.77078,41.19467],[28.77104,41.19473],[28.77129,41.19476],[28.77152,41.19476],[28.77185,41.19475],[28.77221,41.19473],[28.77273,41.19469],[28.77306,41.19468],[28.7732,41.19469],[28.77336,41.19473],[28.77347,41.19478],[28.77353,41.19484],[28.77359,41.19493],[28.77367,41.19507],[28.77385,41.1955],[28.77405,41.19605],[28.77417,41.19634],[28.77421,41.19649],[28.77427,41.19684],[28.7743,41.19721],[28.77432,41.19758],[28.77435,41.19772],[28.77438,41.19791],[28.77441,41.19812],[28.77441,41.19829],[28.77437,41.19861],[28.77436,41.19879],[28.77435,41.19906],[28.77435,41.19929],[28.77437,41.19963],[28.7744,41.19991],[28.77442,41.20015],[28.77442,41.20046],[28.77442,41.20074],[28.77443,41.20101],[28.77445,41.20121],[28.77448,41.20132],[28.77454,41.20143],[28.77465,41.20156],[28.77481,41.20172],[28.7749,41.20182],[28.77498,41.20193],[28.7751,41.20216],[28.77535,41.20255]]}},{"type":"Feature","properties":{"sinif":"tertiary","ad":null},"geometry":{"type":"LineString","coordinates":[[28.73941,41.19028],[28.73938,41.1904],[28.73963,41.19076],[28.7397,41.19095],[28.73971,41.19098],[28.73978,41.19115],[28.73982,41.19137],[28.73985,41.1915],[28.73992,41.19181],[28.73995,41.19194],[28.73997,41.19208],[28.74,41.19222],[28.74005,41.1923],[28.74012,41.19244],[28.74016,41.19251],[28.74027,41.19267],[28.74052,41.19303],[28.74069,41.19335],[28.74078,41.19356],[28.74097,41.19411]]}},{"type":"Feature","properties":{"sinif":"tertiary","ad":null},"geometry":{"type":"LineString","coordinates":[[28.7424,41.20256],[28.7425,41.20279],[28.74253,41.20287],[28.74263,41.20314],[28.74268,41.20328],[28.74268,41.20346],[28.74268,41.20363],[28.74267,41.20385],[28.74266,41.20405],[28.74265,41.20423],[28.74262,41.20438],[28.74258,41.2046],[28.74256,41.20469],[28.74243,41.20489],[28.74241,41.20509],[28.7424,41.20518],[28.74238,41.20545],[28.74236,41.2056],[28.74234,41.20576],[28.74233,41.2059],[28.7423,41.20614],[28.74227,41.20633],[28.74226,41.20638],[28.74227,41.20645],[28.74228,41.20656],[28.74231,41.20694],[28.74234,41.2072],[28.74235,41.20731],[28.74237,41.20757],[28.7424,41.20795],[28.74245,41.20859],[28.74243,41.20927]]}},{"type":"Feature","properties":{"sinif":"tertiary","ad":null},"geometry":{"type":"LineString","coordinates":[[28.70229,41.17618],[28.70245,41.17625],[28.70255,41.17629],[28.70272,41.17631],[28.70292,41.17632],[28.70309,41.17634],[28.70327,41.17639],[28.70345,41.17647],[28.70377,41.17664],[28.70383,41.17667],[28.70404,41.17676],[28.70417,41.1768],[28.70432,41.17685],[28.70463,41.17689],[28.70494,41.17691],[28.70506,41.17688],[28.70519,41.17685],[28.70545,41.17676],[28.70555,41.17671],[28.70568,41.17665],[28.70591,41.17654],[28.70611,41.17642],[28.70627,41.17633],[28.70637,41.17632],[28.70655,41.17633],[28.7066,41.17634],[28.70712,41.17644],[28.70722,41.17646],[28.70765,41.17656],[28.70814,41.17667],[28.70852,41.17676],[28.709,41.17692],[28.70957,41.1772],[28.70977,41.1773],[28.70997,41.17742],[28.71005,41.17746],[28.71012,41.1775],[28.71018,41.17753],[28.71054,41.17775],[28.71095,41.17799],[28.71113,41.17809]]}},{"type":"Feature","properties":{"sinif":"primary","ad":"Haraççı - Hadımköy Yolu"},"geometry":{"type":"LineString","coordinates":[[28.70601,41.18321],[28.70611,41.18307],[28.70614,41.18301],[28.70617,41.18295],[28.70622,41.18286],[28.70622,41.1828],[28.70622,41.18274],[28.70619,41.18266],[28.70608,41.18249],[28.70595,41.18231],[28.70585,41.18219],[28.7058,41.18213],[28.70565,41.18193],[28.70531,41.18152],[28.70487,41.18101],[28.70446,41.18058],[28.70407,41.18025],[28.70362,41.1799],[28.70296,41.17938],[28.70253,41.17909]]}},{"type":"Feature","properties":{"sinif":"tertiary","ad":"Ayşıl Sokağı"},"geometry":{"type":"LineString","coordinates":[[28.74511,41.18178],[28.74465,41.18202],[28.74436,41.1822],[28.74412,41.18236],[28.74372,41.1826],[28.74349,41.18272],[28.74341,41.18276],[28.74329,41.18279],[28.7429,41.18289],[28.74255,41.18316],[28.74223,41.18357],[28.74176,41.18434]]}},{"type":"Feature","properties":{"sinif":"secondary","ad":"Demircan Sokağı"},"geometry":{"type":"LineString","coordinates":[[28.73991,41.18398],[28.73985,41.18388],[28.73979,41.18382],[28.73944,41.1836],[28.73927,41.18346],[28.739,41.18325],[28.73894,41.18321],[28.73887,41.18319],[28.73881,41.18316],[28.73875,41.18313],[28.73867,41.18307],[28.7385,41.18292],[28.73842,41.18288],[28.73835,41.18284],[28.73823,41.18281],[28.7379,41.18267],[28.73763,41.18256],[28.73753,41.18251],[28.73744,41.18243],[28.73736,41.18235],[28.73724,41.18221],[28.73718,41.18213],[28.73713,41.18205],[28.7371,41.18196],[28.73709,41.18187],[28.73711,41.18179],[28.73713,41.18161],[28.73715,41.18141],[28.73716,41.18139],[28.73715,41.18134],[28.73712,41.18124],[28.7371,41.18114],[28.737,41.18089],[28.7367,41.18018]]}},{"type":"Feature","properties":{"sinif":"tertiary","ad":null},"geometry":{"type":"LineString","coordinates":[[28.77249,41.18168],[28.77241,41.18167],[28.77232,41.18166]]}},{"type":"Feature","properties":{"sinif":"tertiary","ad":null},"geometry":{"type":"LineString","coordinates":[[28.73313,41.20155],[28.73297,41.20142],[28.73288,41.20136],[28.73273,41.2013],[28.73263,41.20126],[28.73238,41.20119],[28.73234,41.20117],[28.7321,41.20113],[28.73179,41.20112],[28.73149,41.20112],[28.73127,41.20116],[28.73092,41.20123],[28.73074,41.20127],[28.73061,41.20131],[28.73028,41.20142],[28.73014,41.20146],[28.72987,41.20157],[28.72944,41.20173],[28.72915,41.20179],[28.72894,41.20179],[28.72884,41.20178],[28.72859,41.20169],[28.72825,41.20147],[28.72811,41.20134],[28.72807,41.20129],[28.72797,41.20115],[28.72791,41.20105],[28.72785,41.20094],[28.7276,41.20035],[28.72757,41.20029],[28.72737,41.1998],[28.72716,41.19941],[28.72684,41.19887],[28.72678,41.19877],[28.72659,41.19852],[28.7265,41.19846]]}},{"type":"Feature","properties":{"sinif":"secondary","ad":"Necip Fazıl Caddesi"},"geometry":{"type":"LineString","coordinates":[[28.76241,41.18581],[28.76234,41.18591],[28.76215,41.18615],[28.76207,41.18625],[28.76201,41.18632],[28.76196,41.18635],[28.76185,41.18639],[28.76175,41.18641],[28.76166,41.18642],[28.76156,41.18642],[28.7615,41.18641],[28.761,41.18628],[28.7607,41.18621],[28.76043,41.18614],[28.76034,41.18611],[28.76028,41.18608],[28.76015,41.186],[28.76005,41.18597],[28.75997,41.18594],[28.75982,41.18594],[28.75971,41.18594],[28.75951,41.18595],[28.75935,41.18595],[28.75914,41.18596],[28.75864,41.18589],[28.75826,41.18586],[28.75769,41.18583]]}},{"type":"Feature","properties":{"sinif":"tertiary","ad":"Hicret Sokağı"},"geometry":{"type":"LineString","coordinates":[[28.75314,41.19609],[28.75326,41.19605],[28.75352,41.19597],[28.7541,41.19577],[28.75444,41.19565],[28.75459,41.1956],[28.75474,41.19553],[28.75489,41.1954],[28.75493,41.19533]]}},{"type":"Feature","properties":{"sinif":"tertiary","ad":"İmrahor Caddesi"},"geometry":{"type":"LineString","coordinates":[[28.74645,41.21599],[28.74616,41.21622],[28.74582,41.21654],[28.74568,41.21665],[28.74531,41.21681],[28.74525,41.21688],[28.74503,41.21716],[28.74481,41.21734],[28.74418,41.21757],[28.74379,41.21774],[28.74323,41.21797],[28.74275,41.21826],[28.74242,41.21847],[28.74224,41.21858],[28.74193,41.21877],[28.74181,41.21885],[28.74163,41.21897],[28.74112,41.21931]]}},{"type":"Feature","properties":{"sinif":"tertiary","ad":"Selahattin Eyyubi Caddesi"},"geometry":{"type":"LineString","coordinates":[[28.76318,41.19633],[28.76324,41.19617],[28.7633,41.196],[28.76336,41.19586],[28.76342,41.19571],[28.76347,41.19561],[28.76353,41.19546],[28.76359,41.19527],[28.76357,41.1952],[28.76354,41.19512],[28.76348,41.1949],[28.76341,41.1946],[28.76342,41.19437],[28.76346,41.19419],[28.76349,41.19404],[28.76355,41.19377],[28.76361,41.19357],[28.76366,41.19337],[28.76375,41.19312],[28.76381,41.19297],[28.76387,41.19284],[28.76397,41.19268],[28.76404,41.19254],[28.76411,41.19245],[28.76414,41.19241],[28.76429,41.1922],[28.76438,41.19207],[28.76445,41.19194],[28.76448,41.19186],[28.76449,41.19176],[28.76448,41.19167],[28.76443,41.19132],[28.76441,41.19125]]}},{"type":"Feature","properties":{"sinif":"secondary","ad":"Milli Egemenlik Caddesi"},"geometry":{"type":"LineString","coordinates":[[28.77047,41.18081],[28.7706,41.18081],[28.77084,41.18081],[28.77099,41.18081]]}},{"type":"Feature","properties":{"sinif":"tertiary","ad":"Hüma Caddesi"},"geometry":{"type":"LineString","coordinates":[[28.76651,41.18924],[28.76599,41.18899],[28.76574,41.18887],[28.76545,41.18872],[28.76513,41.18854],[28.76504,41.18846],[28.76489,41.18831],[28.7648,41.18822],[28.76472,41.18813],[28.76466,41.18806],[28.7646,41.18797],[28.76449,41.18776],[28.76442,41.18767],[28.76436,41.18758],[28.76427,41.18749],[28.76418,41.18744],[28.76392,41.18728],[28.76372,41.18717],[28.76345,41.18703],[28.76323,41.18693],[28.76294,41.1868],[28.76284,41.18676],[28.76251,41.18664],[28.76227,41.18654],[28.76218,41.18649],[28.76211,41.18645],[28.76204,41.18641],[28.76196,41.18635]]}},{"type":"Feature","properties":{"sinif":"tertiary","ad":"Devlet Caddesi"},"geometry":{"type":"LineString","coordinates":[[28.77686,41.18073],[28.77692,41.18073],[28.77714,41.18073],[28.7773,41.18074],[28.77745,41.18074],[28.77758,41.18073],[28.77772,41.18072],[28.77786,41.18069],[28.77801,41.18066],[28.77824,41.1806],[28.7784,41.18055],[28.77852,41.1805],[28.77866,41.18044],[28.77874,41.1804],[28.77879,41.18036],[28.77886,41.18029],[28.77889,41.18024],[28.77893,41.18019],[28.77899,41.18011],[28.77905,41.18],[28.77912,41.17991],[28.77918,41.17984],[28.77929,41.17977],[28.7794,41.1797],[28.77965,41.17955],[28.77985,41.17942],[28.77995,41.17935],[28.78002,41.17928],[28.78008,41.17922],[28.78015,41.17914],[28.78028,41.17898],[28.78036,41.17891],[28.78048,41.17883],[28.78056,41.17878],[28.78068,41.17871],[28.78103,41.17857],[28.78121,41.17849],[28.78134,41.17843],[28.7815,41.17834],[28.78171,41.17819],[28.78199,41.17793],[28.78249,41.17742],[28.78284,41.17708],[28.7832,41.17669],[28.78359,41.17621]]}},{"type":"Feature","properties":{"sinif":"tertiary","ad":"Devlet Caddesi"},"geometry":{"type":"LineString","coordinates":[[28.78359,41.17621],[28.78375,41.17599],[28.78385,41.1759],[28.78401,41.17581],[28.78417,41.17576],[28.78437,41.17573],[28.78454,41.17573],[28.78469,41.17575],[28.78482,41.17578],[28.78495,41.17584],[28.78508,41.17592],[28.78528,41.1761],[28.78547,41.17626],[28.78557,41.17634],[28.78569,41.17641],[28.78576,41.17646],[28.78581,41.1765],[28.78587,41.17656],[28.78595,41.17667],[28.78604,41.17679],[28.78616,41.17695],[28.78624,41.17703],[28.78635,41.17713],[28.78651,41.17724],[28.78667,41.17734],[28.78681,41.17744],[28.78695,41.17755],[28.7871,41.17767],[28.78718,41.17773],[28.7873,41.17777],[28.78742,41.1778],[28.78762,41.17782],[28.78782,41.17781],[28.78801,41.17776],[28.78822,41.17769],[28.78843,41.17762],[28.78872,41.17754],[28.78892,41.17748],[28.78906,41.17743],[28.78917,41.17737],[28.78927,41.1773],[28.78937,41.17722],[28.78946,41.17712],[28.78953,41.17702],[28.78956,41.1769],[28.78958,41.17676],[28.78959,41.17665],[28.78955,41.17649],[28.7895,41.17631],[28.78941,41.17607],[28.78931,41.17584],[28.78919,41.17562],[28.78906,41.1754],[28.78897,41.17523],[28.78888,41.17498],[28.78885,41.1748],[28.78884,41.17465],[28.78884,41.17463],[28.78886,41.17451],[28.78892,41.17437],[28.78898,41.17428],[28.78903,41.17421],[28.78905,41.17419],[28.78916,41.1741],[28.78941,41.17394],[28.78971,41.17379],[28.79,41.17367],[28.7902,41.1736],[28.79039,41.17356],[28.79062,41.17354],[28.79072,41.17353],[28.79078,41.17353],[28.79093,41.17352],[28.79104,41.1735],[28.79117,41.17349],[28.7913,41.17348],[28.79148,41.17346],[28.79164,41.17344],[28.7918,41.1734],[28.79199,41.17334],[28.79222,41.17326],[28.79232,41.17323],[28.79241,41.1732],[28.79259,41.17316],[28.79261,41.17316],[28.79276,41.17314],[28.79303,41.1731],[28.79341,41.17302],[28.79413,41.1728],[28.79469,41.17264],[28.79501,41.17252],[28.79521,41.17244],[28.79535,41.17235],[28.79546,41.17226],[28.79558,41.17213],[28.79565,41.172],[28.79574,41.17181],[28.7959,41.17129],[28.79603,41.17084],[28.79611,41.17061],[28.79617,41.17048],[28.79624,41.17039],[28.79639,41.17029],[28.7967,41.17013],[28.79689,41.17006],[28.79704,41.17002],[28.79725,41.16999],[28.79738,41.16998],[28.79747,41.16998],[28.79767,41.16998],[28.7979,41.16999],[28.79814,41.17001],[28.79837,41.17005],[28.7986,41.1701],[28.79927,41.17025],[28.79975,41.17035],[28.80027,41.17045],[28.8004,41.17048],[28.80056,41.17052],[28.80068,41.17058],[28.80081,41.17065],[28.80093,41.17071],[28.80106,41.17077],[28.80142,41.17089],[28.80177,41.17101],[28.80205,41.17111],[28.80232,41.17123],[28.80264,41.17136],[28.80302,41.17149],[28.8034,41.17163],[28.80358,41.1717],[28.80378,41.17181],[28.80381,41.17182],[28.80393,41.1719],[28.80402,41.17194],[28.80425,41.17201],[28.80488,41.17218],[28.80506,41.17225],[28.80526,41.17235],[28.80543,41.17244],[28.80564,41.17255],[28.80587,41.17265],[28.80628,41.1728],[28.80654,41.17287],[28.80693,41.17292],[28.80716,41.17295],[28.80731,41.17295],[28.80795,41.17289],[28.80814,41.17287]]}},{"type":"Feature","properties":{"sinif":"tertiary","ad":"Dursunköy-Baklalı Caddesi"},"geometry":{"type":"LineString","coordinates":[[28.6443,41.21269],[28.64545,41.21333],[28.64641,41.21393],[28.6468,41.21427],[28.6489,41.21611],[28.64914,41.21642],[28.64935,41.21686],[28.64993,41.21991],[28.64995,41.22001],[28.65051,41.22292],[28.65074,41.22438],[28.65076,41.22487],[28.65074,41.22505],[28.65039,41.22733],[28.65016,41.22876],[28.64989,41.23008],[28.6498,41.23054],[28.64981,41.23092],[28.64993,41.23232],[28.65078,41.23778],[28.65111,41.24061],[28.65133,41.24217],[28.65166,41.24465]]}},{"type":"Feature","properties":{"sinif":"tertiary","ad":null},"geometry":{"type":"LineString","coordinates":[[28.63834,41.20501],[28.6386,41.20505]]}},{"type":"Feature","properties":{"sinif":"tertiary","ad":"Hadımköy-Dursunköy Caddesi"},"geometry":{"type":"LineString","coordinates":[[28.6361,41.20356],[28.63616,41.20349],[28.63639,41.20335],[28.63666,41.20321],[28.63698,41.20298],[28.63767,41.20247],[28.63811,41.2022],[28.63831,41.20207],[28.63844,41.20195],[28.63851,41.20183]]}},{"type":"Feature","properties":{"sinif":"tertiary","ad":null},"geometry":{"type":"LineString","coordinates":[[28.77398,41.18055],[28.77432,41.18037]]}},{"type":"Feature","properties":{"sinif":"primary","ad":"İstiklal Caddesi"},"geometry":{"type":"LineString","coordinates":[[28.78692,41.15299],[28.7868,41.15272],[28.78673,41.15254],[28.78666,41.15242],[28.78663,41.15237],[28.78661,41.15235],[28.78658,41.15229],[28.78655,41.15226],[28.78653,41.15222],[28.78644,41.15214],[28.78629,41.15207],[28.78602,41.15195],[28.78572,41.15181],[28.78551,41.15171],[28.78533,41.15161],[28.78419,41.15097],[28.78394,41.15082],[28.78315,41.15038],[28.78307,41.15034]]}},{"type":"Feature","properties":{"sinif":"secondary","ad":"30 Ağustos Caddesi"},"geometry":{"type":"LineString","coordinates":[[28.75383,41.1746],[28.75391,41.17469],[28.75399,41.17477],[28.75419,41.17491],[28.75439,41.17505],[28.75465,41.17522],[28.75482,41.17533],[28.75494,41.17539],[28.75506,41.17546],[28.75518,41.17552],[28.75534,41.17565],[28.75547,41.17575],[28.7556,41.17586],[28.75568,41.17598],[28.7557,41.17601],[28.75574,41.17609],[28.75578,41.17624],[28.75581,41.17639],[28.75583,41.1766],[28.75583,41.17692],[28.75582,41.17713],[28.7558,41.17728],[28.75575,41.17739],[28.75567,41.1775],[28.75561,41.17758],[28.75553,41.17767],[28.75535,41.17789],[28.75522,41.17804],[28.75512,41.17821],[28.75504,41.17837],[28.75498,41.17852],[28.75492,41.17867],[28.75486,41.17888],[28.75475,41.17925],[28.75467,41.17947],[28.75458,41.17969],[28.75452,41.17985],[28.7545,41.17995],[28.75449,41.18007],[28.75451,41.18019],[28.75456,41.1803],[28.75462,41.1804],[28.7547,41.18048],[28.7548,41.18056],[28.75497,41.18065],[28.7551,41.1807],[28.75527,41.18078],[28.7554,41.18084],[28.75561,41.18096],[28.75579,41.18103],[28.75594,41.18107],[28.75629,41.18114],[28.7565,41.18121],[28.75668,41.18128],[28.75677,41.18133]]}},{"type":"Feature","properties":{"sinif":"trunk_link","ad":null},"geometry":{"type":"LineString","coordinates":[[28.75383,41.1746],[28.7536,41.17451],[28.75351,41.17448],[28.75337,41.17443],[28.75318,41.17438],[28.75301,41.17436],[28.75285,41.17435],[28.75264,41.17435],[28.7524,41.17436]]}},{"type":"Feature","properties":{"sinif":"secondary","ad":null},"geometry":{"type":"LineString","coordinates":[[28.69849,41.18372],[28.69847,41.18356],[28.69875,41.18281],[28.69896,41.18244],[28.69897,41.18241],[28.69943,41.1818],[28.69951,41.18169],[28.69992,41.1813],[28.70006,41.18116],[28.70047,41.18083],[28.70145,41.18007],[28.70159,41.17996],[28.70183,41.17973],[28.70219,41.17929],[28.70228,41.17918],[28.70232,41.17906]]}},{"type":"Feature","properties":{"sinif":"trunk_link","ad":null},"geometry":{"type":"LineString","coordinates":[[28.75743,41.17227],[28.75729,41.17251],[28.75711,41.17275],[28.75676,41.17324],[28.75668,41.17335],[28.75661,41.17344],[28.75652,41.17353],[28.75642,41.17362],[28.75632,41.17369],[28.75622,41.17374],[28.75611,41.17379],[28.75583,41.17389],[28.75543,41.17402],[28.75521,41.1741],[28.75501,41.17418],[28.75458,41.17435],[28.75444,41.17441],[28.75419,41.1745],[28.75403,41.17455],[28.75383,41.1746]]}},{"type":"Feature","properties":{"sinif":"primary","ad":null},"geometry":{"type":"LineString","coordinates":[[28.73859,41.18639],[28.73841,41.18634],[28.73816,41.18628],[28.7379,41.18621],[28.73769,41.18611],[28.7375,41.18602],[28.73736,41.18594],[28.73721,41.18586],[28.7371,41.18579],[28.73681,41.18557],[28.73663,41.18541],[28.73651,41.18527],[28.73646,41.18518],[28.73641,41.18507],[28.73633,41.18486],[28.73626,41.1847],[28.7362,41.18452],[28.7361,41.18427]]}},{"type":"Feature","properties":{"sinif":"trunk","ad":null},"geometry":{"type":"LineString","coordinates":[[28.59227,41.25192],[28.59219,41.25159],[28.59216,41.25151],[28.5921,41.25134],[28.59203,41.25118],[28.59191,41.25095],[28.59176,41.25072],[28.59165,41.25058],[28.59152,41.25043],[28.59132,41.25022],[28.59109,41.25002],[28.5909,41.24988],[28.59073,41.24975],[28.59044,41.24958],[28.59008,41.24939],[28.58996,41.24934],[28.58966,41.24922],[28.58931,41.24911],[28.58902,41.24904],[28.58879,41.24899],[28.58851,41.24894],[28.58815,41.2489],[28.58782,41.24887],[28.58756,41.24887],[28.58735,41.24888],[28.58696,41.2489],[28.58656,41.24893],[28.58599,41.24899],[28.5856,41.24903],[28.58543,41.24905],[28.58485,41.24911],[28.58443,41.24914],[28.58409,41.24915],[28.58373,41.24917],[28.58337,41.24917],[28.58302,41.24917],[28.58268,41.24916],[28.58262,41.24916],[28.58223,41.24912],[28.58038,41.24894],[28.57655,41.24853],[28.57599,41.24848],[28.57546,41.24845],[28.57494,41.24842],[28.57444,41.24842],[28.57386,41.24843],[28.57302,41.24844],[28.57156,41.24846],[28.57023,41.24846],[28.56975,41.24844],[28.56925,41.24838],[28.56869,41.24832],[28.56819,41.24823],[28.56779,41.24815],[28.56734,41.24805],[28.56685,41.2479],[28.56647,41.24778],[28.56609,41.24763],[28.56567,41.24746],[28.56524,41.24725],[28.56487,41.24706],[28.56459,41.24688],[28.56428,41.24669],[28.56395,41.24647],[28.56355,41.24615],[28.56311,41.24576],[28.56281,41.24546],[28.56254,41.24516],[28.56234,41.24492],[28.5622,41.24473],[28.56191,41.24433],[28.56159,41.24386],[28.56054,41.24236],[28.55956,41.24095],[28.55877,41.23982],[28.55811,41.23888]]}},{"type":"Feature","properties":{"sinif":"secondary","ad":null},"geometry":{"type":"LineString","coordinates":[[28.59779,41.23563],[28.59792,41.23516],[28.59792,41.23484],[28.5979,41.23473],[28.59772,41.23405],[28.59759,41.23341],[28.59756,41.23323],[28.59745,41.23262],[28.59734,41.23221],[28.59694,41.23045],[28.59679,41.23011],[28.59654,41.2297],[28.5961,41.229],[28.59583,41.22877],[28.59521,41.22836],[28.59512,41.22829]]}},{"type":"Feature","properties":{"sinif":"tertiary","ad":null},"geometry":{"type":"LineString","coordinates":[[28.61191,41.30486],[28.61212,41.30499],[28.61225,41.30511],[28.61233,41.3053],[28.61244,41.30558],[28.61247,41.30571],[28.61245,41.30587],[28.61233,41.30603],[28.61228,41.30608],[28.61213,41.30623],[28.61207,41.3064],[28.61211,41.30659],[28.61217,41.30679],[28.61214,41.30701],[28.61198,41.30777],[28.61196,41.30798],[28.61204,41.30822],[28.61215,41.30861],[28.61222,41.30903],[28.61231,41.3092],[28.61237,41.30938],[28.61247,41.30945],[28.61268,41.30963],[28.61273,41.30978],[28.61274,41.30997],[28.61283,41.31007]]}},{"type":"Feature","properties":{"sinif":"trunk_link","ad":null},"geometry":{"type":"LineString","coordinates":[[28.73137,41.18045],[28.73148,41.18048]]}},{"type":"Feature","properties":{"sinif":"tertiary","ad":"Düldül Sokağı"},"geometry":{"type":"LineString","coordinates":[[28.73754,41.18401],[28.73767,41.18408],[28.73784,41.18417],[28.738,41.18422],[28.73877,41.18436],[28.73944,41.1845],[28.73996,41.18469],[28.74031,41.18484],[28.74044,41.1849],[28.74056,41.18497],[28.74061,41.18503],[28.74062,41.18508],[28.74062,41.18515]]}},{"type":"Feature","properties":{"sinif":"tertiary","ad":"Fazlı Sokağı"},"geometry":{"type":"LineString","coordinates":[[28.75404,41.18771],[28.75343,41.18679],[28.75335,41.18664],[28.75322,41.18638],[28.75305,41.18599]]}},{"type":"Feature","properties":{"sinif":"tertiary","ad":"Baba Nakkaş Caddesi"},"geometry":{"type":"LineString","coordinates":[[28.56362,41.17689],[28.56428,41.17651],[28.56587,41.17556],[28.56751,41.1746],[28.56824,41.17415],[28.56872,41.17387],[28.56958,41.17335],[28.57092,41.17245],[28.57121,41.17221],[28.57141,41.17199],[28.5715,41.17182],[28.57156,41.17163],[28.57157,41.17146],[28.57156,41.171],[28.57153,41.17032],[28.57152,41.16995],[28.57148,41.16979],[28.57134,41.16944],[28.57129,41.16924],[28.57126,41.16904],[28.57128,41.16863],[28.57135,41.16805],[28.57143,41.16771],[28.57149,41.16747],[28.57156,41.16731],[28.57168,41.1671],[28.57189,41.16687],[28.57221,41.16652],[28.57233,41.16639],[28.5727,41.16602],[28.57307,41.1657],[28.57335,41.16549],[28.57387,41.16514],[28.5741,41.16499],[28.57427,41.16483],[28.57437,41.1647],[28.57443,41.16454],[28.57455,41.16408],[28.57488,41.16264],[28.5751,41.16169],[28.57526,41.16115],[28.57537,41.1609],[28.57554,41.16059],[28.57565,41.16044],[28.57578,41.16033],[28.57599,41.16022],[28.57655,41.15989],[28.57704,41.15961],[28.57716,41.15951],[28.57726,41.15939],[28.57733,41.15926],[28.57743,41.15901],[28.57775,41.15823],[28.57811,41.15731],[28.57819,41.15711],[28.57835,41.1568],[28.57857,41.15648],[28.57919,41.1556],[28.57978,41.15477],[28.57991,41.15459],[28.58007,41.15439],[28.58023,41.15425],[28.58044,41.15408],[28.58089,41.15378],[28.5816,41.15335],[28.5818,41.1532],[28.58196,41.15306],[28.58211,41.15289],[28.58241,41.15255],[28.58276,41.15206],[28.583,41.15177],[28.58353,41.15113],[28.58443,41.14998],[28.58494,41.14937],[28.58512,41.14916],[28.58531,41.14898],[28.58556,41.14886],[28.58566,41.14881],[28.58591,41.14868],[28.58615,41.14851],[28.58659,41.14818],[28.58736,41.14753],[28.58789,41.14705],[28.58858,41.14642],[28.5888,41.14613],[28.5891,41.1457],[28.58948,41.14506],[28.59014,41.144],[28.59084,41.14287],[28.59128,41.14215],[28.59142,41.14199],[28.59168,41.14174],[28.59199,41.14149],[28.59245,41.14109],[28.59267,41.14087],[28.59284,41.14066],[28.59301,41.14046],[28.59315,41.14023],[28.59325,41.13996],[28.59337,41.1396],[28.59349,41.13924],[28.59357,41.13911],[28.59367,41.13899],[28.59378,41.13889],[28.59395,41.1388]]}},{"type":"Feature","properties":{"sinif":"secondary","ad":"Hadımköy Caddesi"},"geometry":{"type":"LineString","coordinates":[[28.5971,41.1831],[28.59717,41.18314],[28.59728,41.18324],[28.59742,41.18336],[28.59756,41.18352],[28.5977,41.18374],[28.59786,41.18405],[28.59806,41.18452],[28.59816,41.18491],[28.59821,41.18518],[28.59821,41.18565],[28.59813,41.18623],[28.59803,41.18702]]}},{"type":"Feature","properties":{"sinif":"secondary","ad":"Hadımköy Caddesi"},"geometry":{"type":"LineString","coordinates":[[28.59548,41.19262],[28.59546,41.19246],[28.59547,41.19234],[28.5955,41.19223],[28.5956,41.19212],[28.59578,41.19202],[28.59597,41.19199],[28.59622,41.19197],[28.59641,41.19195],[28.59656,41.1919],[28.59668,41.19181],[28.59677,41.19166],[28.59695,41.19118],[28.5972,41.19042],[28.59726,41.19018],[28.5973,41.19004],[28.5975,41.18924],[28.5978,41.18791],[28.59792,41.187]]}},{"type":"Feature","properties":{"sinif":"secondary","ad":"Hadımköy Caddesi"},"geometry":{"type":"LineString","coordinates":[[28.59548,41.19262],[28.59548,41.19306],[28.59544,41.19325],[28.59535,41.19338],[28.59519,41.19348],[28.59492,41.19356],[28.59455,41.19369],[28.59435,41.19382],[28.59422,41.19398],[28.59405,41.19432],[28.59368,41.195],[28.5929,41.19612],[28.59247,41.19683],[28.59214,41.1975],[28.59198,41.19787],[28.59131,41.19937],[28.59042,41.20132],[28.59022,41.20178]]}},{"type":"Feature","properties":{"sinif":"tertiary","ad":null},"geometry":{"type":"LineString","coordinates":[[28.55637,41.18898],[28.55639,41.18911],[28.55646,41.18919],[28.55661,41.18923],[28.55699,41.18924],[28.55888,41.18921],[28.55937,41.18924],[28.55979,41.18935],[28.55998,41.18947],[28.56006,41.18952],[28.56065,41.18993],[28.56081,41.19003],[28.56139,41.19038],[28.56289,41.19135],[28.56402,41.19208],[28.56468,41.19246],[28.56503,41.19263],[28.56651,41.19333],[28.567,41.19363],[28.5674,41.19398],[28.56768,41.19434],[28.56787,41.19472],[28.56832,41.1955],[28.56878,41.19636],[28.56903,41.19662],[28.56935,41.19685],[28.57002,41.1971],[28.57063,41.19734],[28.57093,41.19747],[28.57104,41.19754],[28.57114,41.19761],[28.57126,41.19773],[28.57149,41.19801],[28.57175,41.19832],[28.57275,41.19939],[28.57356,41.20034],[28.57401,41.20091],[28.5742,41.20114],[28.57497,41.20209],[28.5752,41.20237],[28.57637,41.20383],[28.5765,41.20397],[28.57691,41.20447],[28.57728,41.20484],[28.57773,41.20521],[28.57858,41.20597],[28.57925,41.20652],[28.57993,41.207],[28.58063,41.20749],[28.58099,41.20774],[28.58133,41.20797],[28.5816,41.20816],[28.58195,41.20841],[28.58227,41.20872],[28.58314,41.20959],[28.58366,41.21015],[28.58443,41.21084],[28.58493,41.21121],[28.58561,41.21158],[28.58808,41.21253],[28.58914,41.21298]]}},{"type":"Feature","properties":{"sinif":"tertiary","ad":null},"geometry":{"type":"LineString","coordinates":[[28.60209,41.26409],[28.60254,41.26375],[28.60269,41.26363],[28.60283,41.26353],[28.60296,41.26344],[28.60337,41.2632],[28.60369,41.26308],[28.60414,41.26298],[28.60435,41.26297],[28.6047,41.26305],[28.60487,41.26304],[28.60532,41.26295],[28.60565,41.26282],[28.60622,41.26257],[28.60651,41.26241],[28.60688,41.26218],[28.6073,41.26194],[28.60743,41.26187],[28.60766,41.26176],[28.60796,41.2617],[28.6084,41.26162],[28.60885,41.26158],[28.60942,41.26154],[28.60981,41.26149],[28.61017,41.26145],[28.61046,41.26145],[28.61066,41.26147],[28.61082,41.2615],[28.611,41.26159],[28.6113,41.26186],[28.61139,41.26193],[28.6116,41.26207],[28.6118,41.26216],[28.61209,41.26226],[28.61229,41.26232],[28.61258,41.26236],[28.61317,41.2624],[28.61357,41.2624],[28.61406,41.26238],[28.61444,41.26234],[28.61501,41.26232],[28.61542,41.26233],[28.61602,41.26239],[28.61664,41.26248],[28.61719,41.26251],[28.61772,41.2625],[28.61854,41.26237],[28.61877,41.26233],[28.61903,41.26232],[28.61926,41.26235],[28.61955,41.26241],[28.62035,41.26272],[28.62065,41.26279],[28.62084,41.26281],[28.62201,41.26274],[28.62228,41.26267],[28.62252,41.26258],[28.62294,41.26238],[28.62341,41.26212],[28.62352,41.26208],[28.62367,41.26205],[28.62383,41.26203],[28.62452,41.26216],[28.62472,41.26219],[28.62501,41.26216],[28.62517,41.26215]]}},{"type":"Feature","properties":{"sinif":"tertiary","ad":"Boyalık Caddesi"},"geometry":{"type":"LineString","coordinates":[[28.63271,41.28096],[28.63286,41.2815],[28.63297,41.28189],[28.63316,41.28222],[28.6335,41.28255],[28.63404,41.28319],[28.63415,41.28332],[28.63426,41.28349],[28.63433,41.2836],[28.63439,41.28373],[28.63444,41.28389],[28.63465,41.2847],[28.63468,41.28486],[28.6347,41.28506],[28.6347,41.28527],[28.63469,41.28553],[28.63464,41.28648],[28.63465,41.2868],[28.63464,41.28706],[28.63465,41.28779],[28.63461,41.28839],[28.63461,41.28862],[28.63462,41.28879],[28.63464,41.28905],[28.63466,41.28925],[28.63469,41.28938],[28.63473,41.28951],[28.63478,41.28962],[28.63484,41.28974],[28.63494,41.2899],[28.63509,41.2901],[28.63522,41.29027],[28.63535,41.29043],[28.63546,41.29058],[28.63555,41.29073],[28.63561,41.29083],[28.63566,41.29096],[28.63569,41.29109],[28.6357,41.29118],[28.6357,41.29127],[28.63569,41.29136],[28.63566,41.29149],[28.63562,41.29163],[28.63557,41.29178],[28.6355,41.29192],[28.6354,41.29209],[28.63525,41.29232],[28.63518,41.29244],[28.63514,41.29257],[28.63513,41.29268],[28.63513,41.29279],[28.63516,41.29293],[28.63521,41.29306],[28.63529,41.29324],[28.6354,41.29343],[28.63553,41.29366],[28.63561,41.29382],[28.63567,41.29399],[28.6357,41.2941],[28.63571,41.29422],[28.63572,41.29433],[28.63571,41.29447],[28.63568,41.29464],[28.63561,41.2949],[28.63553,41.29513],[28.63543,41.29539],[28.6352,41.29583],[28.6351,41.29607],[28.63506,41.2962],[28.63505,41.29633],[28.63505,41.29644],[28.63507,41.29655],[28.6351,41.29666],[28.63516,41.29676],[28.63525,41.2969],[28.63535,41.29702],[28.63545,41.29713],[28.63566,41.29734],[28.63573,41.29742],[28.63577,41.2975],[28.63581,41.29759],[28.63604,41.29827],[28.63609,41.29838],[28.63614,41.29849],[28.6362,41.29858],[28.63626,41.29867],[28.63668,41.29932],[28.63674,41.29945],[28.63679,41.29958],[28.63684,41.29973],[28.63687,41.29986],[28.63687,41.29996],[28.63687,41.30005],[28.63684,41.30022],[28.63674,41.30066],[28.63663,41.30113],[28.63654,41.30171],[28.63645,41.30211],[28.63624,41.30309],[28.63616,41.30352],[28.63614,41.30369],[28.63614,41.30384],[28.63616,41.304],[28.6362,41.30416],[28.63628,41.30434],[28.63637,41.30449],[28.63645,41.30463],[28.63666,41.3049],[28.63674,41.30504],[28.63679,41.30514],[28.63683,41.30524],[28.63685,41.30532],[28.63688,41.30555],[28.63688,41.30566],[28.63686,41.30573],[28.63683,41.30581],[28.63677,41.3059],[28.63669,41.30599],[28.63662,41.30604],[28.63655,41.30608],[28.63631,41.30619],[28.63571,41.30643],[28.63537,41.30655],[28.63499,41.30667],[28.63386,41.30697],[28.63272,41.30726],[28.63117,41.30769],[28.63104,41.30772],[28.63087,41.30775],[28.63067,41.30777],[28.63046,41.30778],[28.63023,41.30777],[28.62982,41.30777],[28.62965,41.30779],[28.62955,41.30781],[28.62939,41.30785],[28.62927,41.30791],[28.62916,41.30798],[28.62907,41.30804],[28.62867,41.30839],[28.62852,41.30852],[28.62837,41.30864],[28.62811,41.30884],[28.62788,41.30899],[28.62766,41.30913],[28.62746,41.30925],[28.62717,41.30936],[28.6269,41.30944],[28.62661,41.30955],[28.62638,41.30964],[28.62599,41.30984],[28.62491,41.31039],[28.62465,41.3105],[28.62433,41.31061],[28.62394,41.3107],[28.62358,41.31075],[28.62311,41.31079],[28.6222,41.31081],[28.62174,41.3108],[28.62138,41.31078],[28.62102,41.31074],[28.62096,41.31074],[28.62053,41.3107],[28.6202,41.3107],[28.61991,41.31072],[28.61957,41.31076],[28.61924,41.31082],[28.61908,41.31084],[28.61889,41.31083],[28.6187,41.3108],[28.61848,41.31074],[28.61824,41.31067],[28.61769,41.3105],[28.61726,41.31036],[28.61695,41.3103],[28.61666,41.31028],[28.61637,41.31028],[28.61602,41.31029],[28.61571,41.31031],[28.61536,41.31038],[28.61517,41.31046],[28.61502,41.31056],[28.61493,41.31064],[28.61473,41.31092],[28.61456,41.31118],[28.61413,41.31189],[28.61396,41.31213],[28.61386,41.31223],[28.61368,41.31237],[28.61354,41.31249]]}},{"type":"Feature","properties":{"sinif":"tertiary","ad":null},"geometry":{"type":"LineString","coordinates":[[28.62171,41.28506],[28.62157,41.28497],[28.62146,41.2849],[28.62134,41.28483],[28.62122,41.28478],[28.62112,41.28475],[28.62092,41.28469],[28.62065,41.28463],[28.62031,41.28453],[28.62002,41.28443],[28.61978,41.28434],[28.6196,41.28426],[28.6194,41.28416],[28.61919,41.28406],[28.6189,41.28392],[28.61871,41.2838],[28.6185,41.28365],[28.61834,41.28354],[28.61822,41.28345],[28.6181,41.28336],[28.61801,41.28328],[28.6179,41.28318],[28.6178,41.28308],[28.61763,41.2829],[28.61754,41.28281],[28.61743,41.28268],[28.61725,41.2825]]}},{"type":"Feature","properties":{"sinif":"tertiary","ad":null},"geometry":{"type":"LineString","coordinates":[[28.6228,41.28479],[28.62268,41.2848],[28.62243,41.2848],[28.62233,41.28481],[28.62214,41.2848],[28.62201,41.2848],[28.62195,41.2848],[28.62189,41.28481],[28.62183,41.28483],[28.62178,41.28485],[28.62174,41.28487],[28.6217,41.28491],[28.62168,41.28493],[28.62167,41.28496],[28.62166,41.28498],[28.62167,41.28501],[28.62169,41.28503],[28.62171,41.28506]]}},{"type":"Feature","properties":{"sinif":"trunk","ad":null},"geometry":{"type":"LineString","coordinates":[[28.6545,41.27539],[28.65485,41.27523],[28.65512,41.27511],[28.65532,41.27501],[28.65553,41.27492],[28.65571,41.27485],[28.65592,41.27478],[28.65612,41.27472],[28.65632,41.27466],[28.6565,41.27462],[28.65677,41.27456],[28.65708,41.27451],[28.65738,41.27447],[28.65761,41.27444],[28.6579,41.27442],[28.65851,41.27439],[28.65919,41.27436],[28.65984,41.27432],[28.66058,41.27429],[28.66109,41.27426]]}},{"type":"Feature","properties":{"sinif":"trunk","ad":null},"geometry":{"type":"LineString","coordinates":[[28.66109,41.27437],[28.65982,41.27443],[28.65902,41.27447],[28.65822,41.27451],[28.65782,41.27453],[28.65757,41.27455],[28.65736,41.27457],[28.65709,41.27461],[28.65681,41.27466],[28.65654,41.27472],[28.6563,41.27478],[28.65605,41.27485],[28.65581,41.27493],[28.65557,41.27502],[28.65535,41.27511],[28.65512,41.27522],[28.65458,41.27547]]}},{"type":"Feature","properties":{"sinif":"trunk","ad":null},"geometry":{"type":"LineString","coordinates":[[28.65458,41.27547],[28.65435,41.27558]]}},{"type":"Feature","properties":{"sinif":"trunk","ad":null},"geometry":{"type":"LineString","coordinates":[[28.66128,41.27435],[28.66109,41.27437]]}},{"type":"Feature","properties":{"sinif":"trunk","ad":null},"geometry":{"type":"LineString","coordinates":[[28.6543,41.27548],[28.6545,41.27539]]}},{"type":"Feature","properties":{"sinif":"trunk","ad":null},"geometry":{"type":"LineString","coordinates":[[28.66109,41.27426],[28.66129,41.27425]]}},{"type":"Feature","properties":{"sinif":"trunk","ad":null},"geometry":{"type":"LineString","coordinates":[[28.67153,41.26541],[28.67163,41.26529],[28.672,41.26485],[28.67234,41.26442],[28.67248,41.26428],[28.67261,41.26417],[28.67275,41.26407],[28.67283,41.26401],[28.67298,41.2639],[28.67381,41.26332],[28.67421,41.26306],[28.6749,41.26263],[28.67601,41.26193],[28.67671,41.26149]]}},{"type":"Feature","properties":{"sinif":"secondary","ad":null},"geometry":{"type":"LineString","coordinates":[[28.68764,41.26014],[28.68747,41.26067]]}},{"type":"Feature","properties":{"sinif":"tertiary","ad":null},"geometry":{"type":"LineString","coordinates":[[28.64288,41.27798],[28.64283,41.27775],[28.6428,41.27766],[28.64276,41.27757],[28.6427,41.27747],[28.64264,41.27737],[28.64222,41.27677],[28.64198,41.27632],[28.64111,41.27477],[28.6395,41.27204],[28.63932,41.27177],[28.63901,41.2715],[28.63615,41.26947],[28.63556,41.26903],[28.63498,41.26863],[28.63464,41.26834],[28.6323,41.2663],[28.63043,41.26479],[28.62969,41.2643],[28.6292,41.26406],[28.62873,41.26389],[28.62851,41.2637],[28.62847,41.26358],[28.62849,41.2635]]}},{"type":"Feature","properties":{"sinif":"tertiary","ad":"Tayakadın-Yassıören Caddesi"},"geometry":{"type":"LineString","coordinates":[[28.65267,41.27324],[28.65301,41.27312],[28.6532,41.27308],[28.65358,41.27309],[28.65479,41.27315],[28.65513,41.27315],[28.65537,41.27313],[28.65568,41.27301],[28.65611,41.27278],[28.65629,41.27264],[28.65644,41.27242],[28.65661,41.27197],[28.65666,41.27184],[28.65675,41.27158],[28.65686,41.27141],[28.65701,41.27131],[28.65724,41.27125],[28.65754,41.27123],[28.6578,41.27123],[28.65804,41.27127],[28.65827,41.27136],[28.6586,41.2716],[28.66,41.27264],[28.66119,41.27345],[28.66125,41.27349],[28.66133,41.27352]]}},{"type":"Feature","properties":{"sinif":"tertiary","ad":null},"geometry":{"type":"LineString","coordinates":[[28.64281,41.27844],[28.64284,41.27829],[28.64286,41.27821],[28.64287,41.2781],[28.64288,41.27798]]}},{"type":"Feature","properties":{"sinif":"primary","ad":"Hadımköy-İstanbul Caddesi"},"geometry":{"type":"LineString","coordinates":[[28.63555,41.10035],[28.63571,41.09947],[28.63581,41.09879],[28.63588,41.09799],[28.63595,41.09689],[28.63599,41.09607],[28.636,41.09561],[28.63597,41.09524],[28.63588,41.09484],[28.63565,41.09405],[28.63562,41.09394],[28.63552,41.09364],[28.6354,41.09342],[28.63532,41.09334],[28.6352,41.09325],[28.63512,41.09319],[28.63506,41.09315],[28.63501,41.09311],[28.63497,41.09307],[28.63493,41.093],[28.6349,41.09293]]}},{"type":"Feature","properties":{"sinif":"primary_link","ad":null},"geometry":{"type":"LineString","coordinates":[[28.63604,41.10039],[28.63591,41.1005],[28.63584,41.10057],[28.63578,41.10062],[28.63574,41.10069],[28.63568,41.10081],[28.63563,41.10092]]}},{"type":"Feature","properties":{"sinif":"primary","ad":"Hadımköy - İstanbul Caddesi"},"geometry":{"type":"LineString","coordinates":[[28.62545,41.12276],[28.62507,41.12457],[28.62491,41.12528],[28.62441,41.12905],[28.62433,41.1296],[28.62409,41.13121],[28.62383,41.13304],[28.62383,41.13331],[28.62388,41.13363],[28.62413,41.13417],[28.62427,41.13448],[28.62433,41.13461],[28.62444,41.13485],[28.62458,41.13517],[28.62491,41.13594],[28.62507,41.13629],[28.62551,41.1372]]}},{"type":"Feature","properties":{"sinif":"primary","ad":"Hadımköy - İstanbul Caddesi"},"geometry":{"type":"LineString","coordinates":[[28.63235,41.08934],[28.63324,41.08998]]}},{"type":"Feature","properties":{"sinif":"primary","ad":"Hadımköy-İstanbul Caddesi"},"geometry":{"type":"LineString","coordinates":[[28.63534,41.09261],[28.63578,41.09391],[28.63581,41.09402],[28.63605,41.09482],[28.63614,41.09522],[28.63615,41.09535],[28.63617,41.09561],[28.63613,41.09647],[28.63612,41.09689],[28.63605,41.09799],[28.63597,41.09881],[28.63588,41.09948],[28.63578,41.10005]]}},{"type":"Feature","properties":{"sinif":"primary_link","ad":null},"geometry":{"type":"LineString","coordinates":[[28.63534,41.09261],[28.63533,41.09277],[28.63534,41.09289],[28.63533,41.09295],[28.63528,41.093],[28.63521,41.09303],[28.63514,41.09303],[28.63508,41.09302],[28.635,41.09299],[28.63494,41.09296],[28.6349,41.09293]]}},{"type":"Feature","properties":{"sinif":"primary_link","ad":null},"geometry":{"type":"LineString","coordinates":[[28.63441,41.09086],[28.63452,41.09084],[28.63459,41.09081],[28.63466,41.09067],[28.63468,41.09048]]}},{"type":"Feature","properties":{"sinif":"tertiary","ad":null},"geometry":{"type":"LineString","coordinates":[[28.64233,41.1133],[28.64199,41.11338],[28.64162,41.11358],[28.64118,41.11397],[28.64111,41.11404],[28.64068,41.11431],[28.64058,41.11437],[28.64029,41.11451],[28.63983,41.11474],[28.6394,41.11495],[28.63896,41.11518],[28.63876,41.11527]]}},{"type":"Feature","properties":{"sinif":"primary","ad":"Hadımköy-İstanbul Caddesi"},"geometry":{"type":"LineString","coordinates":[[28.61339,41.15547],[28.61306,41.15602],[28.61283,41.15647],[28.61273,41.15658],[28.61233,41.15704],[28.61224,41.15713],[28.61178,41.15758],[28.61153,41.15774],[28.61137,41.15784],[28.611,41.15807],[28.61083,41.15818],[28.61031,41.15855],[28.61016,41.15866],[28.60981,41.15888],[28.60886,41.15968],[28.60863,41.15992],[28.6083,41.16038],[28.60823,41.16052],[28.60821,41.16066],[28.60814,41.16123],[28.60812,41.16134],[28.60814,41.16163],[28.60817,41.16169],[28.60833,41.1618],[28.60842,41.16185],[28.60849,41.1619]]}},{"type":"Feature","properties":{"sinif":"primary_link","ad":null},"geometry":{"type":"LineString","coordinates":[[28.62771,41.11876],[28.62784,41.11866],[28.62807,41.11838],[28.62811,41.11833],[28.62819,41.11824],[28.62827,41.11816],[28.62838,41.11809],[28.62865,41.11799],[28.62905,41.1179]]}},{"type":"Feature","properties":{"sinif":"primary_link","ad":null},"geometry":{"type":"LineString","coordinates":[[28.62905,41.1179],[28.62866,41.11804],[28.62865,41.11804],[28.62856,41.11808],[28.62837,41.11821],[28.62828,41.11829],[28.62821,41.11837],[28.62815,41.11841],[28.62809,41.11845]]}},{"type":"Feature","properties":{"sinif":"primary","ad":"Hadımköy-İstanbul Caddesi"},"geometry":{"type":"LineString","coordinates":[[28.6182,41.15109],[28.61829,41.151],[28.61833,41.15096],[28.61872,41.15054],[28.61918,41.15007],[28.61981,41.14906],[28.62021,41.14824],[28.62023,41.1482],[28.62104,41.14668],[28.62113,41.14651],[28.62142,41.14597],[28.62169,41.14547],[28.62199,41.14467],[28.62204,41.14453],[28.62214,41.14435],[28.62319,41.1438],[28.62336,41.14358],[28.62343,41.14317],[28.62335,41.14295],[28.62323,41.14276],[28.62275,41.142],[28.62269,41.14173],[28.62283,41.14025],[28.62299,41.13916]]}},{"type":"Feature","properties":{"sinif":"primary_link","ad":null},"geometry":{"type":"LineString","coordinates":[[28.6264,41.12174],[28.62628,41.12177],[28.62612,41.1218],[28.62599,41.12186],[28.62592,41.12193],[28.62577,41.12207]]}},{"type":"Feature","properties":{"sinif":"primary_link","ad":null},"geometry":{"type":"LineString","coordinates":[[28.6254,41.12167],[28.62549,41.12159],[28.62554,41.12156],[28.6256,41.12155],[28.62573,41.12155],[28.6258,41.12157],[28.62587,41.1216]]}},{"type":"Feature","properties":{"sinif":"primary_link","ad":null},"geometry":{"type":"LineString","coordinates":[[28.62591,41.12138],[28.62597,41.1215],[28.62601,41.12154],[28.62611,41.12164],[28.6264,41.12174]]}},{"type":"Feature","properties":{"sinif":"primary_link","ad":null},"geometry":{"type":"LineString","coordinates":[[28.62452,41.1223],[28.62482,41.1222],[28.62499,41.12211],[28.62511,41.12202],[28.62531,41.12181]]}},{"type":"Feature","properties":{"sinif":"tertiary","ad":"İslambol Caddesi"},"geometry":{"type":"LineString","coordinates":[[28.62452,41.1223],[28.62215,41.12259],[28.62171,41.12269],[28.62146,41.12281],[28.62041,41.12391],[28.62029,41.12405],[28.61994,41.12444],[28.61977,41.12463],[28.61905,41.12543],[28.61808,41.12649],[28.61789,41.12663],[28.61767,41.12669],[28.61743,41.12673],[28.61721,41.12668],[28.61627,41.12635],[28.616,41.12628],[28.61587,41.12628],[28.61578,41.12628],[28.61555,41.12635],[28.61532,41.12647],[28.61491,41.1267],[28.61476,41.12687],[28.61432,41.12749],[28.61397,41.12796],[28.61378,41.12818],[28.61349,41.12842],[28.6127,41.1289],[28.6116,41.12956]]}},{"type":"Feature","properties":{"sinif":"primary_link","ad":null},"geometry":{"type":"LineString","coordinates":[[28.62527,41.12233],[28.62514,41.12231],[28.62505,41.12231],[28.62452,41.1223]]}},{"type":"Feature","properties":{"sinif":"primary_link","ad":null},"geometry":{"type":"LineString","coordinates":[[28.6235,41.13618],[28.62358,41.13594],[28.62363,41.13578],[28.62368,41.13566],[28.62372,41.1356],[28.62377,41.13553],[28.62383,41.13549],[28.6239,41.13545],[28.62396,41.13542],[28.62403,41.1354],[28.62412,41.13538],[28.62422,41.13537],[28.62432,41.13538],[28.62442,41.13541],[28.62451,41.13544],[28.6246,41.1355],[28.62467,41.13556],[28.62472,41.13565],[28.62481,41.13581],[28.62487,41.13588],[28.62491,41.13594]]}},{"type":"Feature","properties":{"sinif":"primary_link","ad":null},"geometry":{"type":"LineString","coordinates":[[28.62522,41.12308],[28.62523,41.12284],[28.62523,41.12264],[28.62518,41.12255],[28.62512,41.12248],[28.62504,41.12242],[28.62489,41.12235],[28.62473,41.12232],[28.62452,41.1223]]}},{"type":"Feature","properties":{"sinif":"tertiary","ad":null},"geometry":{"type":"LineString","coordinates":[[28.62905,41.1179],[28.63072,41.1175],[28.6308,41.11749],[28.63128,41.1174],[28.6334,41.11706],[28.63367,41.11702],[28.63517,41.11678],[28.63598,41.1165],[28.6361,41.11646],[28.63659,41.11628],[28.63708,41.11625],[28.63724,41.11625],[28.6374,41.11625],[28.63754,41.11624],[28.63764,41.11622],[28.63771,41.1162]]}},{"type":"Feature","properties":{"sinif":"tertiary","ad":"Bağımsızlık Caddesi"},"geometry":{"type":"LineString","coordinates":[[28.6116,41.12956],[28.61147,41.12991],[28.61144,41.12999],[28.61131,41.13036],[28.61126,41.13049],[28.61132,41.13067],[28.61142,41.13087],[28.6114,41.13096],[28.61136,41.13112],[28.61116,41.1313],[28.61102,41.1314],[28.61066,41.13146],[28.61035,41.13147],[28.61015,41.13141],[28.60843,41.13081],[28.60837,41.13075]]}},{"type":"Feature","properties":{"sinif":"tertiary","ad":"Oğuzhan Caddesi"},"geometry":{"type":"LineString","coordinates":[[28.60837,41.13075],[28.60844,41.1307],[28.60846,41.13064],[28.60847,41.13053],[28.60832,41.13035],[28.60824,41.13017],[28.60819,41.13004]]}},{"type":"Feature","properties":{"sinif":"secondary","ad":null},"geometry":{"type":"LineString","coordinates":[[28.63876,41.11126],[28.63913,41.11128],[28.64019,41.11135],[28.6426,41.11155],[28.64275,41.11155],[28.64285,41.11152],[28.64295,41.11145]]}},{"type":"Feature","properties":{"sinif":"tertiary","ad":null},"geometry":{"type":"LineString","coordinates":[[28.6556,41.11489],[28.65573,41.11513],[28.65577,41.11522],[28.6559,41.11545],[28.65626,41.11596],[28.65685,41.11672],[28.65719,41.11718],[28.65718,41.11733]]}},{"type":"Feature","properties":{"sinif":"tertiary","ad":"General Mustafa Özyanar Caddesi"},"geometry":{"type":"LineString","coordinates":[[28.64179,41.14994],[28.64104,41.1494],[28.64082,41.14928],[28.63966,41.14874],[28.63885,41.14838],[28.63821,41.14813],[28.6363,41.14726]]}},{"type":"Feature","properties":{"sinif":"tertiary","ad":null},"geometry":{"type":"LineString","coordinates":[[28.59737,41.19021],[28.59909,41.19084],[28.60074,41.19143],[28.60316,41.19235],[28.60392,41.19265],[28.60568,41.19333]]}},{"type":"Feature","properties":{"sinif":"tertiary","ad":"Şebeke Caddesi"},"geometry":{"type":"LineString","coordinates":[[28.60813,41.18047],[28.60889,41.18063],[28.60948,41.18076],[28.61005,41.1809],[28.6104,41.18097],[28.61107,41.1811],[28.61157,41.1812],[28.61164,41.18122],[28.61178,41.18122],[28.61299,41.1813]]}},{"type":"Feature","properties":{"sinif":"tertiary","ad":null},"geometry":{"type":"LineString","coordinates":[[28.62554,41.16138],[28.62524,41.16123],[28.62434,41.1608]]}},{"type":"Feature","properties":{"sinif":"tertiary","ad":"Mevlana Caddesi"},"geometry":{"type":"LineString","coordinates":[[28.61847,41.16474],[28.61788,41.16512],[28.61758,41.16525],[28.61739,41.16533],[28.61722,41.16541],[28.61721,41.16542],[28.6166,41.16578],[28.61619,41.16604],[28.61552,41.16641],[28.61537,41.16655],[28.61524,41.16673],[28.61521,41.16682],[28.61504,41.1673],[28.61497,41.16741],[28.61489,41.16756],[28.6148,41.16769],[28.61461,41.1679],[28.61445,41.16804],[28.61418,41.16833],[28.61372,41.16879],[28.61358,41.16899],[28.61342,41.16918],[28.61334,41.16931],[28.61324,41.16951],[28.61295,41.17],[28.61255,41.17061],[28.61227,41.17105],[28.61219,41.17126],[28.61198,41.17185],[28.61192,41.1721],[28.61187,41.17226],[28.61178,41.17243],[28.6116,41.17277],[28.61153,41.17291],[28.61152,41.17298],[28.61152,41.17306],[28.61156,41.17342],[28.61157,41.17361],[28.6115,41.17378],[28.61145,41.17389],[28.61135,41.17403],[28.61079,41.17458],[28.61051,41.17483],[28.61041,41.17502],[28.61035,41.17528],[28.61024,41.17568],[28.61009,41.17614]]}},{"type":"Feature","properties":{"sinif":"tertiary","ad":null},"geometry":{"type":"LineString","coordinates":[[28.61891,41.16037],[28.61895,41.16062],[28.61896,41.16079],[28.61893,41.16097],[28.6189,41.16102],[28.61872,41.16127],[28.61863,41.16153],[28.61862,41.16162],[28.61863,41.16177],[28.61864,41.16203],[28.61861,41.16218],[28.61856,41.16238],[28.61839,41.1627],[28.61817,41.16294],[28.61793,41.16325],[28.61781,41.16346],[28.61779,41.16356],[28.61779,41.16368],[28.6178,41.16378],[28.61782,41.16384],[28.61785,41.16391]]}},{"type":"Feature","properties":{"sinif":"tertiary","ad":null},"geometry":{"type":"LineString","coordinates":[[28.62419,41.16076],[28.62418,41.16074],[28.62418,41.16071],[28.62421,41.16067],[28.62425,41.16065]]}},{"type":"Feature","properties":{"sinif":"tertiary","ad":null},"geometry":{"type":"LineString","coordinates":[[28.62431,41.16082],[28.62427,41.16089],[28.62421,41.16105],[28.62385,41.16213],[28.62384,41.16218],[28.6238,41.16229],[28.62378,41.16234],[28.62375,41.16239],[28.62369,41.16248]]}},{"type":"Feature","properties":{"sinif":"tertiary","ad":"Doğukent Caddesi"},"geometry":{"type":"LineString","coordinates":[[28.61364,41.18021],[28.6136,41.18021],[28.61354,41.18021],[28.61254,41.18039],[28.61238,41.18044],[28.6122,41.18052],[28.61205,41.18066],[28.61168,41.18116],[28.61164,41.18122],[28.61157,41.18132],[28.61107,41.18206],[28.61067,41.18267],[28.61035,41.18316],[28.61031,41.18321],[28.60968,41.18419],[28.60962,41.18428]]}},{"type":"Feature","properties":{"sinif":"secondary","ad":"Haraççı - Hadımköy Yolu"},"geometry":{"type":"LineString","coordinates":[[28.62244,41.1556],[28.62252,41.15564],[28.62281,41.15576],[28.62343,41.15606],[28.62366,41.15615],[28.62404,41.15629],[28.62453,41.15649],[28.62503,41.15669],[28.62519,41.15675],[28.6254,41.15683],[28.62562,41.1569],[28.62603,41.15704],[28.62617,41.15709],[28.62624,41.15714]]}},{"type":"Feature","properties":{"sinif":"tertiary","ad":"Yaşar Doğu Caddesi"},"geometry":{"type":"LineString","coordinates":[[28.62425,41.16065],[28.62437,41.16043],[28.62442,41.16034],[28.62448,41.16025],[28.62451,41.16022],[28.62453,41.16019],[28.6246,41.16012],[28.62481,41.15993],[28.62511,41.15965],[28.62545,41.15928],[28.62559,41.15913],[28.62585,41.15884],[28.62611,41.15854],[28.62666,41.15792],[28.62701,41.15753],[28.62709,41.15744],[28.62712,41.15734]]}},{"type":"Feature","properties":{"sinif":"tertiary","ad":"Fevzi Çakmak Caddesi"},"geometry":{"type":"LineString","coordinates":[[28.61882,41.16505],[28.61885,41.16512],[28.61889,41.1652],[28.61919,41.16546],[28.61921,41.16548],[28.62006,41.16638],[28.6205,41.16689],[28.62081,41.16742],[28.62083,41.16747],[28.62108,41.1683],[28.62139,41.16932],[28.62181,41.16995],[28.62209,41.17058],[28.62264,41.17206]]}},{"type":"Feature","properties":{"sinif":"tertiary","ad":"Hadımköy Parkı Sokağı"},"geometry":{"type":"LineString","coordinates":[[28.62157,41.15606],[28.62141,41.15642],[28.62126,41.1568],[28.62117,41.15703],[28.62106,41.15728],[28.62099,41.15744],[28.62097,41.15749],[28.62097,41.15753],[28.62097,41.15756],[28.62099,41.15761],[28.62108,41.1577],[28.62115,41.15778],[28.62127,41.15793],[28.62134,41.15801],[28.62135,41.15806],[28.62135,41.1581],[28.62128,41.1583],[28.62126,41.15839],[28.62123,41.15847],[28.62121,41.15852],[28.6212,41.15856]]}},{"type":"Feature","properties":{"sinif":"tertiary","ad":"Beyan Caddesi"},"geometry":{"type":"LineString","coordinates":[[28.61042,41.18462],[28.61035,41.18458],[28.61033,41.18457],[28.60962,41.18428],[28.60911,41.18409],[28.60827,41.18376],[28.60824,41.18375],[28.60806,41.18368],[28.60659,41.1831]]}},{"type":"Feature","properties":{"sinif":"tertiary","ad":null},"geometry":{"type":"LineString","coordinates":[[28.62237,41.16359],[28.62241,41.16351],[28.62246,41.16344],[28.6225,41.16336],[28.62251,41.16328],[28.62254,41.16315],[28.62257,41.16308],[28.62265,41.163],[28.62313,41.16258],[28.62339,41.16235],[28.62354,41.16226],[28.62358,41.16223],[28.62362,41.16217],[28.62365,41.1621],[28.62373,41.1619],[28.62411,41.16106],[28.62413,41.16102],[28.62419,41.16076]]}},{"type":"Feature","properties":{"sinif":"tertiary","ad":null},"geometry":{"type":"LineString","coordinates":[[28.67603,41.22421],[28.67621,41.22424],[28.67647,41.22429],[28.67712,41.22442],[28.67762,41.22453],[28.6782,41.22454],[28.67918,41.22464],[28.67969,41.22469],[28.68021,41.22474],[28.68049,41.22477],[28.6806,41.22478],[28.68071,41.2248],[28.68126,41.22488],[28.68178,41.22496],[28.68225,41.22504],[28.68281,41.22513],[28.68339,41.22518],[28.6847,41.22534],[28.68554,41.2255],[28.68615,41.22556],[28.68656,41.22572],[28.68688,41.22584],[28.68757,41.22615],[28.68779,41.22624],[28.68806,41.2263],[28.68868,41.22658],[28.68992,41.2273],[28.69014,41.22743],[28.6909,41.22788],[28.69176,41.22838],[28.69256,41.22885],[28.69331,41.22923],[28.69501,41.2301],[28.69526,41.23018],[28.69535,41.23018],[28.69568,41.23018],[28.696,41.23023],[28.69654,41.23043],[28.6967,41.2305],[28.69688,41.23069],[28.69695,41.23118],[28.69718,41.23142],[28.69737,41.23151],[28.69867,41.23181],[28.70059,41.23218]]}},{"type":"Feature","properties":{"sinif":"tertiary","ad":"Demokrasi Caddesi"},"geometry":{"type":"LineString","coordinates":[[28.68545,41.30879],[28.68431,41.30909],[28.68425,41.3091],[28.6839,41.30916],[28.68349,41.30918],[28.68335,41.30918],[28.68177,41.3092],[28.68162,41.3092],[28.68145,41.30922],[28.6813,41.30926],[28.68096,41.30936],[28.67937,41.30977],[28.67914,41.30982],[28.6787,41.31046],[28.67867,41.3105],[28.67854,41.31063],[28.67843,41.31072],[28.67829,41.31081],[28.67808,41.31091],[28.67786,41.31102],[28.67758,41.31115],[28.67742,41.31121],[28.6772,41.31127],[28.67711,41.31129],[28.67672,41.31136],[28.6766,41.31138],[28.67644,41.31139],[28.67634,41.31139],[28.67628,41.31139],[28.67612,41.31139],[28.67594,41.31137],[28.67568,41.31132],[28.67524,41.31123],[28.67467,41.31108],[28.67455,41.31107],[28.67414,41.31103],[28.67388,41.311],[28.67361,41.31103],[28.67357,41.31102],[28.67351,41.31102],[28.67345,41.31099]]}},{"type":"Feature","properties":{"sinif":"tertiary","ad":"Lale Caddesi"},"geometry":{"type":"LineString","coordinates":[[28.67108,41.3077],[28.67371,41.30865],[28.67378,41.30869],[28.67384,41.30872],[28.67415,41.30902],[28.67419,41.30907],[28.67424,41.30911],[28.67428,41.30914],[28.67431,41.30915],[28.67438,41.30917],[28.67527,41.30945],[28.67622,41.30972],[28.6772,41.31002]]}},{"type":"Feature","properties":{"sinif":"tertiary","ad":"Gelibolu Caddesi"},"geometry":{"type":"LineString","coordinates":[[28.75335,41.19458],[28.75349,41.19447],[28.75396,41.19408],[28.75401,41.19404],[28.75436,41.19376],[28.75443,41.19371],[28.75445,41.1937],[28.75468,41.19349],[28.75476,41.19343],[28.75484,41.19339],[28.75491,41.19336],[28.75502,41.19332],[28.75514,41.19329],[28.7553,41.19326],[28.75555,41.19321],[28.7557,41.19318],[28.75577,41.19316],[28.75585,41.19313],[28.75593,41.1931],[28.75615,41.19299],[28.7563,41.19292],[28.7564,41.19288],[28.7565,41.19284],[28.75673,41.19276],[28.75685,41.19271],[28.75695,41.19266],[28.75701,41.19263],[28.75711,41.19256],[28.75722,41.19246],[28.75738,41.19231],[28.75747,41.19222],[28.75752,41.19216],[28.75757,41.1921],[28.75774,41.19182],[28.75789,41.19159],[28.75793,41.19152],[28.75795,41.19147],[28.75797,41.1914],[28.75797,41.19134],[28.75798,41.19122],[28.75799,41.19115],[28.75801,41.1911],[28.75803,41.19104],[28.75806,41.19097],[28.75808,41.19092],[28.75809,41.19088],[28.75811,41.19078],[28.75811,41.19073],[28.75813,41.19061],[28.75814,41.19054],[28.75815,41.19047],[28.75817,41.19031],[28.75815,41.19007],[28.75812,41.18998],[28.75805,41.18992],[28.75798,41.18988],[28.75787,41.18984],[28.75771,41.18981],[28.75747,41.18973],[28.75724,41.18967],[28.75699,41.18962],[28.7569,41.18959],[28.75681,41.18954],[28.75671,41.18949],[28.75662,41.18946],[28.7565,41.18943],[28.75623,41.18939],[28.75615,41.18936],[28.75608,41.18934],[28.75603,41.1893],[28.75598,41.18925],[28.75597,41.18919],[28.75596,41.18899],[28.75596,41.18887],[28.75597,41.1888],[28.75599,41.18877],[28.75607,41.18872],[28.75619,41.18868],[28.75702,41.18838],[28.75798,41.18804],[28.7603,41.18722]]}},{"type":"Feature","properties":{"sinif":"tertiary","ad":"İskele Caddesi"},"geometry":{"type":"LineString","coordinates":[[28.68409,41.34264],[28.68394,41.34276],[28.68378,41.34292],[28.68365,41.34307],[28.68354,41.3432],[28.68346,41.34333],[28.68339,41.34344],[28.68336,41.34353],[28.68332,41.34364],[28.68329,41.34379],[28.68327,41.34396],[28.68326,41.34401],[28.68325,41.34415],[28.68324,41.34436],[28.68324,41.34446],[28.68323,41.34454],[28.68322,41.34465],[28.6832,41.34478],[28.68318,41.34487],[28.68314,41.34508],[28.68314,41.34518],[28.68314,41.34524],[28.68316,41.34528],[28.68318,41.34531],[28.68321,41.34535],[28.68327,41.34539],[28.68338,41.34547],[28.68348,41.34554],[28.68354,41.3456],[28.6836,41.34566],[28.68364,41.34574],[28.68366,41.34581],[28.68368,41.34592]]}},{"type":"Feature","properties":{"sinif":"trunk","ad":"Eski Edirne Asfaltı Caddesi"},"geometry":{"type":"LineString","coordinates":[[28.82254,41.13591],[28.82231,41.13596],[28.822,41.13604],[28.82165,41.13613],[28.82097,41.1363],[28.82081,41.13633],[28.82057,41.13637],[28.82048,41.13639],[28.82031,41.13642],[28.82017,41.13644],[28.82009,41.13645],[28.82002,41.13646],[28.81984,41.13647],[28.81966,41.13648],[28.81937,41.13649],[28.8191,41.1365],[28.81869,41.13649],[28.81836,41.13647],[28.81821,41.13647],[28.81772,41.13645],[28.81743,41.13645],[28.8168,41.13643],[28.8166,41.13643],[28.81635,41.13642],[28.81598,41.13641],[28.81587,41.13641],[28.81581,41.13641],[28.81565,41.13641],[28.81525,41.1364],[28.81503,41.13638],[28.81467,41.13636],[28.81432,41.13634],[28.81371,41.13631],[28.81359,41.1363]]}},{"type":"Feature","properties":{"sinif":"primary","ad":"Eski Edirne Asfaltı Caddesi"},"geometry":{"type":"LineString","coordinates":[[28.73635,41.18403],[28.73674,41.18403],[28.73701,41.18402],[28.73734,41.18401],[28.73754,41.18401],[28.73776,41.184],[28.73786,41.184],[28.73826,41.184],[28.73903,41.18398],[28.73991,41.18398],[28.73998,41.18398],[28.74007,41.18396],[28.7402,41.18393],[28.74033,41.1839],[28.74046,41.18386],[28.74062,41.1838],[28.74073,41.18375],[28.74077,41.18373],[28.74101,41.1836],[28.74114,41.18353],[28.74116,41.18351],[28.7413,41.18343],[28.74149,41.1833],[28.74159,41.18324],[28.74171,41.18316]]}},{"type":"Feature","properties":{"sinif":"secondary","ad":"Haraççı - Hadımköy Yolu"},"geometry":{"type":"LineString","coordinates":[[28.67198,41.1569],[28.67181,41.15695],[28.67165,41.15702],[28.67137,41.1572],[28.67036,41.15814],[28.67024,41.15823],[28.67002,41.15833],[28.66982,41.15836],[28.66781,41.15861],[28.666,41.15888],[28.66469,41.15914],[28.66238,41.1597],[28.65899,41.16018],[28.65671,41.16047],[28.65607,41.16045],[28.6552,41.16025],[28.65469,41.16012],[28.65444,41.16005],[28.65399,41.15994],[28.6533,41.15984],[28.65212,41.15971],[28.65127,41.15958],[28.6503,41.15943],[28.64994,41.15939],[28.64931,41.15933]]}},{"type":"Feature","properties":{"sinif":"primary","ad":"23 Nisan Caddesi"},"geometry":{"type":"LineString","coordinates":[[28.73487,41.18406],[28.73478,41.18389],[28.73477,41.18386],[28.73459,41.18363],[28.73458,41.18362],[28.7343,41.18334],[28.73378,41.18282],[28.73362,41.18265],[28.73335,41.18243],[28.73305,41.18214],[28.73304,41.18213],[28.73266,41.18173],[28.73264,41.18171],[28.73204,41.18112],[28.73191,41.18101],[28.73179,41.1809]]}},{"type":"Feature","properties":{"sinif":"secondary","ad":null},"geometry":{"type":"LineString","coordinates":[[28.70249,41.17911],[28.70238,41.17922],[28.70192,41.17978],[28.70168,41.18001],[28.70153,41.18013],[28.70056,41.18089],[28.70014,41.18122],[28.7,41.18135],[28.6996,41.18174],[28.6995,41.18187],[28.69907,41.18245],[28.69904,41.1825],[28.69886,41.18284],[28.6986,41.18356],[28.69849,41.18372]]}},{"type":"Feature","properties":{"sinif":"tertiary","ad":"Abdül Ezel Paşa Caddesi"},"geometry":{"type":"LineString","coordinates":[[28.62088,41.19245],[28.62083,41.19241],[28.62074,41.19232],[28.62067,41.1922],[28.6206,41.192],[28.62054,41.19177],[28.62051,41.19166],[28.62044,41.19143],[28.62036,41.19122],[28.62009,41.19079],[28.61997,41.1906],[28.61989,41.19042],[28.61983,41.1902],[28.61976,41.19005],[28.61929,41.1892],[28.61918,41.18899],[28.61901,41.1885],[28.61894,41.18827],[28.61888,41.18801],[28.61881,41.1876],[28.61875,41.18724],[28.61868,41.18685],[28.61864,41.18664],[28.61851,41.18627],[28.61838,41.18597],[28.61826,41.18553],[28.61817,41.18508],[28.61804,41.184],[28.61786,41.18359],[28.61766,41.18339],[28.61742,41.18322],[28.61732,41.18309],[28.61731,41.183],[28.61734,41.18284],[28.61755,41.18212],[28.61771,41.18166],[28.61789,41.1812],[28.61796,41.18098],[28.61797,41.18087],[28.61796,41.18077],[28.61794,41.1807],[28.61794,41.18065],[28.61793,41.18061],[28.61794,41.18058]]}},{"type":"Feature","properties":{"sinif":"tertiary","ad":null},"geometry":{"type":"LineString","coordinates":[[28.68368,41.34592],[28.68382,41.34602],[28.6839,41.34609],[28.68393,41.34613],[28.68394,41.34616],[28.68395,41.34618],[28.68396,41.34624],[28.68396,41.34629],[28.68394,41.34636],[28.68391,41.34644],[28.68387,41.34649],[28.68382,41.34654],[28.68377,41.34657],[28.68374,41.34658],[28.6837,41.34659],[28.68366,41.34658],[28.68363,41.34658],[28.68357,41.34656],[28.6833,41.34646],[28.68315,41.34642]]}},{"type":"Feature","properties":{"sinif":"tertiary","ad":"Durusu-Yeniköy Caddesi"},"geometry":{"type":"LineString","coordinates":[[28.72127,41.31714],[28.72149,41.31707],[28.72181,41.31699],[28.72209,41.31693],[28.72247,41.31692],[28.72257,41.31694],[28.72266,41.31699]]}},{"type":"Feature","properties":{"sinif":"tertiary","ad":null},"geometry":{"type":"LineString","coordinates":[[28.60055,41.13187],[28.60048,41.1322],[28.60044,41.13244],[28.60042,41.13267],[28.60042,41.13278],[28.60045,41.13287]]}},{"type":"Feature","properties":{"sinif":"tertiary","ad":"İstanbul Caddesi"},"geometry":{"type":"LineString","coordinates":[[28.7195,41.19181],[28.71887,41.19203],[28.71851,41.19216],[28.71832,41.19223],[28.71756,41.1925],[28.7172,41.19263],[28.71668,41.19281],[28.71602,41.19304],[28.71514,41.19335]]}},{"type":"Feature","properties":{"sinif":"tertiary","ad":null},"geometry":{"type":"LineString","coordinates":[[28.71514,41.19335],[28.71467,41.19377]]}},{"type":"Feature","properties":{"sinif":"tertiary","ad":null},"geometry":{"type":"LineString","coordinates":[[28.71435,41.19334],[28.71465,41.19336],[28.71489,41.19335],[28.71514,41.19335]]}},{"type":"Feature","properties":{"sinif":"tertiary","ad":null},"geometry":{"type":"LineString","coordinates":[[28.70841,41.18569],[28.70851,41.18588],[28.70862,41.18599],[28.70909,41.18635],[28.70923,41.18648],[28.70951,41.18676],[28.70958,41.18685],[28.70964,41.18694],[28.70982,41.18705],[28.70991,41.18711],[28.71015,41.18728],[28.71034,41.18743],[28.71046,41.18751],[28.71056,41.18759],[28.71075,41.18776],[28.7109,41.18787],[28.71101,41.18797],[28.71119,41.18814],[28.7114,41.18833],[28.71162,41.18853],[28.71174,41.18864],[28.71211,41.18899],[28.71236,41.18927],[28.7125,41.18955],[28.71262,41.18978],[28.7127,41.18996],[28.71278,41.19014],[28.71287,41.19035],[28.71291,41.19044],[28.71305,41.19076],[28.7132,41.1911],[28.71332,41.1914],[28.71334,41.19144],[28.71343,41.19173],[28.71345,41.19184],[28.71348,41.19199],[28.7135,41.1921],[28.71354,41.1923],[28.71371,41.19285],[28.71386,41.19297],[28.71399,41.19308],[28.71403,41.19311],[28.71435,41.19334],[28.71467,41.19377],[28.71494,41.19424],[28.71515,41.19454],[28.71533,41.19478],[28.7154,41.19488],[28.71548,41.19495],[28.71558,41.19503],[28.71575,41.19517],[28.71612,41.19549],[28.71628,41.19565],[28.71642,41.19578],[28.71665,41.19604],[28.71639,41.19633],[28.71626,41.19646],[28.71618,41.19653],[28.71569,41.19679],[28.71553,41.19715],[28.71544,41.19739],[28.71539,41.19756],[28.71527,41.19798],[28.71526,41.19803],[28.71524,41.19813]]}},{"type":"Feature","properties":{"sinif":"tertiary","ad":null},"geometry":{"type":"LineString","coordinates":[[28.72632,41.19891],[28.7262,41.19879],[28.7261,41.19864],[28.72609,41.19855],[28.72601,41.19826],[28.72591,41.19785],[28.72582,41.1976],[28.72576,41.19746],[28.72561,41.19705],[28.72555,41.19668],[28.72553,41.19649],[28.72546,41.19587]]}},{"type":"Feature","properties":{"sinif":"tertiary","ad":null},"geometry":{"type":"LineString","coordinates":[[28.71487,41.19852],[28.71497,41.19856],[28.71501,41.19859],[28.71504,41.1987]]}},{"type":"Feature","properties":{"sinif":"tertiary","ad":"Egemen Caddesi"},"geometry":{"type":"LineString","coordinates":[[28.71782,41.19703],[28.71798,41.19699],[28.71808,41.19697],[28.71828,41.19693],[28.71845,41.19692],[28.71855,41.19692],[28.7188,41.1969],[28.71907,41.19687],[28.71949,41.19685],[28.71988,41.19683],[28.72014,41.1968],[28.72031,41.19676],[28.72046,41.19671],[28.72092,41.19652],[28.72138,41.19632],[28.72225,41.19596],[28.7226,41.19582],[28.72295,41.19568],[28.72369,41.19539],[28.72371,41.19538],[28.72388,41.19523],[28.72401,41.19517]]}},{"type":"Feature","properties":{"sinif":"secondary","ad":"Atatürk Caddesi"},"geometry":{"type":"LineString","coordinates":[[28.71614,41.20297],[28.71623,41.20388],[28.71624,41.20395],[28.71625,41.20405],[28.71627,41.20419],[28.71634,41.20497],[28.71634,41.20505],[28.71633,41.2052],[28.71631,41.2054],[28.7163,41.20545],[28.71628,41.2056],[28.71628,41.20563],[28.71627,41.20567],[28.71623,41.20598],[28.71622,41.20605],[28.71622,41.2061],[28.71616,41.20649],[28.71612,41.20683],[28.71608,41.20708],[28.71608,41.20712],[28.71605,41.20727],[28.71603,41.20734],[28.71598,41.2076],[28.71595,41.2077],[28.71592,41.20785],[28.71589,41.20797],[28.71582,41.20822],[28.71574,41.20846],[28.71566,41.20867],[28.71555,41.20895],[28.71515,41.20986],[28.71513,41.20992],[28.71511,41.20997],[28.71512,41.21002],[28.71515,41.21009],[28.71517,41.21012],[28.7152,41.21014],[28.71526,41.21016]]}},{"type":"Feature","properties":{"sinif":"tertiary","ad":null},"geometry":{"type":"LineString","coordinates":[[28.71548,41.20331],[28.71541,41.20338],[28.71521,41.20356],[28.71483,41.2039],[28.71456,41.20415],[28.71419,41.2045],[28.71413,41.20457],[28.71344,41.20521],[28.71315,41.20546],[28.71303,41.20564],[28.71297,41.20605],[28.71288,41.20658],[28.7129,41.20675]]}},{"type":"Feature","properties":{"sinif":"secondary","ad":"Egemen Caddesi"},"geometry":{"type":"LineString","coordinates":[[28.70447,41.20037],[28.70444,41.20051],[28.70444,41.20094],[28.70454,41.20177],[28.70455,41.20249],[28.70455,41.20265],[28.70455,41.20282],[28.70452,41.20484],[28.70452,41.20543],[28.7046,41.20625],[28.70476,41.2072],[28.70489,41.20787],[28.70514,41.2089],[28.70517,41.20899],[28.70538,41.20958],[28.70583,41.21064],[28.70589,41.21079],[28.70627,41.2117],[28.70686,41.21313],[28.70731,41.21424],[28.70765,41.21506],[28.70778,41.21532],[28.70803,41.21573],[28.70831,41.21604],[28.70853,41.21621],[28.70935,41.21675],[28.70954,41.21688],[28.70964,41.21695],[28.70975,41.21706]]}},{"type":"Feature","properties":{"sinif":"secondary","ad":"Egemen Caddesi"},"geometry":{"type":"LineString","coordinates":[[28.70975,41.21706],[28.70959,41.21706],[28.70867,41.21644],[28.70821,41.21612],[28.7079,41.21577],[28.70756,41.21517],[28.70718,41.21428],[28.70681,41.21338],[28.70649,41.21258],[28.70608,41.21159],[28.7054,41.20999],[28.70508,41.20912],[28.70506,41.20902],[28.70493,41.20853],[28.70462,41.20715],[28.70458,41.20691],[28.70456,41.20679],[28.70443,41.20594],[28.70436,41.20526],[28.70439,41.20468],[28.7044,41.20436],[28.70442,41.20303],[28.70442,41.20261],[28.70443,41.20235],[28.70443,41.20174],[28.70434,41.20117],[28.70433,41.2011],[28.70428,41.20072],[28.70427,41.20063],[28.70422,41.20048],[28.70418,41.20037]]}},{"type":"Feature","properties":{"sinif":"tertiary","ad":"Taşoluk Cd."},"geometry":{"type":"LineString","coordinates":[[28.71324,41.19857],[28.71313,41.19847],[28.71309,41.19841],[28.71306,41.19834],[28.71304,41.19828],[28.71301,41.19817],[28.71296,41.19806],[28.71239,41.19753],[28.71152,41.19707],[28.71077,41.19667],[28.71043,41.19642],[28.71008,41.19618],[28.70962,41.19591],[28.70916,41.19562],[28.70883,41.19548],[28.70861,41.19534]]}},{"type":"Feature","properties":{"sinif":"tertiary","ad":null},"geometry":{"type":"LineString","coordinates":[[28.71254,41.19838],[28.71281,41.19832],[28.71291,41.19827],[28.71296,41.19821],[28.71297,41.19814],[28.71296,41.19806]]}},{"type":"Feature","properties":{"sinif":"tertiary","ad":"Taşoluk Cd."},"geometry":{"type":"LineString","coordinates":[[28.70861,41.19534],[28.70899,41.19547],[28.7094,41.19564],[28.70979,41.19588],[28.71083,41.19662],[28.71114,41.19679],[28.71142,41.19694],[28.71192,41.19721],[28.71221,41.19737],[28.71255,41.19758],[28.71313,41.19813],[28.71328,41.19826],[28.71336,41.19833],[28.71343,41.19837],[28.71354,41.19843]]}},{"type":"Feature","properties":{"sinif":"tertiary","ad":null},"geometry":{"type":"LineString","coordinates":[[28.71341,41.19792],[28.71347,41.19771],[28.71392,41.19733],[28.71416,41.19711],[28.71428,41.19699],[28.71441,41.19688],[28.715,41.19647],[28.71562,41.19611],[28.71571,41.19607],[28.71583,41.19602],[28.71642,41.19578]]}},{"type":"Feature","properties":{"sinif":"tertiary","ad":null},"geometry":{"type":"LineString","coordinates":[[28.71341,41.19792],[28.71347,41.19824],[28.71348,41.19828],[28.71354,41.19843]]}},{"type":"Feature","properties":{"sinif":"tertiary","ad":null},"geometry":{"type":"LineString","coordinates":[[28.71313,41.19813],[28.71323,41.19817],[28.71325,41.19817],[28.71329,41.19815],[28.71332,41.19813],[28.71335,41.19809],[28.71341,41.19792]]}},{"type":"Feature","properties":{"sinif":"tertiary","ad":"Taşoluk Cd."},"geometry":{"type":"LineString","coordinates":[[28.70642,41.18764],[28.70687,41.18834],[28.707,41.18874],[28.70714,41.18901],[28.70719,41.18915],[28.70732,41.18952],[28.70745,41.18982],[28.70749,41.19001],[28.70746,41.19039],[28.70743,41.19074],[28.70742,41.1908],[28.70738,41.19117],[28.70734,41.1916],[28.70731,41.19192],[28.70737,41.19252],[28.70742,41.19289],[28.7075,41.19343],[28.7079,41.19406],[28.70813,41.19449],[28.70814,41.19452],[28.70817,41.19457],[28.70832,41.1949],[28.70835,41.19497],[28.70844,41.19518],[28.70854,41.19529],[28.70861,41.19534]]}},{"type":"Feature","properties":{"sinif":"secondary","ad":null},"geometry":{"type":"LineString","coordinates":[[28.7195,41.19181],[28.71896,41.19068],[28.71891,41.19056],[28.71869,41.19009],[28.71861,41.18989],[28.71843,41.1895],[28.71833,41.18931],[28.71814,41.18894],[28.71791,41.18865],[28.71782,41.18854],[28.71765,41.18837],[28.71742,41.18813],[28.71657,41.18761],[28.71588,41.18736],[28.71513,41.18707],[28.71446,41.18687],[28.71407,41.18667],[28.71401,41.18664],[28.71282,41.18602]]}},{"type":"Feature","properties":{"sinif":"tertiary","ad":null},"geometry":{"type":"LineString","coordinates":[[28.70677,41.19963],[28.70675,41.19956],[28.70646,41.1989],[28.70622,41.1983],[28.70611,41.198],[28.7061,41.19786],[28.70608,41.19689],[28.70655,41.19614],[28.70663,41.19608],[28.70719,41.19579],[28.70762,41.19557],[28.70773,41.19553],[28.70819,41.19546],[28.70842,41.19542],[28.70861,41.19534]]}},{"type":"Feature","properties":{"sinif":"secondary_link","ad":null},"geometry":{"type":"LineString","coordinates":[[28.70159,41.17996],[28.70168,41.18001]]}},{"type":"Feature","properties":{"sinif":"tertiary","ad":"Haldun Sokak"},"geometry":{"type":"LineString","coordinates":[[28.75228,41.22331],[28.75348,41.22262],[28.75372,41.22248],[28.75429,41.22216],[28.75454,41.22204]]}},{"type":"Feature","properties":{"sinif":"tertiary","ad":null},"geometry":{"type":"LineString","coordinates":[[28.74125,41.2239],[28.74132,41.22365],[28.74143,41.22329],[28.74153,41.22298],[28.74164,41.22266],[28.74168,41.22254],[28.74171,41.22232],[28.74176,41.22199],[28.7418,41.22171],[28.7418,41.22166],[28.74181,41.22147],[28.74179,41.22141],[28.74176,41.22131],[28.74164,41.22094],[28.74152,41.22066],[28.74149,41.22057],[28.74123,41.21984],[28.74112,41.21931]]}},{"type":"Feature","properties":{"sinif":"tertiary","ad":"Zülfü Demirbağ Caddesi"},"geometry":{"type":"LineString","coordinates":[[28.72562,41.21703],[28.72549,41.21696],[28.72489,41.21676],[28.72425,41.21656],[28.72323,41.21615],[28.72307,41.21609],[28.7224,41.21572],[28.72178,41.21528],[28.72145,41.21497],[28.72084,41.2144],[28.72066,41.21423],[28.72056,41.21415],[28.72034,41.21396],[28.72028,41.21391],[28.72002,41.2136],[28.71922,41.21178],[28.71911,41.21088],[28.71899,41.21045]]}},{"type":"Feature","properties":{"sinif":"motorway","ad":"Kuzey Marmara Otoyolu"},"geometry":{"type":"LineString","coordinates":[[28.61846,41.23345],[28.61881,41.23383],[28.61911,41.23417],[28.61933,41.23441],[28.61956,41.23467],[28.61994,41.23507],[28.6204,41.23549],[28.62074,41.23575],[28.62115,41.23605],[28.62197,41.2366],[28.62271,41.2371],[28.62344,41.23759],[28.62381,41.23783],[28.62407,41.23797],[28.62444,41.23816],[28.62499,41.23845],[28.62549,41.23872],[28.62574,41.23885],[28.62602,41.23899],[28.62646,41.2392],[28.62694,41.2394],[28.62727,41.23953],[28.62787,41.23978],[28.62871,41.24018],[28.62917,41.24037],[28.62964,41.24056],[28.63018,41.24077],[28.63124,41.24118],[28.63212,41.24151],[28.63298,41.24184],[28.63346,41.24202],[28.63386,41.24215],[28.63431,41.2423],[28.63482,41.24244],[28.6355,41.2426],[28.63639,41.24283],[28.63715,41.24304],[28.63861,41.24343],[28.63903,41.24355],[28.63932,41.24362],[28.63962,41.24369],[28.64005,41.24376],[28.64059,41.24382],[28.64156,41.24389],[28.64271,41.24398],[28.64325,41.24404],[28.64388,41.24411],[28.6444,41.24413],[28.64489,41.24416],[28.64549,41.24421],[28.64598,41.24427],[28.64654,41.24434],[28.64704,41.24442],[28.64757,41.24452],[28.64813,41.24459],[28.64866,41.24465],[28.64918,41.24468],[28.64976,41.24473],[28.65043,41.24479],[28.65082,41.24484],[28.65128,41.24489],[28.65254,41.24504],[28.65327,41.24512],[28.65369,41.24518],[28.65417,41.24525],[28.6546,41.24534],[28.65491,41.24541],[28.65545,41.2455],[28.65595,41.24558],[28.65647,41.24566],[28.65705,41.24573],[28.65777,41.24581],[28.65825,41.24585],[28.65876,41.2459],[28.65945,41.24597],[28.66011,41.24606],[28.66117,41.2462],[28.66193,41.24634],[28.66246,41.24643],[28.6632,41.24655],[28.66393,41.24665],[28.66452,41.24671],[28.66508,41.24676],[28.66575,41.24681],[28.66656,41.24686],[28.6673,41.24689],[28.66809,41.2469],[28.66898,41.24688],[28.6696,41.24685]]}},{"type":"Feature","properties":{"sinif":"tertiary","ad":"Sokullu Mehmet Caddesi"},"geometry":{"type":"LineString","coordinates":[[28.74244,41.18823],[28.74205,41.18838],[28.74155,41.18852]]}},{"type":"Feature","properties":{"sinif":"secondary","ad":"Gülcü Sokak"},"geometry":{"type":"LineString","coordinates":[[28.74149,41.18554],[28.74131,41.18537],[28.74124,41.18533],[28.74115,41.18527],[28.74094,41.18516],[28.74083,41.18513],[28.74077,41.18512],[28.74072,41.18512],[28.74062,41.18515]]}},{"type":"Feature","properties":{"sinif":"tertiary","ad":null},"geometry":{"type":"LineString","coordinates":[[28.7163,41.18318],[28.71629,41.18311],[28.71628,41.18307],[28.71625,41.18285],[28.71622,41.18263],[28.71618,41.18239],[28.7161,41.18187],[28.71603,41.18146],[28.71618,41.18077],[28.71623,41.18056],[28.71639,41.17991],[28.71641,41.17983],[28.71651,41.1795],[28.7166,41.17919],[28.71663,41.17909],[28.71665,41.179],[28.71672,41.17876],[28.71675,41.17866],[28.71679,41.17854],[28.71684,41.17839],[28.71688,41.17829],[28.71699,41.17802],[28.71701,41.17795],[28.71704,41.17789],[28.71708,41.17769],[28.71707,41.17758],[28.71706,41.17743],[28.71704,41.17723],[28.71678,41.17684],[28.71674,41.17678],[28.71654,41.17645],[28.71614,41.1762],[28.71608,41.17617],[28.71581,41.17589],[28.71542,41.1755]]}},{"type":"Feature","properties":{"sinif":"tertiary","ad":null},"geometry":{"type":"LineString","coordinates":[[28.68421,41.17427],[28.68581,41.17462],[28.68739,41.17496],[28.68815,41.17512],[28.68897,41.1753],[28.68963,41.17544],[28.69034,41.1756],[28.69208,41.17596],[28.69272,41.17609],[28.6934,41.17624],[28.69403,41.17635],[28.69476,41.17644],[28.69496,41.17646],[28.6951,41.1765],[28.69519,41.17653],[28.69536,41.17656],[28.69558,41.17657],[28.69579,41.17656],[28.69589,41.17656],[28.69611,41.1766],[28.69651,41.17672],[28.69678,41.17683],[28.69703,41.17696]]}},{"type":"Feature","properties":{"sinif":"tertiary","ad":null},"geometry":{"type":"LineString","coordinates":[[28.73378,41.18282],[28.73331,41.18301],[28.73278,41.18323],[28.73233,41.18341],[28.73178,41.18363],[28.73137,41.18381]]}},{"type":"Feature","properties":{"sinif":"tertiary","ad":null},"geometry":{"type":"LineString","coordinates":[[28.72773,41.18393],[28.72789,41.18385],[28.72798,41.1838],[28.72818,41.18373],[28.7285,41.18369],[28.72881,41.18373],[28.72909,41.18376],[28.72927,41.18371],[28.72946,41.18353],[28.72963,41.1833],[28.72974,41.18311],[28.72998,41.18286],[28.73017,41.1827]]}},{"type":"Feature","properties":{"sinif":"tertiary","ad":null},"geometry":{"type":"LineString","coordinates":[[28.72671,41.18428],[28.72677,41.18426],[28.72731,41.18408],[28.72773,41.18393]]}},{"type":"Feature","properties":{"sinif":"tertiary","ad":"Saliha Sokağı"},"geometry":{"type":"LineString","coordinates":[[28.74564,41.18254],[28.74589,41.18248],[28.74641,41.18234],[28.7467,41.18224],[28.74711,41.18184],[28.74748,41.18143],[28.7476,41.18102]]}},{"type":"Feature","properties":{"sinif":"tertiary","ad":"Cihanşah Sokak"},"geometry":{"type":"LineString","coordinates":[[28.74811,41.17883],[28.74765,41.1787],[28.74754,41.17867],[28.74716,41.17853],[28.74705,41.1785]]}},{"type":"Feature","properties":{"sinif":"motorway_link","ad":"Fenertepe Kavşağı"},"geometry":{"type":"LineString","coordinates":[[28.80581,41.1395],[28.80565,41.13932],[28.80555,41.13913],[28.80547,41.13899],[28.80532,41.13866],[28.80525,41.1385],[28.80517,41.13833],[28.80509,41.13817],[28.805,41.13804],[28.80491,41.13793],[28.80479,41.13783],[28.80465,41.13776],[28.80452,41.1377],[28.80434,41.13765],[28.80416,41.13763],[28.80399,41.13764],[28.80383,41.13767],[28.80368,41.13771],[28.80357,41.13776],[28.80344,41.13783],[28.80334,41.13791],[28.80325,41.13799],[28.8032,41.13807],[28.80316,41.13813],[28.80313,41.13822],[28.80311,41.13829],[28.8031,41.13837],[28.8031,41.13846],[28.80312,41.13856],[28.80314,41.13865],[28.80319,41.13875],[28.80325,41.13881],[28.80331,41.13889],[28.80338,41.13895],[28.80348,41.13902],[28.80364,41.13909],[28.8038,41.13914],[28.80395,41.13918],[28.80409,41.13918],[28.80421,41.13918],[28.8044,41.13915],[28.80457,41.1391],[28.80477,41.13903],[28.80492,41.13894],[28.80505,41.13887],[28.80529,41.13878]]}},{"type":"Feature","properties":{"sinif":"motorway_link","ad":"Fenertepe Kavşağı"},"geometry":{"type":"LineString","coordinates":[[28.80871,41.13859],[28.80861,41.13878],[28.80851,41.13898],[28.80843,41.13909],[28.80834,41.13921],[28.8082,41.13938],[28.808,41.13954],[28.80781,41.13968],[28.8076,41.1398],[28.80743,41.13989],[28.80724,41.13996],[28.80708,41.14002],[28.80684,41.14008],[28.80663,41.14013]]}},{"type":"Feature","properties":{"sinif":"motorway_link","ad":"Fenertepe Kavşağı"},"geometry":{"type":"LineString","coordinates":[[28.80665,41.14218],[28.80649,41.1417],[28.80639,41.14143],[28.80632,41.14124],[28.80627,41.14112],[28.80621,41.14101],[28.80614,41.14089],[28.80605,41.14078],[28.80596,41.14069],[28.80585,41.14058],[28.8057,41.14048],[28.80553,41.14038],[28.80539,41.14031],[28.80527,41.14026],[28.80515,41.14022],[28.80499,41.14018],[28.80482,41.14014],[28.80466,41.14013],[28.8045,41.14012],[28.80437,41.14012],[28.80426,41.14012],[28.80405,41.14015],[28.80388,41.14018],[28.80375,41.14021],[28.80363,41.14025],[28.80347,41.14031],[28.80329,41.1404],[28.80313,41.1405],[28.80297,41.1406],[28.80287,41.14065],[28.80276,41.14069],[28.80269,41.14071]]}},{"type":"Feature","properties":{"sinif":"motorway_link","ad":"Fenertepe Kavşağı"},"geometry":{"type":"LineString","coordinates":[[28.80584,41.1384],[28.80597,41.13827],[28.80614,41.13813],[28.80651,41.13788],[28.80674,41.13772],[28.80697,41.13756],[28.80713,41.13742],[28.80727,41.13726],[28.80736,41.13713],[28.8074,41.13698],[28.80741,41.13685],[28.8074,41.13673],[28.80738,41.13663],[28.80733,41.13651],[28.80727,41.13643],[28.80719,41.13634],[28.80711,41.13627],[28.80701,41.1362],[28.80691,41.13614],[28.8068,41.13609],[28.80669,41.13606],[28.80656,41.13603],[28.80642,41.13602],[28.80625,41.13601],[28.80607,41.13603],[28.80595,41.13605],[28.80585,41.13608],[28.80572,41.13613],[28.8056,41.1362],[28.80548,41.13629],[28.8054,41.13638],[28.80531,41.1365],[28.80524,41.13665],[28.80521,41.13677],[28.8052,41.13689],[28.80521,41.13705],[28.80526,41.13725],[28.80539,41.1376],[28.80548,41.13784],[28.80564,41.13821],[28.80578,41.13855],[28.80585,41.13873],[28.80588,41.13887],[28.8059,41.13909]]}},{"type":"Feature","properties":{"sinif":"trunk","ad":null},"geometry":{"type":"LineString","coordinates":[[28.55617,41.23585],[28.55633,41.23606],[28.55651,41.23631],[28.55728,41.23741],[28.55769,41.238],[28.55838,41.23895],[28.55892,41.23972],[28.55975,41.24091],[28.56104,41.24276],[28.56177,41.2438],[28.5622,41.24442],[28.56243,41.24476],[28.5626,41.24497],[28.56284,41.24524],[28.56306,41.24546],[28.5634,41.24579],[28.56378,41.24612],[28.56402,41.24632],[28.56426,41.24649],[28.56456,41.24669],[28.56489,41.24689],[28.56518,41.24706],[28.56555,41.24724],[28.56604,41.24745],[28.56647,41.24762],[28.56674,41.24772],[28.567,41.2478],[28.56747,41.24793],[28.56797,41.24804],[28.56836,41.24811],[28.56934,41.24826],[28.56997,41.24831],[28.57048,41.24833],[28.57167,41.24832],[28.57375,41.24829],[28.57438,41.24828],[28.57467,41.24828],[28.57495,41.24829],[28.57541,41.24831],[28.57607,41.24835],[28.57659,41.24839],[28.57816,41.24855],[28.57999,41.24875],[28.58183,41.24895],[28.58224,41.24899],[28.58246,41.24901],[28.58294,41.24903],[28.58339,41.24903],[28.58384,41.24902],[28.58437,41.249],[28.58479,41.24897],[28.58503,41.24895]]}},{"type":"Feature","properties":{"sinif":"trunk_link","ad":null},"geometry":{"type":"LineString","coordinates":[[28.59227,41.25192],[28.59222,41.2518],[28.59217,41.2517],[28.59213,41.25161],[28.59207,41.25148],[28.59202,41.25137],[28.59197,41.25128],[28.59189,41.25118],[28.59177,41.25105],[28.59167,41.25097],[28.59157,41.2509],[28.59144,41.25083],[28.59131,41.25077],[28.59104,41.25069],[28.59067,41.25061],[28.59013,41.25051],[28.5898,41.25044],[28.58958,41.25038],[28.58936,41.25027],[28.58919,41.25016],[28.58903,41.25002],[28.5889,41.24988],[28.58883,41.24978],[28.58877,41.24965],[28.58873,41.24952],[28.58871,41.24943],[28.5887,41.24935],[28.58869,41.24924],[28.5887,41.24914]]}},{"type":"Feature","properties":{"sinif":"trunk_link","ad":null},"geometry":{"type":"LineString","coordinates":[[28.58641,41.24881],[28.58673,41.24874],[28.58709,41.24869],[28.58761,41.24864],[28.58782,41.24862],[28.58804,41.24859],[28.58823,41.24855],[28.58836,41.24852],[28.58846,41.24848],[28.58856,41.24843],[28.58867,41.24836],[28.58875,41.2483],[28.58881,41.24825],[28.58888,41.24818],[28.58895,41.24808],[28.58907,41.24793],[28.58923,41.24768],[28.58935,41.24752],[28.5895,41.24732]]}},{"type":"Feature","properties":{"sinif":"trunk_link","ad":null},"geometry":{"type":"LineString","coordinates":[[28.58962,41.24737],[28.58949,41.24783],[28.58946,41.24798],[28.58944,41.24812],[28.58943,41.24822],[28.58944,41.2483],[28.58946,41.24836],[28.58948,41.24843],[28.58952,41.2485],[28.58957,41.24857],[28.58962,41.24864],[28.58974,41.24876],[28.58986,41.24886],[28.58999,41.24896],[28.59014,41.24908],[28.59026,41.24916],[28.59047,41.2493],[28.59079,41.24952],[28.59097,41.24965],[28.59112,41.24977],[28.5912,41.24985],[28.59125,41.24991],[28.59127,41.24996]]}},{"type":"Feature","properties":{"sinif":"trunk_link","ad":null},"geometry":{"type":"LineString","coordinates":[[28.58896,41.24869],[28.58886,41.24889],[28.58882,41.24904],[28.5888,41.24915]]}},{"type":"Feature","properties":{"sinif":"secondary","ad":"Kıbrıs Caddesi"},"geometry":{"type":"LineString","coordinates":[[28.73327,41.2015],[28.73337,41.20145],[28.73376,41.20127],[28.734,41.20115],[28.7349,41.20072],[28.73522,41.20058],[28.73552,41.20044],[28.73595,41.20024],[28.73618,41.20013],[28.73625,41.20009],[28.73706,41.19972],[28.73723,41.19965],[28.73742,41.19958],[28.73753,41.19954],[28.73758,41.19953],[28.7377,41.19949],[28.73901,41.19908],[28.73903,41.19908],[28.73978,41.19885],[28.74006,41.19876],[28.74012,41.19874],[28.74019,41.19872],[28.74028,41.19871],[28.74143,41.19871],[28.74195,41.19872],[28.7421,41.19872],[28.74223,41.19871],[28.7429,41.19869],[28.74297,41.19869],[28.74362,41.19863],[28.7439,41.1986],[28.74471,41.1985],[28.74476,41.1985],[28.74541,41.19842],[28.7457,41.1984],[28.74581,41.1984],[28.74603,41.19841],[28.74726,41.19843],[28.74789,41.19844],[28.74807,41.19845],[28.74825,41.19846],[28.74836,41.19848],[28.74843,41.19849],[28.74875,41.19854],[28.74886,41.19855],[28.749,41.19856],[28.74909,41.19856],[28.7492,41.19855],[28.74937,41.19852],[28.74941,41.19851],[28.74974,41.19846],[28.75022,41.19838],[28.75058,41.19834],[28.75076,41.19833],[28.75094,41.19832],[28.75106,41.19832],[28.7515,41.19836],[28.75191,41.19841],[28.75226,41.19843],[28.75235,41.19843],[28.75253,41.19843],[28.75261,41.19843]]}},{"type":"Feature","properties":{"sinif":"secondary","ad":null},"geometry":{"type":"LineString","coordinates":[[28.75261,41.19843],[28.75254,41.19847],[28.75246,41.19851],[28.75235,41.19852],[28.75225,41.19852],[28.75211,41.19851],[28.75189,41.19849],[28.75151,41.19846],[28.7511,41.19843],[28.75091,41.19842],[28.7507,41.19843],[28.75056,41.19845],[28.75054,41.19845],[28.74984,41.19855],[28.74933,41.19864],[28.74915,41.19867],[28.74909,41.19867],[28.74895,41.19868],[28.74881,41.19867],[28.7487,41.19866],[28.74844,41.19861],[28.74834,41.19859],[28.74829,41.19858],[28.74817,41.19857],[28.74804,41.19856],[28.74741,41.19854],[28.74728,41.19854],[28.74578,41.19851],[28.74563,41.19851],[28.74551,41.19852],[28.74497,41.19859],[28.74421,41.19868],[28.74384,41.19873],[28.7434,41.19877],[28.74311,41.19879],[28.74298,41.1988],[28.74206,41.19882],[28.74108,41.19884],[28.74029,41.19883],[28.74024,41.19883],[28.74021,41.19883],[28.74012,41.19885],[28.73901,41.19919],[28.73896,41.19921],[28.73774,41.1996],[28.73738,41.19971],[28.73725,41.19976],[28.73715,41.1998],[28.73557,41.20055],[28.73438,41.2011],[28.73332,41.20158]]}},{"type":"Feature","properties":{"sinif":"secondary","ad":"Kıbrıs Caddesi"},"geometry":{"type":"LineString","coordinates":[[28.75261,41.19843],[28.75287,41.19839],[28.75304,41.19835],[28.75316,41.19831],[28.75325,41.19827],[28.75329,41.19824],[28.75335,41.19821],[28.75349,41.19811],[28.75353,41.1981],[28.75357,41.19808],[28.75367,41.19805],[28.75417,41.19795],[28.75426,41.19793],[28.75466,41.19786],[28.75503,41.19779],[28.75514,41.19777],[28.75525,41.19777],[28.75555,41.19777],[28.75569,41.19778],[28.75647,41.19778],[28.75651,41.19778],[28.75665,41.19778],[28.7568,41.19777],[28.75703,41.19775],[28.75724,41.19772],[28.75732,41.19769],[28.75742,41.19765],[28.75762,41.19756],[28.75768,41.19752],[28.75804,41.19728],[28.75838,41.19706],[28.7585,41.197],[28.7586,41.19697],[28.7587,41.19693],[28.75886,41.1969],[28.75913,41.19686],[28.75924,41.19684],[28.75933,41.19679],[28.75941,41.19671],[28.75961,41.19652],[28.75976,41.19639],[28.75987,41.19629],[28.75992,41.19625],[28.75997,41.1962],[28.7601,41.19613],[28.76026,41.19606],[28.76048,41.19598],[28.76056,41.19595],[28.76085,41.19587],[28.76102,41.19583],[28.76147,41.19578]]}},{"type":"Feature","properties":{"sinif":"secondary","ad":"Yıldırım Beyazıt Caddesi"},"geometry":{"type":"LineString","coordinates":[[28.74275,41.18894],[28.74284,41.18908],[28.74294,41.18922],[28.74317,41.18958],[28.74326,41.18971],[28.74329,41.18976],[28.7434,41.18984],[28.74348,41.1899],[28.74367,41.19002],[28.74396,41.19017],[28.74423,41.19027],[28.74445,41.19034],[28.74487,41.19045],[28.74566,41.19062],[28.74629,41.19075],[28.74721,41.19095],[28.74733,41.19097],[28.74738,41.19098],[28.74742,41.19099],[28.7476,41.19109],[28.74863,41.19175],[28.74945,41.19234],[28.74966,41.19248],[28.74979,41.19257],[28.75013,41.19274],[28.7521,41.19382],[28.75257,41.19407],[28.75269,41.19413],[28.75289,41.19426],[28.75291,41.19427],[28.7531,41.19441],[28.75325,41.19452],[28.75335,41.19458],[28.75379,41.19486],[28.75404,41.19501],[28.75426,41.19512],[28.75445,41.19521],[28.75465,41.19528],[28.75477,41.19531],[28.75488,41.19533],[28.75493,41.19533],[28.75504,41.19533],[28.75514,41.19532],[28.75533,41.1953],[28.75567,41.19525],[28.75668,41.1951],[28.75673,41.19508],[28.75724,41.19502],[28.75745,41.19499],[28.75762,41.19498],[28.75788,41.19496],[28.75826,41.19495],[28.7583,41.19495],[28.75886,41.19496],[28.75915,41.19497],[28.75919,41.19498],[28.75946,41.195],[28.75975,41.19505],[28.7601,41.19511],[28.76031,41.19515],[28.76058,41.19522],[28.76073,41.19527],[28.7609,41.19535],[28.76125,41.19557],[28.76154,41.19576],[28.76237,41.19622],[28.76272,41.19645],[28.76283,41.19652],[28.76296,41.19661],[28.76303,41.19668],[28.76312,41.19678],[28.76314,41.19681],[28.76329,41.19703],[28.76351,41.19725],[28.76359,41.19733],[28.76365,41.19738],[28.76377,41.19751],[28.76389,41.19762],[28.76403,41.19773],[28.7642,41.19785],[28.76433,41.1979],[28.76449,41.19795],[28.76472,41.198],[28.76483,41.198],[28.76504,41.19796]]}},{"type":"Feature","properties":{"sinif":"secondary","ad":null},"geometry":{"type":"LineString","coordinates":[[28.7653,41.1979],[28.76528,41.19796],[28.76527,41.19798],[28.76524,41.19802],[28.76522,41.19805],[28.76517,41.1981],[28.76508,41.19817]]}},{"type":"Feature","properties":{"sinif":"secondary","ad":null},"geometry":{"type":"LineString","coordinates":[[28.76471,41.1981],[28.76468,41.1981],[28.76465,41.19809],[28.76441,41.19804],[28.76435,41.19802],[28.76424,41.19798],[28.76416,41.19795],[28.76409,41.19789],[28.76397,41.1978],[28.7638,41.19766],[28.76358,41.19745],[28.76343,41.1973],[28.7633,41.19717],[28.76314,41.19695],[28.76305,41.19684],[28.76297,41.19675],[28.76291,41.1967],[28.76287,41.19667],[28.76281,41.19662],[28.76269,41.19653],[28.76252,41.19641],[28.76237,41.19634],[28.76161,41.19587],[28.76147,41.19578],[28.7611,41.19558],[28.76081,41.1954],[28.76072,41.19536],[28.76063,41.19532],[28.76051,41.19528],[28.76035,41.19524],[28.76015,41.1952],[28.75971,41.19513],[28.75919,41.19506],[28.75913,41.19506],[28.759,41.19505],[28.75884,41.19504],[28.75829,41.19504],[28.75782,41.19506],[28.75755,41.19507],[28.75739,41.19508],[28.7572,41.1951],[28.75693,41.19514],[28.75628,41.19523],[28.75571,41.19532],[28.75541,41.19536],[28.75527,41.19539],[28.75515,41.1954],[28.75489,41.1954],[28.75484,41.1954],[28.7548,41.19539],[28.75471,41.19538],[28.75458,41.19534],[28.75432,41.19524],[28.75394,41.19506],[28.7538,41.19497],[28.75365,41.19487],[28.75346,41.19474],[28.75329,41.19463],[28.75327,41.19462],[28.75318,41.19456],[28.75302,41.19446],[28.75267,41.19422],[28.75239,41.19406],[28.75206,41.19388],[28.75166,41.19365],[28.7514,41.19352],[28.75109,41.19336],[28.75075,41.19317],[28.75039,41.19299],[28.75004,41.1928],[28.74971,41.19262],[28.74966,41.19259],[28.74951,41.1925],[28.74941,41.19243],[28.7491,41.19222],[28.74887,41.19205],[28.74837,41.19171],[28.74799,41.19144],[28.74783,41.19135],[28.74764,41.19123],[28.74755,41.19117],[28.74741,41.1911],[28.74734,41.19107],[28.74722,41.19103],[28.74695,41.19098],[28.74646,41.19088],[28.74576,41.19073],[28.74446,41.19044],[28.74431,41.1904],[28.74417,41.19035],[28.74404,41.1903],[28.74387,41.19022],[28.74367,41.19012],[28.74357,41.19007],[28.7435,41.19002],[28.74336,41.18993],[28.74327,41.18987],[28.7432,41.18982],[28.74318,41.18979],[28.74311,41.18971],[28.74298,41.18949],[28.74285,41.18928],[28.74281,41.1892],[28.74276,41.18913],[28.74274,41.18908],[28.74274,41.18904],[28.74275,41.18894]]}},{"type":"Feature","properties":{"sinif":"primary","ad":"Necip Fazıl Caddesi"},"geometry":{"type":"LineString","coordinates":[[28.74458,41.18418],[28.74434,41.18423],[28.74419,41.18425],[28.74379,41.18428],[28.74344,41.18428],[28.74334,41.18428],[28.74274,41.18428],[28.74261,41.18428],[28.74241,41.1843],[28.74225,41.18431],[28.7421,41.18431],[28.74198,41.18432],[28.74187,41.18433],[28.74176,41.18434],[28.74169,41.18437],[28.74164,41.1844],[28.74156,41.18446],[28.74149,41.18453],[28.74146,41.18457],[28.74141,41.1846]]}},{"type":"Feature","properties":{"sinif":"secondary","ad":"Necip Fazıl Caddesi"},"geometry":{"type":"LineString","coordinates":[[28.74562,41.18392],[28.74559,41.18401],[28.74559,41.18408],[28.7456,41.1841],[28.74562,41.18412],[28.74567,41.18413],[28.74574,41.18414],[28.74642,41.18417],[28.74657,41.1842],[28.7468,41.18425],[28.74699,41.18431],[28.74726,41.18437],[28.74731,41.18439],[28.7474,41.18444]]}},{"type":"Feature","properties":{"sinif":"secondary","ad":"Necip Fazıl Caddesi"},"geometry":{"type":"LineString","coordinates":[[28.7474,41.18444],[28.74731,41.18445],[28.74727,41.18445],[28.74683,41.18434],[28.74656,41.18428],[28.7465,41.18427],[28.74646,41.18426],[28.74639,41.18425],[28.74558,41.1842],[28.74523,41.18418],[28.74479,41.18416]]}},{"type":"Feature","properties":{"sinif":"secondary","ad":"Neip Fazıl Caddesi"},"geometry":{"type":"LineString","coordinates":[[28.75493,41.18595],[28.75486,41.18597],[28.75479,41.18599],[28.75471,41.186],[28.75463,41.18601],[28.75441,41.18601],[28.75416,41.18601],[28.75363,41.18601],[28.75345,41.18601],[28.75323,41.186],[28.75305,41.18599],[28.75285,41.18597],[28.75252,41.18595],[28.75217,41.18592],[28.75198,41.1859],[28.7517,41.18587],[28.75094,41.18578],[28.75092,41.18577],[28.75052,41.18573],[28.75044,41.18571],[28.75034,41.18568],[28.75025,41.18565],[28.75018,41.18561],[28.75015,41.18559],[28.74995,41.18546],[28.74947,41.18521],[28.74939,41.18507]]}},{"type":"Feature","properties":{"sinif":"secondary","ad":"Necip Fazıl Caddesi"},"geometry":{"type":"LineString","coordinates":[[28.7474,41.18444],[28.74742,41.18445],[28.74778,41.18454],[28.74784,41.18456],[28.74819,41.18466],[28.74828,41.18469],[28.74862,41.18479],[28.74869,41.18482],[28.74903,41.18492],[28.74912,41.18495],[28.74925,41.185],[28.74935,41.18505],[28.74939,41.18507]]}},{"type":"Feature","properties":{"sinif":"secondary","ad":null},"geometry":{"type":"LineString","coordinates":[[28.74939,41.18507],[28.74947,41.18509],[28.74965,41.18518],[28.7499,41.18532],[28.75012,41.18545],[28.75018,41.18548],[28.75028,41.18554],[28.75039,41.1856],[28.75045,41.18563],[28.75052,41.18565],[28.75054,41.18565],[28.75062,41.18567],[28.75093,41.1857],[28.7514,41.18575],[28.75195,41.18582],[28.75253,41.18586],[28.75261,41.18587],[28.75337,41.18592],[28.75407,41.18593],[28.75416,41.18593],[28.75466,41.18593],[28.75477,41.18593],[28.75493,41.18595]]}},{"type":"Feature","properties":{"sinif":"secondary","ad":null},"geometry":{"type":"LineString","coordinates":[[28.76241,41.18581],[28.76239,41.18581],[28.76236,41.1858],[28.76235,41.18578],[28.76234,41.18576],[28.76234,41.18574],[28.76235,41.18572],[28.76237,41.1857],[28.76239,41.18569],[28.76242,41.18568],[28.76245,41.18568],[28.76248,41.18569],[28.7625,41.18571],[28.76251,41.18573]]}},{"type":"Feature","properties":{"sinif":"secondary","ad":"Hoca Ahmet Yesevi Caddesi"},"geometry":{"type":"LineString","coordinates":[[28.74436,41.18489],[28.74438,41.185],[28.74454,41.18546],[28.74463,41.18579],[28.74466,41.18607],[28.74467,41.18626],[28.74465,41.18631],[28.74463,41.18641],[28.74457,41.18663],[28.7445,41.1868],[28.74441,41.18702]]}},{"type":"Feature","properties":{"sinif":"secondary","ad":"Hoca Ahmet Yesevi Caddesi"},"geometry":{"type":"LineString","coordinates":[[28.74491,41.18848],[28.74502,41.18852],[28.74508,41.18856],[28.74515,41.1886],[28.74537,41.18874],[28.7456,41.18889],[28.74572,41.18897],[28.74582,41.18902],[28.74601,41.1891],[28.74613,41.18915],[28.74624,41.18918],[28.74637,41.18922],[28.74649,41.18923],[28.74659,41.18923],[28.74675,41.18922],[28.74691,41.18921],[28.74702,41.18922],[28.74714,41.18923]]}},{"type":"Feature","properties":{"sinif":"secondary","ad":"Hoca Ahmet Yesevi Caddesi"},"geometry":{"type":"LineString","coordinates":[[28.74714,41.18923],[28.7474,41.18922],[28.74776,41.18919],[28.74789,41.18917],[28.74839,41.18911],[28.74883,41.18906],[28.74893,41.18904],[28.74903,41.18902],[28.74918,41.18898],[28.74928,41.18894],[28.74939,41.18888],[28.74962,41.18874],[28.74984,41.18859],[28.7499,41.18855],[28.75001,41.18849],[28.75008,41.18846],[28.75014,41.18844],[28.75026,41.18843],[28.7507,41.1884],[28.75102,41.18838],[28.7514,41.18837],[28.75187,41.18833],[28.75211,41.18829],[28.75232,41.18827],[28.75251,41.18823],[28.7529,41.18816],[28.75311,41.18811],[28.75333,41.18804],[28.7535,41.18798],[28.7537,41.18789],[28.75404,41.18771],[28.7542,41.18763],[28.7544,41.18753],[28.75464,41.18741],[28.75485,41.18728],[28.75507,41.18715],[28.75528,41.18703],[28.75538,41.18699],[28.7555,41.18694],[28.75558,41.18691],[28.75567,41.18689],[28.75588,41.18687],[28.75618,41.18686],[28.75669,41.18683],[28.75684,41.18682],[28.75687,41.18681],[28.75692,41.18678],[28.75694,41.18674],[28.75697,41.18665],[28.75703,41.18653],[28.75717,41.1862]]}},{"type":"Feature","properties":{"sinif":"secondary","ad":null},"geometry":{"type":"LineString","coordinates":[[28.74714,41.18923],[28.74702,41.18927],[28.74691,41.18929],[28.74678,41.1893],[28.74653,41.18932],[28.7464,41.18932],[28.74632,41.1893],[28.74617,41.18925],[28.74581,41.18912],[28.74565,41.18903],[28.74552,41.18897],[28.74541,41.18889],[28.74533,41.18884],[28.74509,41.18868],[28.74501,41.18862],[28.745,41.1886],[28.74498,41.18857],[28.74491,41.18848]]}},{"type":"Feature","properties":{"sinif":"secondary","ad":"Milli Egemenlik Caddesi"},"geometry":{"type":"LineString","coordinates":[[28.76072,41.17941],[28.76067,41.17937],[28.76063,41.17933],[28.76059,41.17925],[28.76058,41.17916],[28.76057,41.17909],[28.76058,41.17903],[28.7606,41.17895],[28.76063,41.17885],[28.76067,41.17875],[28.76068,41.17873],[28.76071,41.17864],[28.76073,41.17854],[28.76074,41.17843],[28.76074,41.17833],[28.76072,41.17823],[28.76069,41.17814],[28.76065,41.17807],[28.76061,41.178],[28.76053,41.17793],[28.76044,41.17786],[28.76034,41.1778],[28.76022,41.17773],[28.7601,41.17767],[28.76001,41.17763],[28.75984,41.17757],[28.75953,41.17749],[28.75887,41.17733],[28.75841,41.17722],[28.75815,41.17715],[28.75744,41.17695],[28.75696,41.17681],[28.75677,41.17675],[28.75671,41.17673],[28.75649,41.17666],[28.75621,41.17655],[28.75581,41.17639]]}},{"type":"Feature","properties":{"sinif":"secondary","ad":null},"geometry":{"type":"LineString","coordinates":[[28.76092,41.17942],[28.76118,41.17943],[28.76162,41.17944],[28.76183,41.17945],[28.76192,41.17946],[28.76201,41.17948],[28.76214,41.17953],[28.76223,41.17956],[28.76252,41.17967],[28.76257,41.17969],[28.76276,41.17976],[28.76313,41.1799],[28.76358,41.18003],[28.76406,41.18017],[28.76408,41.18018],[28.76426,41.18022],[28.76448,41.18026],[28.76482,41.18032],[28.76547,41.18041],[28.76549,41.18041],[28.76568,41.18045],[28.76584,41.18049],[28.76608,41.18058],[28.76629,41.18068],[28.76658,41.18086],[28.76662,41.18088],[28.7667,41.18092],[28.76681,41.18094],[28.76692,41.18095],[28.76703,41.18093],[28.76719,41.18087],[28.7674,41.1808],[28.76754,41.18078],[28.76765,41.18076],[28.76776,41.18077],[28.7679,41.18084]]}},{"type":"Feature","properties":{"sinif":"secondary","ad":null},"geometry":{"type":"LineString","coordinates":[[28.7679,41.18084],[28.76773,41.18083],[28.76761,41.18085],[28.76739,41.18089],[28.76717,41.18097],[28.76698,41.18102],[28.76688,41.18103],[28.7668,41.18103],[28.76671,41.181],[28.76663,41.18097],[28.76652,41.1809],[28.76644,41.18086],[28.76613,41.18068],[28.76592,41.18058],[28.76568,41.18052],[28.76551,41.18049],[28.76543,41.18047],[28.76504,41.18041],[28.7649,41.18039],[28.76486,41.18039],[28.76441,41.18032],[28.76426,41.18029],[28.76384,41.18016],[28.76381,41.18015],[28.76339,41.18002],[28.76334,41.18001],[28.76295,41.17989],[28.76291,41.17987],[28.76265,41.17979],[28.7626,41.17977],[28.76238,41.17968],[28.76195,41.17953],[28.76186,41.17951],[28.76183,41.17951],[28.76158,41.1795],[28.76096,41.17949],[28.76082,41.17947],[28.76072,41.17941]]}},{"type":"Feature","properties":{"sinif":"secondary","ad":null},"geometry":{"type":"LineString","coordinates":[[28.77033,41.18084],[28.77036,41.18082],[28.7704,41.18081],[28.77042,41.1808],[28.77044,41.1808],[28.77047,41.18081],[28.77051,41.18083],[28.77053,41.18085],[28.77054,41.18088],[28.77054,41.18091],[28.77053,41.18094],[28.77051,41.18096]]}},{"type":"Feature","properties":{"sinif":"secondary","ad":null},"geometry":{"type":"LineString","coordinates":[[28.77172,41.18098],[28.77166,41.18097],[28.77159,41.18097],[28.77139,41.18098],[28.7713,41.18097]]}},{"type":"Feature","properties":{"sinif":"secondary","ad":"Türksoy Caddesi"},"geometry":{"type":"LineString","coordinates":[[28.76441,41.19125],[28.76471,41.191],[28.76497,41.1907],[28.76515,41.19051],[28.76533,41.19036],[28.76559,41.19012],[28.76602,41.18972],[28.76651,41.18924],[28.76731,41.18836],[28.76761,41.18804],[28.76794,41.18773],[28.76813,41.18757],[28.76831,41.18742],[28.76841,41.1873],[28.76851,41.18719],[28.76857,41.18712],[28.76871,41.18698],[28.76896,41.18672],[28.76911,41.18658],[28.76919,41.18648],[28.76923,41.18642],[28.76924,41.18629],[28.76926,41.1862],[28.76927,41.18613],[28.76936,41.18598],[28.76944,41.18588],[28.76952,41.18576],[28.76983,41.18539],[28.77,41.18522],[28.77007,41.18512],[28.7701,41.18504],[28.7701,41.18492],[28.77007,41.18475],[28.77005,41.18466],[28.76998,41.1845],[28.76995,41.1844],[28.76987,41.18421],[28.76982,41.18407],[28.76981,41.18399],[28.76974,41.18386],[28.76971,41.18374],[28.76969,41.18367],[28.76966,41.1835]]}},{"type":"Feature","properties":{"sinif":"tertiary","ad":"Türksoy Caddesi"},"geometry":{"type":"LineString","coordinates":[[28.75784,41.19293],[28.75837,41.1927],[28.75867,41.19261],[28.7589,41.19256],[28.75907,41.19252],[28.75933,41.19246],[28.75949,41.19244],[28.75975,41.19242],[28.76004,41.19243],[28.76012,41.19243],[28.76048,41.19245],[28.76078,41.19246],[28.76083,41.19246],[28.76093,41.19244],[28.76103,41.19242],[28.76114,41.19239],[28.76127,41.19233],[28.76165,41.19213],[28.7621,41.19193],[28.76246,41.19179],[28.76307,41.19159],[28.76343,41.19153],[28.76353,41.19151],[28.76393,41.1914],[28.76441,41.19125]]}},{"type":"Feature","properties":{"sinif":"secondary","ad":"Mavigöl Caddesi"},"geometry":{"type":"LineString","coordinates":[[28.7653,41.1979],[28.76539,41.19792],[28.76547,41.19796],[28.76557,41.19802],[28.76566,41.19807],[28.76575,41.19812],[28.7659,41.19819],[28.76606,41.19825],[28.76624,41.19832],[28.7664,41.19839],[28.7665,41.19844],[28.76654,41.19847],[28.76659,41.19849],[28.76672,41.19857],[28.76683,41.19863],[28.76691,41.19869],[28.76696,41.19874],[28.76701,41.19878],[28.7671,41.19889],[28.76717,41.19897],[28.76746,41.19935],[28.7677,41.19966],[28.76777,41.19978],[28.76806,41.20024],[28.76828,41.2006],[28.76849,41.20091],[28.76852,41.20096],[28.76863,41.20113],[28.76867,41.20119],[28.76881,41.20137],[28.76905,41.20164],[28.76916,41.20175],[28.76935,41.20196],[28.76964,41.2023],[28.76989,41.20259],[28.77018,41.2029],[28.77022,41.20294],[28.77076,41.20352],[28.7713,41.20404],[28.77208,41.2047],[28.77229,41.20483],[28.77245,41.20497],[28.77265,41.20515],[28.77285,41.20532],[28.77297,41.20543],[28.77305,41.2055],[28.77317,41.20561],[28.77322,41.20566],[28.77328,41.20578],[28.77335,41.206],[28.77348,41.20639],[28.77349,41.20647],[28.77351,41.20656],[28.77352,41.20674],[28.77354,41.20729],[28.77355,41.2079],[28.77356,41.20808],[28.77359,41.20861]]}},{"type":"Feature","properties":{"sinif":"secondary","ad":"Mavigöl Caddesi"},"geometry":{"type":"LineString","coordinates":[[28.77343,41.20853],[28.77342,41.20808],[28.77342,41.2078],[28.77341,41.2073],[28.7734,41.20703],[28.7734,41.20674],[28.77339,41.20662],[28.77338,41.20653],[28.77336,41.20644],[28.77317,41.20588],[28.77312,41.20576],[28.77306,41.20567],[28.77296,41.20557],[28.77272,41.20535],[28.77265,41.20529],[28.77255,41.20521],[28.77199,41.20476],[28.77121,41.20409],[28.77056,41.2035],[28.7702,41.20308],[28.77003,41.2029],[28.76982,41.20269],[28.76967,41.20251],[28.76954,41.20237],[28.76943,41.20223],[28.76921,41.20198],[28.76904,41.2018],[28.76898,41.20173],[28.76876,41.20148],[28.76856,41.20124],[28.7685,41.20117],[28.76839,41.20101],[28.76811,41.20061],[28.76795,41.20031],[28.76764,41.19982],[28.7676,41.19976],[28.76742,41.1995],[28.76729,41.19934],[28.76696,41.19891],[28.76691,41.19884],[28.76687,41.1988],[28.76679,41.19873],[28.76672,41.19868],[28.76666,41.19864],[28.76653,41.19857],[28.76646,41.19852],[28.7663,41.19843],[28.76619,41.19838],[28.76603,41.19833],[28.76588,41.19829],[28.76566,41.19825],[28.76555,41.19823],[28.76529,41.19819],[28.76519,41.19818],[28.76508,41.19817]]}},{"type":"Feature","properties":{"sinif":"secondary_link","ad":null},"geometry":{"type":"LineString","coordinates":[[28.7813,41.22219],[28.78134,41.22225],[28.78137,41.22229],[28.78137,41.22233],[28.78137,41.22236],[28.78135,41.2224],[28.78133,41.22243],[28.7813,41.22245],[28.78124,41.22247],[28.78117,41.2225]]}},{"type":"Feature","properties":{"sinif":"tertiary","ad":"Falih Rıfhı Atay Caddesi"},"geometry":{"type":"LineString","coordinates":[[28.76597,41.18543],[28.7661,41.18468],[28.76612,41.18457],[28.7661,41.18451],[28.76605,41.18443],[28.76589,41.18444],[28.76578,41.18441],[28.76567,41.18437],[28.7655,41.18424],[28.76543,41.18419],[28.76498,41.18386],[28.76493,41.18382],[28.76478,41.18369],[28.76467,41.18358],[28.76448,41.18332],[28.76425,41.18301],[28.7641,41.18283],[28.76399,41.18269],[28.76393,41.18263],[28.76365,41.18242],[28.76327,41.18217],[28.76279,41.18196],[28.76226,41.18176],[28.7619,41.18165],[28.76167,41.18158],[28.76154,41.18155],[28.76132,41.18149],[28.76118,41.18145],[28.76109,41.18143],[28.76106,41.18142],[28.76075,41.18137],[28.76074,41.18137],[28.76058,41.18135]]}},{"type":"Feature","properties":{"sinif":"tertiary","ad":"Şirindere Caddesi"},"geometry":{"type":"LineString","coordinates":[[28.75877,41.18639],[28.75922,41.18657],[28.75949,41.18669],[28.7597,41.18678],[28.76004,41.18693],[28.76012,41.18697],[28.76017,41.18702],[28.76022,41.18707],[28.76026,41.18714],[28.7603,41.18722],[28.76035,41.18744],[28.76039,41.18755],[28.76044,41.18766],[28.76057,41.18783],[28.76075,41.18803],[28.76086,41.18815],[28.76089,41.1882],[28.76092,41.18826],[28.76094,41.18833],[28.76095,41.18843],[28.76097,41.18851],[28.76099,41.18857],[28.761,41.1886],[28.76104,41.18864],[28.76108,41.18865],[28.76114,41.18866],[28.76127,41.18868],[28.76137,41.1887],[28.76148,41.18872],[28.76152,41.18874],[28.76155,41.18876],[28.76162,41.18879],[28.76181,41.18893],[28.76188,41.18898],[28.76194,41.18902],[28.76202,41.18904],[28.76212,41.18906],[28.76227,41.18907],[28.76238,41.18907],[28.76244,41.18908],[28.7625,41.18908],[28.76257,41.18909],[28.76263,41.18911],[28.76284,41.18924],[28.76357,41.18973],[28.76376,41.18986],[28.76387,41.18997],[28.76392,41.19003],[28.76397,41.19009],[28.764,41.19017],[28.76403,41.19034],[28.7641,41.19063],[28.76418,41.19082],[28.76427,41.19107],[28.76441,41.19125]]}},{"type":"Feature","properties":{"sinif":"secondary","ad":"Yavuz Selim Caddesi"},"geometry":{"type":"LineString","coordinates":[[28.7476,41.18102],[28.74815,41.18107],[28.74846,41.18114],[28.74876,41.18123],[28.74895,41.18129],[28.74929,41.18139],[28.74953,41.18142],[28.74994,41.18144],[28.75022,41.18146],[28.75058,41.18149],[28.75087,41.18151],[28.75112,41.18155],[28.75139,41.18165],[28.75172,41.1818],[28.75238,41.18209],[28.7534,41.1825]]}},{"type":"Feature","properties":{"sinif":"secondary_link","ad":null},"geometry":{"type":"LineString","coordinates":[[28.75421,41.18283],[28.75423,41.18285],[28.75423,41.18287],[28.75423,41.18289],[28.75421,41.18291],[28.75419,41.18292],[28.75417,41.18293],[28.75415,41.18293],[28.7541,41.18292],[28.75408,41.1829],[28.75407,41.18288],[28.75407,41.18286],[28.75407,41.18284],[28.75409,41.18282],[28.75411,41.18281]]}},{"type":"Feature","properties":{"sinif":"secondary_link","ad":null},"geometry":{"type":"LineString","coordinates":[[28.75421,41.18283],[28.75434,41.18286]]}},{"type":"Feature","properties":{"sinif":"secondary","ad":"Enginalp Sokak"},"geometry":{"type":"LineString","coordinates":[[28.75434,41.18286],[28.75462,41.18287],[28.75483,41.18287],[28.75503,41.18286],[28.75514,41.18284],[28.75524,41.18282],[28.75533,41.18279],[28.75541,41.18275],[28.75552,41.18271],[28.75565,41.18262],[28.75574,41.18256],[28.75587,41.1824],[28.75646,41.18174],[28.75677,41.18133]]}},{"type":"Feature","properties":{"sinif":"secondary_link","ad":null},"geometry":{"type":"LineString","coordinates":[[28.7542,41.18307],[28.7541,41.18292]]}},{"type":"Feature","properties":{"sinif":"tertiary","ad":"Koca Yusuf Caddesi"},"geometry":{"type":"LineString","coordinates":[[28.7571,41.21411],[28.75808,41.21411],[28.75857,41.21412],[28.75905,41.21413],[28.76006,41.21415],[28.76017,41.21407]]}},{"type":"Feature","properties":{"sinif":"tertiary","ad":"Koca Yusuf Caddesi"},"geometry":{"type":"LineString","coordinates":[[28.7667,41.2092],[28.76681,41.20865],[28.76683,41.20853],[28.7669,41.20812],[28.76697,41.20772],[28.76704,41.20735],[28.76709,41.20716],[28.76718,41.20675],[28.76726,41.2064],[28.76735,41.20611],[28.76736,41.20605],[28.76739,41.20594],[28.76743,41.20579],[28.76753,41.20545],[28.76756,41.20533],[28.76755,41.2052],[28.76753,41.20515],[28.7675,41.20506],[28.76748,41.20502],[28.7674,41.20484],[28.76737,41.2047],[28.76735,41.20457],[28.76735,41.2045],[28.76735,41.20435],[28.76737,41.20414],[28.76739,41.20396],[28.76736,41.20381],[28.76735,41.20369],[28.76726,41.20344],[28.76725,41.20338],[28.76714,41.20321],[28.7671,41.2031],[28.76707,41.20304],[28.767,41.20292],[28.76694,41.2028],[28.76682,41.20264],[28.76678,41.20258],[28.76675,41.2025],[28.76663,41.20218],[28.76657,41.20201],[28.76653,41.2019],[28.76649,41.20177],[28.76643,41.20163],[28.7664,41.20155],[28.76635,41.2014],[28.76629,41.20133],[28.76614,41.20125],[28.76596,41.2012],[28.76547,41.20101],[28.76527,41.20094],[28.76488,41.20078],[28.76469,41.20071],[28.7646,41.20065],[28.76451,41.2006],[28.76441,41.20051],[28.76432,41.20038],[28.76421,41.20023],[28.76388,41.19979]]}},{"type":"Feature","properties":{"sinif":"tertiary","ad":"Koca Yusuf Caddesi"},"geometry":{"type":"LineString","coordinates":[[28.76017,41.21407],[28.76067,41.21365],[28.76093,41.21342],[28.76106,41.21329],[28.76113,41.21321],[28.76126,41.21307],[28.76131,41.21298],[28.76137,41.21291],[28.76146,41.21288],[28.76156,41.21285],[28.76296,41.21281],[28.76524,41.21273],[28.76547,41.2127],[28.76582,41.21262],[28.76599,41.21256],[28.76608,41.21251],[28.76613,41.21248],[28.76623,41.21238],[28.7664,41.21217],[28.76674,41.21192],[28.76676,41.21151],[28.76677,41.21143],[28.76678,41.21113],[28.76676,41.21066],[28.76675,41.21031],[28.76672,41.20994],[28.7667,41.2092]]}},{"type":"Feature","properties":{"sinif":"tertiary","ad":"Abdullah Gül Caddesi"},"geometry":{"type":"LineString","coordinates":[[28.75986,41.20301],[28.75977,41.20307],[28.7594,41.20331],[28.75901,41.20357],[28.75879,41.20374],[28.75863,41.20388],[28.75847,41.20408],[28.75836,41.20422],[28.75828,41.20431],[28.75809,41.20458],[28.75778,41.205],[28.75762,41.20523],[28.75742,41.20555],[28.75733,41.20576],[28.75723,41.20601],[28.75707,41.20639],[28.75674,41.20732],[28.75663,41.20758],[28.75645,41.20805],[28.75631,41.20841],[28.756,41.20924],[28.75587,41.20955],[28.7558,41.20971],[28.7557,41.20998],[28.75553,41.21017],[28.75527,41.21046],[28.75507,41.21066]]}},{"type":"Feature","properties":{"sinif":"tertiary","ad":"Battalgazi Caddesi"},"geometry":{"type":"LineString","coordinates":[[28.76483,41.19851],[28.765,41.1986],[28.76517,41.1987],[28.76531,41.19884],[28.76545,41.199],[28.7655,41.19907],[28.76553,41.1991],[28.76556,41.19915],[28.7656,41.19919],[28.76566,41.19927],[28.76572,41.1994],[28.76584,41.19971],[28.76592,41.1999],[28.76599,41.20005],[28.76603,41.20013],[28.76614,41.20021],[28.76622,41.2003],[28.76629,41.20038],[28.76632,41.20042],[28.76635,41.20048],[28.76637,41.20053],[28.76641,41.20063],[28.76648,41.20068],[28.76659,41.20079],[28.76671,41.20091],[28.7671,41.20102],[28.76755,41.20109],[28.76802,41.20116],[28.7685,41.20117],[28.76863,41.20113]]}},{"type":"Feature","properties":{"sinif":"tertiary","ad":null},"geometry":{"type":"LineString","coordinates":[[28.76641,41.20113],[28.76639,41.20102],[28.76637,41.20094],[28.76637,41.2007],[28.76641,41.20063]]}},{"type":"Feature","properties":{"sinif":"tertiary","ad":null},"geometry":{"type":"LineString","coordinates":[[28.76671,41.20091],[28.76658,41.201],[28.76652,41.20105],[28.76646,41.2011],[28.76641,41.20113]]}},{"type":"Feature","properties":{"sinif":"tertiary","ad":"Abdullah Gül Caddesi"},"geometry":{"type":"LineString","coordinates":[[28.75507,41.21066],[28.75474,41.2109]]}},{"type":"Feature","properties":{"sinif":"tertiary","ad":"Ayla Sokak"},"geometry":{"type":"LineString","coordinates":[[28.75329,41.19463],[28.75328,41.19472],[28.75329,41.19516],[28.7533,41.19552],[28.75329,41.19578],[28.75328,41.19592],[28.75326,41.19605],[28.75325,41.19614],[28.75325,41.1962],[28.75318,41.1964],[28.7531,41.19654],[28.75301,41.19675],[28.75295,41.19687],[28.75293,41.19696],[28.75288,41.19714],[28.75286,41.19725],[28.75285,41.19733],[28.75284,41.19742],[28.75286,41.19747],[28.75292,41.19755],[28.75305,41.1977],[28.75318,41.1979],[28.75329,41.1981],[28.75335,41.19821]]}},{"type":"Feature","properties":{"sinif":"tertiary","ad":null},"geometry":{"type":"LineString","coordinates":[[28.75325,41.19827],[28.75319,41.19812],[28.75317,41.19806],[28.75314,41.198],[28.7531,41.19794],[28.75307,41.19787],[28.75296,41.19774],[28.75284,41.19761],[28.75281,41.19755],[28.75277,41.19749],[28.75275,41.19745],[28.75274,41.1974],[28.75275,41.19732],[28.75284,41.19688],[28.75287,41.1968],[28.75289,41.19673],[28.75298,41.19654],[28.75302,41.19647],[28.75307,41.19635],[28.75314,41.19609],[28.75317,41.19588],[28.75318,41.19575],[28.75317,41.19532],[28.75317,41.19473],[28.75329,41.19463]]}},{"type":"Feature","properties":{"sinif":"secondary","ad":"Üstüner Sokak"},"geometry":{"type":"LineString","coordinates":[[28.74583,41.17813],[28.7463,41.1784],[28.74639,41.17845],[28.74651,41.17848],[28.74678,41.17853],[28.74682,41.17853],[28.74691,41.17855]]}},{"type":"Feature","properties":{"sinif":"tertiary","ad":"Genç Osman Caddesi"},"geometry":{"type":"LineString","coordinates":[[28.72527,41.16281],[28.72536,41.16293],[28.72537,41.16307],[28.72537,41.16313],[28.72536,41.16326],[28.72534,41.16337],[28.72528,41.16356],[28.72511,41.1641],[28.72502,41.16446],[28.72497,41.16464],[28.72494,41.16476],[28.72491,41.16493],[28.72486,41.16527],[28.72478,41.16588],[28.72475,41.16632],[28.72475,41.16644],[28.72477,41.16657],[28.7248,41.16669],[28.72484,41.16681],[28.72508,41.16737],[28.72521,41.16769],[28.72533,41.16795],[28.72538,41.16805],[28.72548,41.16821],[28.72566,41.1685],[28.7261,41.16919],[28.72634,41.16959],[28.72645,41.16977],[28.72671,41.17012],[28.72691,41.17041],[28.72699,41.1705],[28.72711,41.17061],[28.72757,41.17098],[28.72882,41.17198],[28.72903,41.17215],[28.72911,41.17222],[28.72922,41.17235],[28.72945,41.17261],[28.72979,41.17297],[28.72991,41.17307],[28.73005,41.17319],[28.73015,41.17325],[28.73028,41.17332],[28.73036,41.17337],[28.73048,41.17345],[28.73057,41.17353],[28.73073,41.1737],[28.73079,41.17377],[28.73087,41.17389],[28.73091,41.17397],[28.73094,41.17408],[28.73095,41.17425],[28.73102,41.17494],[28.73104,41.17502],[28.73111,41.17517],[28.7312,41.17535],[28.73132,41.17556],[28.73149,41.17579],[28.73158,41.1759],[28.73166,41.17598],[28.73184,41.17611],[28.73196,41.17619],[28.73211,41.17626],[28.73238,41.17639],[28.73268,41.17652],[28.73287,41.17662],[28.73301,41.17669],[28.73308,41.17673],[28.73327,41.17688],[28.73359,41.17711],[28.73378,41.17723],[28.73403,41.17736],[28.73421,41.17744],[28.73462,41.17759],[28.73496,41.17774],[28.73501,41.17778],[28.73507,41.17784],[28.73513,41.17793],[28.73539,41.17844],[28.73542,41.17856],[28.73542,41.17862],[28.73541,41.17869],[28.7354,41.17883],[28.73541,41.17892],[28.73544,41.179],[28.73573,41.17938],[28.73606,41.1797],[28.73638,41.17998]]}},{"type":"Feature","properties":{"sinif":"tertiary","ad":"Baykan Sokak"},"geometry":{"type":"LineString","coordinates":[[28.73709,41.18187],[28.73685,41.18187],[28.7367,41.18189],[28.7366,41.18191],[28.73659,41.18191],[28.73645,41.18194],[28.73629,41.18197],[28.73562,41.18208],[28.73558,41.18208],[28.7355,41.1821],[28.73517,41.18225],[28.73473,41.18244],[28.73388,41.18279]]}},{"type":"Feature","properties":{"sinif":"motorway_link","ad":"Fenertepe Kavşağı"},"geometry":{"type":"LineString","coordinates":[[28.80835,41.13671],[28.80837,41.13681],[28.80839,41.13692],[28.80839,41.13701],[28.80837,41.13712],[28.80834,41.13721]]}},{"type":"Feature","properties":{"sinif":"tertiary","ad":null},"geometry":{"type":"LineString","coordinates":[[28.72671,41.18428],[28.72666,41.18471],[28.72659,41.18529],[28.72661,41.18601],[28.72658,41.18607]]}},{"type":"Feature","properties":{"sinif":"tertiary","ad":"Bosna Caddesi"},"geometry":{"type":"LineString","coordinates":[[28.74186,41.19488],[28.74198,41.19481],[28.74234,41.19465],[28.74259,41.19453],[28.74296,41.19439],[28.74314,41.19433],[28.74316,41.19433],[28.74332,41.1943],[28.7434,41.19428],[28.74343,41.19428],[28.74358,41.19427],[28.74397,41.1943],[28.74427,41.19432],[28.74435,41.19432],[28.74445,41.1943],[28.74449,41.19428],[28.74455,41.19425],[28.74467,41.19417],[28.74479,41.19408],[28.74493,41.19396],[28.745,41.1939],[28.74505,41.19384],[28.74523,41.19353],[28.74525,41.1935],[28.74539,41.19317],[28.74542,41.19305],[28.74544,41.19293],[28.74545,41.19278],[28.74546,41.19263],[28.74546,41.19255],[28.74545,41.19251],[28.7454,41.19242],[28.74532,41.1923],[28.74517,41.19207],[28.74508,41.1919],[28.74505,41.19179],[28.74504,41.19167],[28.74503,41.19141],[28.74502,41.19125],[28.745,41.19117],[28.74494,41.19106],[28.74487,41.19095],[28.74477,41.19084],[28.74463,41.1907],[28.74431,41.1904]]}},{"type":"Feature","properties":{"sinif":"tertiary","ad":null},"geometry":{"type":"LineString","coordinates":[[28.74154,41.19481],[28.74166,41.19484],[28.74175,41.19486],[28.74186,41.19488]]}},{"type":"Feature","properties":{"sinif":"secondary","ad":null},"geometry":{"type":"LineString","coordinates":[[28.68747,41.26067],[28.68741,41.26083],[28.68695,41.26219],[28.6869,41.26238],[28.68683,41.26257],[28.68672,41.2629]]}},{"type":"Feature","properties":{"sinif":"primary","ad":"Fatih Caddesi"},"geometry":{"type":"LineString","coordinates":[[28.72827,41.20488],[28.72824,41.2049],[28.72814,41.20499],[28.72804,41.20507],[28.72789,41.20518],[28.72775,41.20528],[28.72755,41.20541],[28.72709,41.20571],[28.72605,41.20636],[28.72598,41.2064],[28.72573,41.20657],[28.72544,41.20678],[28.7253,41.20688],[28.72509,41.20704],[28.72469,41.20726],[28.72434,41.2075],[28.72401,41.20772],[28.7238,41.20786],[28.72303,41.20841],[28.72272,41.20861],[28.72253,41.20873],[28.7221,41.209],[28.72152,41.20938],[28.72142,41.20945],[28.72135,41.20949],[28.72118,41.20959],[28.72102,41.20968],[28.72085,41.20977],[28.72075,41.20983],[28.72055,41.20991],[28.7201,41.2101],[28.71993,41.21017],[28.71962,41.21031],[28.71947,41.21036],[28.71937,41.21038],[28.71919,41.21042],[28.71899,41.21045],[28.71864,41.21046],[28.7184,41.21047],[28.71817,41.21046],[28.7174,41.21038],[28.7169,41.21034],[28.71631,41.2103],[28.7159,41.21028],[28.71576,41.21028],[28.7156,41.2103],[28.71546,41.21031]]}},{"type":"Feature","properties":{"sinif":"secondary","ad":"Milli Egemenlik Caddesi"},"geometry":{"type":"LineString","coordinates":[[28.77181,41.18089],[28.77189,41.18088],[28.772,41.18086],[28.77223,41.18081],[28.77244,41.18079],[28.7726,41.18079],[28.77278,41.18081],[28.77308,41.18084],[28.77319,41.18085],[28.77326,41.18085],[28.77333,41.18085]]}},{"type":"Feature","properties":{"sinif":"secondary","ad":"Milli Egemenlik Caddesi"},"geometry":{"type":"LineString","coordinates":[[28.77099,41.18081],[28.77136,41.18086]]}},{"type":"Feature","properties":{"sinif":"secondary","ad":"30 Ağustos Caddesi"},"geometry":{"type":"LineString","coordinates":[[28.76251,41.18573],[28.76264,41.18569],[28.76276,41.18567],[28.76292,41.18564],[28.76306,41.18562],[28.76331,41.18558],[28.76363,41.18557],[28.7638,41.18555],[28.76402,41.18553],[28.76442,41.1855],[28.76456,41.1855],[28.76471,41.18549],[28.76527,41.18547],[28.76559,41.18545],[28.76563,41.18545],[28.76597,41.18543],[28.7663,41.1854],[28.76641,41.18537],[28.76648,41.18534],[28.76655,41.1853],[28.7667,41.18521],[28.76693,41.18503],[28.76711,41.18489],[28.7674,41.18469],[28.76749,41.18466],[28.76763,41.18462],[28.76782,41.18457],[28.76803,41.18453],[28.76813,41.18451],[28.76822,41.18448],[28.76832,41.18444],[28.76841,41.18439],[28.76859,41.18422],[28.76868,41.1841],[28.76874,41.18403],[28.76879,41.18396],[28.76891,41.18386],[28.76903,41.18379],[28.76918,41.18371],[28.76941,41.18361],[28.76944,41.1836],[28.76966,41.1835]]}},{"type":"Feature","properties":{"sinif":"secondary","ad":"Necip Fazıl Caddesi"},"geometry":{"type":"LineString","coordinates":[[28.75671,41.18594],[28.75654,41.18594],[28.75603,41.18594],[28.75536,41.18593],[28.75508,41.18594],[28.75493,41.18595]]}},{"type":"Feature","properties":{"sinif":"secondary","ad":null},"geometry":{"type":"LineString","coordinates":[[28.7286,41.20502],[28.72848,41.20491],[28.72843,41.20488],[28.72836,41.20487],[28.72827,41.20488]]}},{"type":"Feature","properties":{"sinif":"primary","ad":null},"geometry":{"type":"LineString","coordinates":[[28.72813,41.20428],[28.72826,41.20428],[28.72834,41.20432],[28.72841,41.20438],[28.72846,41.20445]]}},{"type":"Feature","properties":{"sinif":"tertiary","ad":null},"geometry":{"type":"LineString","coordinates":[[28.74186,41.19488],[28.74156,41.19506]]}},{"type":"Feature","properties":{"sinif":"secondary","ad":null},"geometry":{"type":"LineString","coordinates":[[28.63466,41.10399],[28.63469,41.10418],[28.6347,41.1044],[28.63474,41.10454],[28.63495,41.10493],[28.63509,41.10523],[28.63517,41.10545],[28.6352,41.10555],[28.63523,41.10568],[28.63527,41.10587],[28.63527,41.10606],[28.63527,41.10619],[28.63524,41.10649],[28.63518,41.10683],[28.63512,41.10721],[28.63509,41.10825],[28.63509,41.10864],[28.6351,41.10877],[28.63512,41.10885],[28.63514,41.10893],[28.63519,41.10907],[28.63525,41.10923],[28.63533,41.10937],[28.63541,41.10949],[28.63549,41.1096],[28.63559,41.10971],[28.63571,41.10982],[28.63602,41.11005],[28.6363,41.11027],[28.63638,41.11036],[28.63644,41.11044]]}},{"type":"Feature","properties":{"sinif":"secondary","ad":null},"geometry":{"type":"LineString","coordinates":[[28.63644,41.11044],[28.63626,41.11034],[28.63616,41.11028],[28.63611,41.11024],[28.63594,41.1101],[28.63563,41.10986],[28.63555,41.10979],[28.63547,41.10971],[28.63536,41.10958],[28.63527,41.10945],[28.63517,41.10929],[28.6351,41.10913],[28.63505,41.109],[28.63502,41.10886],[28.63501,41.10877],[28.635,41.10867],[28.63499,41.10821],[28.63499,41.10779],[28.635,41.10734],[28.63502,41.10716],[28.63505,41.10698],[28.63509,41.10673],[28.63516,41.10619],[28.63515,41.10592],[28.63512,41.10569],[28.6351,41.10557],[28.63507,41.10545],[28.63495,41.10515],[28.63484,41.10494],[28.63476,41.1048],[28.63467,41.10466],[28.63463,41.10461],[28.63451,41.10445]]}},{"type":"Feature","properties":{"sinif":"primary","ad":"Hadımköy - İstanbul Caddesi"},"geometry":{"type":"LineString","coordinates":[[28.63415,41.10553],[28.6341,41.10568],[28.63399,41.10604],[28.63382,41.10656],[28.63363,41.10717],[28.63339,41.10806],[28.63309,41.10916],[28.63281,41.11019],[28.63201,41.11267],[28.63177,41.11344],[28.63148,41.11404],[28.63108,41.11469],[28.62956,41.1166],[28.62927,41.11697],[28.62886,41.11748],[28.62875,41.11761]]}},{"type":"Feature","properties":{"sinif":"tertiary","ad":null},"geometry":{"type":"LineString","coordinates":[[28.63889,41.11263],[28.6389,41.11374],[28.63879,41.11438],[28.63877,41.115],[28.63876,41.11527]]}},{"type":"Feature","properties":{"sinif":"tertiary","ad":"Abdullah Gül Caddesi"},"geometry":{"type":"LineString","coordinates":[[28.74625,41.21559],[28.74603,41.21573],[28.74594,41.21583],[28.7456,41.21611],[28.74554,41.21615],[28.74526,41.21629],[28.74495,41.21639],[28.74447,41.21658],[28.74396,41.21681],[28.74372,41.21692],[28.74331,41.21708],[28.74321,41.21711],[28.74303,41.21715],[28.74286,41.21719],[28.74254,41.2172],[28.74195,41.21723],[28.74173,41.21724],[28.74128,41.21726],[28.74063,41.21728],[28.74047,41.21729],[28.74005,41.21724],[28.73951,41.21719],[28.73946,41.21718],[28.73903,41.21716],[28.73874,41.21717],[28.7385,41.21719],[28.73804,41.21734],[28.73797,41.21738],[28.73752,41.21757],[28.73736,41.21765],[28.73706,41.2178],[28.73639,41.21816],[28.73595,41.21836],[28.73561,41.21849],[28.73528,41.21874],[28.73474,41.21936],[28.73473,41.21955],[28.73484,41.21983],[28.73491,41.22004],[28.73488,41.22028],[28.73484,41.2205],[28.7348,41.22078],[28.73479,41.22092],[28.73477,41.22133],[28.73476,41.22148],[28.73469,41.22175],[28.73454,41.22218]]}},{"type":"Feature","properties":{"sinif":"trunk","ad":null},"geometry":{"type":"LineString","coordinates":[[28.68139,41.25884],[28.68202,41.25852],[28.68263,41.2582],[28.68321,41.25786],[28.68373,41.25754],[28.68424,41.25722],[28.68478,41.25684],[28.6853,41.25647],[28.6858,41.2561],[28.68615,41.25581],[28.68643,41.25559]]}},{"type":"Feature","properties":{"sinif":"trunk_link","ad":null},"geometry":{"type":"LineString","coordinates":[[28.70532,41.24576],[28.70442,41.24596],[28.70399,41.24604],[28.70325,41.24618],[28.7029,41.24627],[28.70263,41.24635],[28.70237,41.24644],[28.70208,41.24656],[28.70183,41.24667],[28.70162,41.24677],[28.70141,41.24689],[28.70097,41.24719],[28.70081,41.2473],[28.70065,41.24744],[28.70023,41.24782],[28.69938,41.24859]]}},{"type":"Feature","properties":{"sinif":"motorway_link","ad":"Fenertepe Kavşağı"},"geometry":{"type":"LineString","coordinates":[[28.80834,41.13721],[28.8083,41.1373],[28.80822,41.13741],[28.80814,41.1375],[28.80802,41.1376],[28.80792,41.13767],[28.80779,41.13774],[28.80738,41.13795],[28.80712,41.13807],[28.8067,41.13827],[28.80612,41.13855],[28.80594,41.13865]]}},{"type":"Feature","properties":{"sinif":"motorway_link","ad":"Fenertepe Kavşağı"},"geometry":{"type":"LineString","coordinates":[[28.80663,41.14013],[28.80646,41.14015],[28.80624,41.14017],[28.80605,41.14017],[28.80585,41.14016]]}},{"type":"Feature","properties":{"sinif":"motorway_link","ad":"Fenertepe Kavşağı"},"geometry":{"type":"LineString","coordinates":[[28.80871,41.13859],[28.80868,41.13872],[28.80865,41.13882],[28.8086,41.13895],[28.80841,41.13929],[28.80819,41.13963],[28.80791,41.14002],[28.80764,41.14037],[28.80757,41.14047],[28.80743,41.14066],[28.80734,41.14083],[28.80724,41.14102],[28.80716,41.14122],[28.8071,41.14145],[28.80708,41.14167],[28.80706,41.14187],[28.80708,41.14218]]}},{"type":"Feature","properties":{"sinif":"trunk","ad":"Eski Edirne Asfaltı Caddesi"},"geometry":{"type":"LineString","coordinates":[[28.80053,41.14216],[28.79944,41.14286],[28.79911,41.14306],[28.79882,41.14324],[28.79825,41.14356],[28.79793,41.14374],[28.79695,41.14428]]}},{"type":"Feature","properties":{"sinif":"trunk","ad":"Eski Edirne Asfaltı Caddesi"},"geometry":{"type":"LineString","coordinates":[[28.80429,41.13963],[28.80388,41.13991]]}},{"type":"Feature","properties":{"sinif":"tertiary","ad":null},"geometry":{"type":"LineString","coordinates":[[28.80082,41.14437],[28.80083,41.14434],[28.80082,41.14421],[28.80081,41.14401],[28.80076,41.14385],[28.80075,41.14378],[28.80076,41.14366],[28.80081,41.1435],[28.80082,41.14342],[28.80083,41.14326],[28.8008,41.1431],[28.8008,41.143],[28.80079,41.14292],[28.80078,41.14286],[28.80075,41.14274],[28.80072,41.14257],[28.8007,41.14242],[28.8006,41.14225],[28.80053,41.14216]]}},{"type":"Feature","properties":{"sinif":"trunk","ad":null},"geometry":{"type":"LineString","coordinates":[[28.79598,41.2411],[28.79505,41.24126],[28.79376,41.24148],[28.79293,41.24162],[28.79096,41.24197],[28.78994,41.24215],[28.78907,41.2423],[28.78809,41.24247],[28.78691,41.24267],[28.78578,41.24287],[28.78464,41.24306],[28.78313,41.24332],[28.78195,41.24352],[28.78027,41.24382],[28.77828,41.24416],[28.77788,41.24423]]}},{"type":"Feature","properties":{"sinif":"trunk","ad":null},"geometry":{"type":"LineString","coordinates":[[28.77788,41.24423],[28.77692,41.24439],[28.77597,41.24456],[28.7755,41.24464],[28.77502,41.24472],[28.77435,41.24481],[28.77397,41.24486]]}},{"type":"Feature","properties":{"sinif":"trunk","ad":null},"geometry":{"type":"LineString","coordinates":[[28.77783,41.24408],[28.78045,41.24362],[28.78188,41.24338],[28.78312,41.24316],[28.7846,41.2429],[28.78759,41.24239],[28.78888,41.24217],[28.7901,41.24195],[28.79378,41.24132],[28.79605,41.24092]]}},{"type":"Feature","properties":{"sinif":"trunk","ad":null},"geometry":{"type":"LineString","coordinates":[[28.77392,41.24471],[28.77457,41.24462],[28.77524,41.24452],[28.77587,41.24441],[28.77686,41.24424],[28.77735,41.24416],[28.77783,41.24408]]}},{"type":"Feature","properties":{"sinif":"trunk","ad":null},"geometry":{"type":"LineString","coordinates":[[28.77397,41.24486],[28.77368,41.2449],[28.77337,41.24493],[28.77274,41.245],[28.77224,41.24505],[28.77181,41.24509],[28.77126,41.24513],[28.77055,41.24517],[28.77011,41.24519],[28.76969,41.24521],[28.76925,41.24522],[28.76878,41.24522]]}},{"type":"Feature","properties":{"sinif":"trunk","ad":null},"geometry":{"type":"LineString","coordinates":[[28.76061,41.24507],[28.75964,41.24505],[28.75861,41.24503],[28.75774,41.24502],[28.75701,41.24501],[28.75627,41.245],[28.75548,41.24502],[28.75506,41.24503],[28.75462,41.24504],[28.75296,41.24513],[28.75167,41.2452],[28.75013,41.24528],[28.74928,41.24533],[28.74837,41.24537],[28.74655,41.24547],[28.74575,41.24551],[28.74486,41.24556],[28.74414,41.24559],[28.74236,41.24568],[28.74043,41.24579],[28.73614,41.24602],[28.73533,41.24606],[28.73262,41.2462],[28.73174,41.24625],[28.73099,41.24627],[28.73042,41.24627],[28.7301,41.24627],[28.72978,41.24626],[28.72947,41.24625],[28.72916,41.24624],[28.72883,41.24623],[28.72848,41.24621]]}},{"type":"Feature","properties":{"sinif":"trunk","ad":null},"geometry":{"type":"LineString","coordinates":[[28.76062,41.24491],[28.76387,41.24499],[28.76548,41.24502],[28.76679,41.24506],[28.76747,41.24507],[28.76798,41.24507],[28.76851,41.24507],[28.76878,41.24507]]}},{"type":"Feature","properties":{"sinif":"trunk","ad":null},"geometry":{"type":"LineString","coordinates":[[28.76878,41.24507],[28.76947,41.24506],[28.77011,41.24504],[28.77078,41.245],[28.7714,41.24496],[28.77199,41.24491],[28.7726,41.24486],[28.77392,41.24471]]}},{"type":"Feature","properties":{"sinif":"trunk","ad":null},"geometry":{"type":"LineString","coordinates":[[28.76878,41.24522],[28.76833,41.24523],[28.76784,41.24523],[28.76728,41.24522],[28.76607,41.2452],[28.76482,41.24516],[28.76421,41.24515],[28.76061,41.24507]]}},{"type":"Feature","properties":{"sinif":"trunk","ad":null},"geometry":{"type":"LineString","coordinates":[[28.66896,41.26932],[28.6688,41.2695],[28.66863,41.2697],[28.66845,41.26987],[28.6683,41.27001],[28.6681,41.27018],[28.66758,41.27063],[28.66682,41.2713],[28.66642,41.27165],[28.66602,41.27201],[28.66536,41.27259],[28.66512,41.2728]]}},{"type":"Feature","properties":{"sinif":"motorway","ad":null},"geometry":{"type":"LineString","coordinates":[[28.81003,41.17376],[28.81021,41.17409],[28.81039,41.1744],[28.81055,41.17466],[28.8107,41.1749],[28.81091,41.1752],[28.81141,41.17586],[28.8116,41.17608],[28.81207,41.17661],[28.81239,41.17697],[28.81311,41.17771],[28.8134,41.178],[28.81514,41.17977],[28.81547,41.18011],[28.8162,41.18086],[28.81718,41.18186],[28.8175,41.1822],[28.81825,41.18295],[28.81853,41.18323]]}},{"type":"Feature","properties":{"sinif":"motorway","ad":null},"geometry":{"type":"LineString","coordinates":[[28.80886,41.16989],[28.8089,41.17022],[28.80894,41.17053],[28.809,41.17085],[28.80908,41.17122],[28.80919,41.17163],[28.80927,41.1719],[28.80935,41.17215],[28.80946,41.17246],[28.80958,41.17277],[28.80966,41.17297],[28.80974,41.17316],[28.80988,41.17347],[28.81003,41.17376]]}},{"type":"Feature","properties":{"sinif":"motorway","ad":null},"geometry":{"type":"LineString","coordinates":[[28.80979,41.17384],[28.80972,41.1737],[28.80964,41.17355],[28.80947,41.17318],[28.80937,41.17294],[28.80924,41.17261],[28.80916,41.1724],[28.80911,41.17225],[28.80905,41.17208],[28.80898,41.17184],[28.8089,41.17156],[28.80879,41.17115],[28.80874,41.17088],[28.80869,41.17056],[28.80864,41.17024],[28.80859,41.16989]]}},{"type":"Feature","properties":{"sinif":"motorway","ad":null},"geometry":{"type":"LineString","coordinates":[[28.80859,41.16989],[28.80857,41.16967],[28.80855,41.1694],[28.80854,41.16906],[28.80854,41.16874],[28.80856,41.16831],[28.80858,41.16782],[28.8086,41.16748],[28.80863,41.1671],[28.80867,41.16668],[28.80876,41.16614],[28.80884,41.16576],[28.8089,41.16549],[28.80897,41.16524],[28.80905,41.16494],[28.80914,41.16464],[28.80961,41.16306],[28.8099,41.1621],[28.81007,41.16152],[28.81016,41.16118],[28.81021,41.16096],[28.81024,41.16076],[28.8103,41.16043],[28.81033,41.16012],[28.81036,41.15967],[28.81036,41.1593],[28.81035,41.15914],[28.81034,41.15898],[28.81032,41.1588],[28.8103,41.15861],[28.81023,41.15822],[28.81014,41.15781],[28.81005,41.1575],[28.80994,41.15716],[28.80984,41.15689],[28.80978,41.15676],[28.80972,41.15661],[28.80958,41.15635],[28.80944,41.15609],[28.8093,41.15583],[28.80912,41.15555],[28.80893,41.15528],[28.8087,41.15494],[28.80821,41.1543],[28.80779,41.15371],[28.80755,41.15337],[28.80735,41.15305],[28.80716,41.15273],[28.80697,41.15236],[28.80681,41.15202],[28.8067,41.15173],[28.8066,41.15147],[28.80648,41.15108],[28.80639,41.15072],[28.80633,41.15041],[28.80628,41.15002],[28.80625,41.14969],[28.80623,41.14934],[28.80623,41.14898],[28.80625,41.14869],[28.80629,41.14822],[28.80636,41.14772],[28.80643,41.14717],[28.80667,41.14541],[28.80674,41.14456]]}},{"type":"Feature","properties":{"sinif":"motorway","ad":null},"geometry":{"type":"LineString","coordinates":[[28.82047,41.18554],[28.81832,41.18335]]}},{"type":"Feature","properties":{"sinif":"motorway","ad":null},"geometry":{"type":"LineString","coordinates":[[28.81832,41.18335],[28.81731,41.18233],[28.81686,41.18187],[28.8161,41.18109],[28.81521,41.18017],[28.8135,41.17843],[28.81301,41.17793],[28.81242,41.17733],[28.81183,41.1767],[28.81163,41.17648],[28.8113,41.17609],[28.81108,41.17583],[28.81057,41.17513],[28.8103,41.17472],[28.81013,41.17445],[28.80997,41.17416],[28.80979,41.17384]]}},{"type":"Feature","properties":{"sinif":"motorway","ad":null},"geometry":{"type":"LineString","coordinates":[[28.81853,41.18323],[28.81986,41.18458],[28.82068,41.18542]]}},{"type":"Feature","properties":{"sinif":"motorway","ad":null},"geometry":{"type":"LineString","coordinates":[[28.80492,41.13224],[28.80482,41.13263],[28.80479,41.13282],[28.80476,41.13301],[28.80473,41.1332],[28.8047,41.13338],[28.80468,41.13361],[28.80466,41.13383],[28.80464,41.13408],[28.80463,41.13433],[28.80463,41.13458],[28.80465,41.13484],[28.80466,41.13511],[28.80471,41.1355],[28.80478,41.13588],[28.80484,41.13617],[28.80489,41.13642],[28.80496,41.13669],[28.80507,41.13706],[28.80517,41.13737],[28.80526,41.13761],[28.8054,41.13794],[28.80558,41.13837],[28.8059,41.13909],[28.8061,41.13953],[28.8063,41.14002],[28.80645,41.14042],[28.80667,41.14106],[28.80677,41.14141],[28.80684,41.14169],[28.80692,41.14217]]}},{"type":"Feature","properties":{"sinif":"motorway","ad":null},"geometry":{"type":"LineString","coordinates":[[28.80674,41.14456],[28.80677,41.14405],[28.80677,41.14381],[28.80678,41.14357],[28.80676,41.14313],[28.80673,41.14277],[28.80665,41.14218]]}},{"type":"Feature","properties":{"sinif":"motorway","ad":null},"geometry":{"type":"LineString","coordinates":[[28.80581,41.1395],[28.80569,41.13923],[28.80522,41.13819],[28.80505,41.13775],[28.80493,41.13744],[28.80484,41.13718],[28.80477,41.13696],[28.80471,41.13674],[28.80464,41.13647],[28.80458,41.13621],[28.80453,41.13596],[28.80448,41.13566],[28.80443,41.13528],[28.8044,41.13497],[28.80438,41.13457],[28.80438,41.13429],[28.80438,41.13403],[28.8044,41.13372],[28.80444,41.13334],[28.80447,41.13318],[28.8045,41.13298],[28.80456,41.13265],[28.80463,41.13232],[28.80479,41.13175]]}},{"type":"Feature","properties":{"sinif":"motorway","ad":null},"geometry":{"type":"LineString","coordinates":[[28.80692,41.14217],[28.80698,41.14259],[28.80701,41.14297],[28.80703,41.14337],[28.80704,41.14368],[28.80704,41.14398],[28.80702,41.14433],[28.807,41.14462]]}},{"type":"Feature","properties":{"sinif":"motorway","ad":null},"geometry":{"type":"LineString","coordinates":[[28.807,41.14462],[28.80683,41.14613],[28.8067,41.14718],[28.80661,41.14783],[28.80653,41.14849],[28.80651,41.14872],[28.8065,41.14895],[28.80649,41.14926],[28.80649,41.14954],[28.80651,41.1498],[28.80653,41.15002],[28.80656,41.15022],[28.80661,41.15047],[28.80665,41.15068],[28.80672,41.15096],[28.80677,41.15116],[28.80689,41.15153],[28.80703,41.15189],[28.80713,41.1521],[28.80722,41.15231],[28.8074,41.15265],[28.80758,41.15296],[28.80777,41.15326],[28.80797,41.15355],[28.80849,41.15426],[28.80899,41.15492],[28.80926,41.15532],[28.80953,41.15572],[28.80976,41.15614],[28.80992,41.15646],[28.81015,41.15698],[28.81023,41.15722],[28.81035,41.15755],[28.81043,41.15788],[28.81048,41.15811],[28.81054,41.15842],[28.81059,41.15892],[28.81062,41.15918],[28.81062,41.15951],[28.81062,41.1599],[28.81059,41.16022],[28.81056,41.16046],[28.81053,41.16068],[28.81047,41.16098],[28.81039,41.16132],[28.81033,41.16154],[28.81025,41.16185],[28.80979,41.1634],[28.80948,41.1644],[28.8093,41.16502],[28.80916,41.16554],[28.80909,41.16586],[28.80902,41.1662],[28.80896,41.16652],[28.80891,41.16692],[28.80889,41.16713],[28.80886,41.16752],[28.80884,41.16791],[28.80882,41.16829],[28.80881,41.1686],[28.80881,41.16888],[28.80881,41.16916],[28.80883,41.16955],[28.80886,41.16989]]}},{"type":"Feature","properties":{"sinif":"trunk_link","ad":null},"geometry":{"type":"LineString","coordinates":[[28.69629,41.24817],[28.69647,41.24804],[28.69669,41.2479],[28.69718,41.24768],[28.6975,41.24751],[28.69771,41.24738],[28.69782,41.24729],[28.69793,41.24717],[28.698,41.24703],[28.69802,41.2469],[28.69801,41.24674],[28.69796,41.2466],[28.69787,41.24646],[28.69771,41.24634],[28.6976,41.24627],[28.69746,41.24622],[28.69737,41.24619],[28.69721,41.24617],[28.69706,41.24617],[28.69692,41.24618],[28.69679,41.24621],[28.69666,41.24625],[28.69655,41.24631],[28.69644,41.24638],[28.69634,41.24649],[28.69626,41.24659],[28.69621,41.24672],[28.69616,41.2469],[28.69613,41.24711],[28.69613,41.24733],[28.69615,41.24747],[28.69619,41.24761],[28.69621,41.2477],[28.69623,41.24778]]}},{"type":"Feature","properties":{"sinif":"trunk_link","ad":null},"geometry":{"type":"LineString","coordinates":[[28.69595,41.24537],[28.69613,41.2455],[28.6963,41.24561],[28.69656,41.24574],[28.6969,41.24588],[28.69737,41.24603],[28.6977,41.24611],[28.69829,41.24622],[28.69875,41.24628],[28.69923,41.24631],[28.6996,41.24631],[28.69986,41.2463],[28.70019,41.24628],[28.70063,41.24622],[28.70106,41.24616],[28.70175,41.24605],[28.70261,41.24593],[28.70423,41.24569],[28.70478,41.24561],[28.70502,41.24558],[28.70522,41.24557],[28.70545,41.24558]]}},{"type":"Feature","properties":{"sinif":"tertiary","ad":"Tayakadın-Terkos Caddesi"},"geometry":{"type":"LineString","coordinates":[[28.69769,41.28277],[28.69664,41.28357],[28.69537,41.28456],[28.69383,41.28571],[28.69332,41.28608],[28.69308,41.2862],[28.69276,41.28633],[28.69254,41.28638],[28.69229,41.28643],[28.69179,41.28653],[28.6916,41.2866],[28.69142,41.28667],[28.69108,41.28687],[28.69088,41.28702],[28.69032,41.28742],[28.68852,41.28867],[28.68812,41.28896],[28.68789,41.28912],[28.68696,41.28979],[28.68621,41.29032],[28.68566,41.29072],[28.68444,41.29154],[28.6841,41.29177],[28.68372,41.29203],[28.68321,41.29238],[28.68237,41.293],[28.68207,41.29317],[28.68127,41.29377],[28.68112,41.29385],[28.68083,41.29399],[28.68064,41.29405],[28.68039,41.29412],[28.6803,41.29413],[28.68013,41.29416],[28.67994,41.29417],[28.67958,41.29421],[28.67933,41.29425],[28.67917,41.29429],[28.67901,41.29434],[28.67876,41.29445],[28.67858,41.29456],[28.67836,41.29474],[28.67819,41.29489],[28.67809,41.29502],[28.67673,41.29682],[28.67636,41.2972],[28.67577,41.29761],[28.67492,41.29822],[28.67468,41.29839],[28.67405,41.29891],[28.67331,41.29972]]}},{"type":"Feature","properties":{"sinif":"secondary","ad":null},"geometry":{"type":"LineString","coordinates":[[28.69632,41.24812],[28.69632,41.24822],[28.69636,41.24842],[28.69638,41.24858],[28.69641,41.24888],[28.69642,41.24911],[28.6964,41.24937],[28.69638,41.2496],[28.69635,41.24978],[28.6963,41.25003],[28.69625,41.25023],[28.69616,41.25049],[28.69608,41.25072],[28.69601,41.25088],[28.69587,41.25115],[28.69577,41.25132],[28.69563,41.25154],[28.69545,41.25179],[28.69529,41.25199],[28.69514,41.25216],[28.69496,41.25235],[28.69482,41.25249],[28.69459,41.2527],[28.69447,41.25279],[28.69435,41.25289],[28.69416,41.25302],[28.69367,41.25336],[28.69348,41.2535]]}},{"type":"Feature","properties":{"sinif":"trunk_link","ad":null},"geometry":{"type":"LineString","coordinates":[[28.69938,41.24859],[28.69914,41.24884],[28.69884,41.24912],[28.69863,41.24931],[28.69845,41.24948],[28.69824,41.24967]]}},{"type":"Feature","properties":{"sinif":"trunk_link","ad":null},"geometry":{"type":"LineString","coordinates":[[28.69612,41.24796],[28.69605,41.24779],[28.69598,41.24762],[28.69592,41.24753],[28.69584,41.24742],[28.69578,41.24735],[28.69567,41.24728],[28.69558,41.24723],[28.69548,41.24719],[28.69533,41.24714],[28.69519,41.24712],[28.69506,41.24712],[28.69491,41.24713],[28.69475,41.24716],[28.69458,41.24723],[28.69444,41.24731],[28.69432,41.24741],[28.69425,41.24751],[28.69419,41.24761],[28.69416,41.24771],[28.69415,41.24781],[28.69415,41.2479],[28.69417,41.248],[28.69423,41.24811],[28.6943,41.24821],[28.69439,41.2483],[28.69453,41.24839],[28.69466,41.24845],[28.6948,41.2485],[28.69496,41.24852],[28.6951,41.24852],[28.69525,41.24851],[28.69541,41.24847],[28.69566,41.2484],[28.69584,41.24833],[28.696,41.24825],[28.69613,41.24821],[28.69629,41.24817]]}},{"type":"Feature","properties":{"sinif":"secondary","ad":null},"geometry":{"type":"LineString","coordinates":[[28.69335,41.25343],[28.69364,41.25325],[28.69395,41.25304],[28.69423,41.25284],[28.69452,41.2526],[28.69467,41.25246],[28.69481,41.25232],[28.69499,41.25214]]}},{"type":"Feature","properties":{"sinif":"secondary","ad":null},"geometry":{"type":"LineString","coordinates":[[28.69539,41.24552],[28.69528,41.24516],[28.69511,41.24462],[28.69501,41.2443],[28.69487,41.24394]]}},{"type":"Feature","properties":{"sinif":"trunk_link","ad":null},"geometry":{"type":"LineString","coordinates":[[28.69815,41.24955],[28.698,41.24963],[28.69783,41.24971],[28.69756,41.24979],[28.69736,41.24985],[28.69716,41.24989],[28.69695,41.24992],[28.6967,41.24994],[28.69653,41.24994],[28.6964,41.24993],[28.6961,41.24991],[28.69581,41.24986],[28.69559,41.2498],[28.69539,41.24973],[28.69522,41.24966],[28.69504,41.24957],[28.69486,41.24948],[28.69474,41.2494],[28.69464,41.24933],[28.69451,41.24922],[28.69441,41.24913],[28.69428,41.24898]]}},{"type":"Feature","properties":{"sinif":"trunk","ad":null},"geometry":{"type":"LineString","coordinates":[[28.69629,41.24817],[28.69674,41.24796],[28.69719,41.24776],[28.69816,41.24736],[28.69896,41.24707],[28.69974,41.24681],[28.70078,41.24651],[28.70116,41.2464],[28.70156,41.2463],[28.70222,41.24614],[28.70268,41.24604],[28.70314,41.24595],[28.70348,41.24589],[28.70384,41.24583],[28.70545,41.24558]]}},{"type":"Feature","properties":{"sinif":"trunk_link","ad":"Kargo Kavşağı"},"geometry":{"type":"LineString","coordinates":[[28.78835,41.24267],[28.78751,41.2428],[28.78635,41.24301],[28.78582,41.24309],[28.78508,41.24322],[28.78349,41.24349],[28.7827,41.24362],[28.78217,41.24372],[28.78192,41.24377],[28.78177,41.24381]]}},{"type":"Feature","properties":{"sinif":"trunk_link","ad":"Terminal 1 Kavşağı"},"geometry":{"type":"LineString","coordinates":[[28.77405,41.2451],[28.77357,41.24514],[28.77266,41.24524],[28.7722,41.24528],[28.77165,41.24533],[28.7709,41.24538],[28.77035,41.24541],[28.76975,41.24544],[28.76929,41.24545],[28.76877,41.24546]]}},{"type":"Feature","properties":{"sinif":"trunk_link","ad":"Terminal 1 Kavşağı"},"geometry":{"type":"LineString","coordinates":[[28.76877,41.24546],[28.76844,41.24546],[28.76793,41.24546],[28.76745,41.24546],[28.76646,41.24544],[28.76485,41.2454],[28.76384,41.24537]]}},{"type":"Feature","properties":{"sinif":"trunk_link","ad":"Terminal 2 Kavşağı"},"geometry":{"type":"LineString","coordinates":[[28.73718,41.24557],[28.73773,41.24553],[28.73821,41.2455],[28.73847,41.24549],[28.73897,41.24546],[28.73999,41.24541],[28.74149,41.24533],[28.74217,41.24529],[28.74355,41.24522],[28.74424,41.24518],[28.74491,41.24515],[28.74658,41.24506]]}},{"type":"Feature","properties":{"sinif":"trunk_link","ad":"Terminal 1 Kavşağı"},"geometry":{"type":"LineString","coordinates":[[28.76063,41.24468],[28.76106,41.2447],[28.76157,41.24471],[28.76206,41.24472],[28.76329,41.24474],[28.76416,41.24476],[28.76485,41.24477],[28.76551,41.24479],[28.76616,41.24481],[28.76698,41.24482],[28.76748,41.24484],[28.76811,41.24484],[28.76845,41.24484],[28.76879,41.24484]]}},{"type":"Feature","properties":{"sinif":"trunk_link","ad":"Kargo Kavşağı"},"geometry":{"type":"LineString","coordinates":[[28.77177,41.24469],[28.77251,41.24462],[28.77328,41.24453],[28.77386,41.24446]]}},{"type":"Feature","properties":{"sinif":"trunk_link","ad":"Kargo Kavşağı"},"geometry":{"type":"LineString","coordinates":[[28.77386,41.24446],[28.77419,41.24442],[28.7745,41.24438],[28.77481,41.24433],[28.77517,41.24428],[28.7755,41.24422],[28.77586,41.24416],[28.77632,41.24408],[28.77704,41.24395],[28.77777,41.24383]]}},{"type":"Feature","properties":{"sinif":"trunk_link","ad":"Kargo Kavşağı"},"geometry":{"type":"LineString","coordinates":[[28.77796,41.24447],[28.77742,41.24456],[28.77687,41.24466],[28.77647,41.24473],[28.77615,41.24478],[28.77583,41.24484],[28.77546,41.2449],[28.7751,41.24495],[28.77481,41.245],[28.77446,41.24504],[28.77425,41.24507],[28.77405,41.2451]]}},{"type":"Feature","properties":{"sinif":"tertiary","ad":null},"geometry":{"type":"LineString","coordinates":[[28.61882,41.16505],[28.61896,41.16499],[28.61943,41.16488],[28.61968,41.16486],[28.61981,41.16487],[28.62011,41.16489],[28.62036,41.16493],[28.62054,41.16494],[28.62082,41.16494],[28.621,41.16491],[28.62115,41.16482],[28.62148,41.16451],[28.62177,41.16419],[28.62212,41.16384],[28.62237,41.16359]]}},{"type":"Feature","properties":{"sinif":"secondary","ad":"Eski Edirne Asfaltı Caddesi"},"geometry":{"type":"LineString","coordinates":[[28.59111,41.24511],[28.59082,41.24568],[28.5908,41.24571],[28.59068,41.24593],[28.59061,41.24603],[28.59039,41.24626],[28.59023,41.24642],[28.59006,41.24665],[28.58984,41.24698],[28.58962,41.24737]]}},{"type":"Feature","properties":{"sinif":"trunk","ad":"Eski Edirne Asfaltı Caddesi"},"geometry":{"type":"LineString","coordinates":[[28.721,41.18314],[28.72116,41.18316],[28.72134,41.18319],[28.72154,41.18323],[28.72174,41.18329],[28.72212,41.18341],[28.723,41.18371],[28.72337,41.18383]]}},{"type":"Feature","properties":{"sinif":"trunk","ad":"Gazi Fahrettin Paşa Caddesi"},"geometry":{"type":"LineString","coordinates":[[28.7506,41.17512],[28.75026,41.1753],[28.74981,41.17554],[28.74958,41.17566],[28.74939,41.17574],[28.74915,41.17582],[28.74895,41.17588],[28.74873,41.17594],[28.74854,41.17598]]}},{"type":"Feature","properties":{"sinif":"primary","ad":"Pazarkapı Sokak"},"geometry":{"type":"LineString","coordinates":[[28.72174,41.19356],[28.72153,41.19348],[28.72127,41.19338],[28.72095,41.1932],[28.72049,41.19285],[28.72003,41.1925],[28.71991,41.19242],[28.71982,41.19233],[28.71974,41.19222],[28.71969,41.19215]]}},{"type":"Feature","properties":{"sinif":"secondary","ad":null},"geometry":{"type":"LineString","coordinates":[[28.72584,41.19186],[28.72582,41.19141],[28.72586,41.19098],[28.72608,41.18986],[28.72612,41.18943],[28.7262,41.18801],[28.7262,41.18786],[28.72615,41.18773],[28.72613,41.18762],[28.72619,41.18732],[28.72628,41.18709],[28.72638,41.18677],[28.72643,41.18641],[28.72651,41.18629]]}},{"type":"Feature","properties":{"sinif":"secondary","ad":null},"geometry":{"type":"LineString","coordinates":[[28.72651,41.18629],[28.72654,41.18643],[28.72649,41.18679],[28.72626,41.18763],[28.72626,41.18772],[28.72627,41.18776],[28.72629,41.18787],[28.72626,41.1884],[28.72621,41.18944],[28.72616,41.18988],[28.72597,41.19093],[28.72594,41.19146],[28.72596,41.19188]]}},{"type":"Feature","properties":{"sinif":"trunk_link","ad":null},"geometry":{"type":"LineString","coordinates":[[28.7959,41.14495],[28.79586,41.145],[28.79584,41.14506],[28.79584,41.14511],[28.79588,41.14519],[28.79594,41.14524],[28.79605,41.14529],[28.79617,41.14533],[28.79632,41.14535],[28.79644,41.14535],[28.79664,41.14533],[28.79678,41.14529],[28.7969,41.14524],[28.79705,41.14515],[28.79713,41.14507],[28.79721,41.14498],[28.79726,41.14485],[28.79728,41.14473],[28.79726,41.14458],[28.79725,41.14452],[28.79719,41.14436]]}},{"type":"Feature","properties":{"sinif":"motorway_link","ad":"Kargo Kavşağı"},"geometry":{"type":"LineString","coordinates":[[28.80063,41.23723],[28.80045,41.23728],[28.79997,41.2373],[28.79944,41.23728],[28.79889,41.23726],[28.79818,41.23724],[28.79784,41.23723],[28.79749,41.23722],[28.79706,41.23723],[28.79663,41.23724],[28.79621,41.23725],[28.79591,41.23726],[28.79557,41.23728],[28.79517,41.2373],[28.79494,41.23732],[28.79459,41.23735],[28.79427,41.23738],[28.79397,41.23741],[28.7937,41.23744],[28.79327,41.2375],[28.79292,41.23755],[28.7925,41.23763],[28.79204,41.23772],[28.79171,41.23779],[28.79139,41.23787],[28.79088,41.23801],[28.79055,41.23811],[28.79002,41.23827],[28.78926,41.23853],[28.78866,41.23874],[28.78802,41.23896],[28.78739,41.23918],[28.78661,41.23943],[28.7859,41.23968],[28.78496,41.23999],[28.78426,41.24022],[28.78339,41.24052],[28.7829,41.24067],[28.78241,41.24082],[28.78215,41.24089],[28.7819,41.24095],[28.78164,41.24101],[28.78116,41.24113],[28.78073,41.24123],[28.78043,41.24129],[28.78006,41.24137],[28.77954,41.24147],[28.77924,41.24154]]}},{"type":"Feature","properties":{"sinif":"motorway_link","ad":"Terminal 2 Kavşağı"},"geometry":{"type":"LineString","coordinates":[[28.73222,41.24314],[28.73333,41.24309],[28.73384,41.24307],[28.73427,41.24304],[28.73468,41.24302],[28.73511,41.24299],[28.73581,41.24294],[28.73655,41.24288],[28.73761,41.24281],[28.73869,41.24272],[28.74022,41.2426],[28.74081,41.24256],[28.74141,41.2425],[28.74202,41.24244],[28.74261,41.2424],[28.7432,41.24236],[28.74467,41.24225],[28.74635,41.24213],[28.74691,41.2421],[28.74738,41.24208],[28.74781,41.24206],[28.74822,41.24204],[28.74862,41.24202],[28.7494,41.242],[28.75107,41.24195],[28.75148,41.24191]]}},{"type":"Feature","properties":{"sinif":"trunk","ad":null},"geometry":{"type":"LineString","coordinates":[[28.72386,41.24558],[28.72257,41.24534],[28.72189,41.24521],[28.7212,41.24508],[28.71998,41.24485]]}},{"type":"Feature","properties":{"sinif":"trunk","ad":null},"geometry":{"type":"LineString","coordinates":[[28.70532,41.24576],[28.70443,41.2459],[28.70411,41.24595],[28.70381,41.24599],[28.70351,41.24605],[28.70291,41.24616],[28.70234,41.24628],[28.70137,41.24651],[28.70087,41.24664],[28.69962,41.24702],[28.69917,41.24717],[28.69834,41.24747],[28.69772,41.24772],[28.69701,41.24803],[28.69653,41.24825],[28.69611,41.24845],[28.69572,41.24864],[28.6953,41.24886],[28.69478,41.24914],[28.6944,41.24936],[28.69407,41.24955],[28.69333,41.25003],[28.69299,41.25027],[28.69253,41.25058],[28.6923,41.25075],[28.692,41.25098],[28.69172,41.2512],[28.69146,41.25142]]}},{"type":"Feature","properties":{"sinif":"trunk","ad":null},"geometry":{"type":"LineString","coordinates":[[28.72003,41.24469],[28.72141,41.24495],[28.72262,41.24518],[28.72391,41.24542]]}},{"type":"Feature","properties":{"sinif":"trunk","ad":null},"geometry":{"type":"LineString","coordinates":[[28.72649,41.24586],[28.72689,41.24591],[28.72733,41.24595],[28.72762,41.24598],[28.72788,41.246],[28.72812,41.24602],[28.72859,41.24605],[28.72889,41.24607],[28.72936,41.24609],[28.72972,41.2461],[28.73012,41.24611],[28.73065,41.24611],[28.73099,41.24611],[28.73155,41.24609],[28.73207,41.24607],[28.73248,41.24605],[28.73283,41.24603],[28.73342,41.246],[28.73533,41.2459],[28.73628,41.24585],[28.73818,41.24575],[28.74005,41.24565],[28.7448,41.24541],[28.74575,41.24535],[28.74665,41.24531],[28.74809,41.24523],[28.74943,41.24516],[28.75097,41.24508],[28.75293,41.24497],[28.75464,41.24488],[28.75619,41.24485],[28.75696,41.24485],[28.75798,41.24486],[28.75931,41.24489],[28.75998,41.2449],[28.76062,41.24491]]}},{"type":"Feature","properties":{"sinif":"secondary","ad":null},"geometry":{"type":"LineString","coordinates":[[28.68751,41.26009],[28.68773,41.25942],[28.6879,41.25896],[28.68804,41.25862],[28.68828,41.25814],[28.68858,41.25762],[28.68877,41.25733],[28.68913,41.25682],[28.68937,41.25651],[28.6896,41.25627],[28.68982,41.25602],[28.69012,41.25572],[28.69038,41.25548],[28.69084,41.2551],[28.69135,41.25474],[28.69183,41.25442],[28.69235,41.25408],[28.69335,41.25343]]}},{"type":"Feature","properties":{"sinif":"tertiary","ad":null},"geometry":{"type":"LineString","coordinates":[[28.66489,41.11377],[28.66481,41.11387],[28.66462,41.11399],[28.66048,41.11596]]}},{"type":"Feature","properties":{"sinif":"trunk_link","ad":"Terminal 1 Kavşağı"},"geometry":{"type":"LineString","coordinates":[[28.76214,41.24462],[28.76231,41.24461],[28.76253,41.24457],[28.76274,41.24454],[28.763,41.24449],[28.76322,41.24443],[28.76355,41.24435],[28.76388,41.24426],[28.76504,41.24396],[28.76559,41.24381],[28.76614,41.24367],[28.7665,41.24358],[28.76692,41.24347],[28.76707,41.24343],[28.76719,41.24341],[28.76732,41.2434],[28.76747,41.24339],[28.76765,41.24338],[28.76782,41.24339],[28.768,41.2434],[28.76817,41.24343],[28.76833,41.24346],[28.76849,41.2435],[28.76863,41.24355],[28.76876,41.2436],[28.76888,41.24366]]}},{"type":"Feature","properties":{"sinif":"tertiary","ad":null},"geometry":{"type":"LineString","coordinates":[[28.58808,41.21253],[28.58685,41.21334],[28.58639,41.21362],[28.58613,41.21374],[28.58582,41.21384],[28.58541,41.21391],[28.58471,41.21396],[28.58435,41.21399],[28.58306,41.21408],[28.58232,41.21416],[28.58201,41.21412],[28.58088,41.21383],[28.57977,41.21354],[28.57904,41.2133],[28.57865,41.21321],[28.57845,41.21322],[28.57812,41.21329],[28.57756,41.21354],[28.57674,41.21397],[28.57604,41.21429],[28.57581,41.21434],[28.57567,41.21436],[28.57556,41.21438],[28.5753,41.21436],[28.57499,41.21428],[28.57449,41.21406],[28.57328,41.21343],[28.57235,41.21295],[28.5717,41.21272],[28.57147,41.21269],[28.56803,41.2127]]}},{"type":"Feature","properties":{"sinif":"tertiary","ad":null},"geometry":{"type":"LineString","coordinates":[[28.5941,41.22191],[28.59232,41.22217],[28.59127,41.22242],[28.59094,41.22253],[28.59061,41.22274],[28.59007,41.22314],[28.58976,41.22342],[28.58933,41.22387],[28.5889,41.22423],[28.58864,41.22436],[28.58813,41.22449],[28.58767,41.2246],[28.58753,41.22466]]}},{"type":"Feature","properties":{"sinif":"tertiary","ad":"Bayındır Caddesi"},"geometry":{"type":"LineString","coordinates":[[28.5964,41.18277],[28.59677,41.18282],[28.59704,41.18282],[28.59749,41.18284],[28.59771,41.18285],[28.59793,41.18289],[28.59817,41.18298],[28.5997,41.18357],[28.59972,41.18357],[28.60081,41.18397],[28.60117,41.18408],[28.60177,41.18418],[28.60206,41.18425],[28.60215,41.18427],[28.60261,41.18444],[28.60278,41.18447],[28.60297,41.18447],[28.60322,41.18445],[28.60343,41.18448],[28.6037,41.18454],[28.60413,41.18466],[28.60489,41.18491],[28.60538,41.18501],[28.60574,41.18505],[28.60879,41.18542],[28.60889,41.18545],[28.60901,41.1855]]}},{"type":"Feature","properties":{"sinif":"tertiary","ad":"Mekke Caddesi"},"geometry":{"type":"LineString","coordinates":[[28.72415,41.19289],[28.72429,41.19275],[28.72448,41.19249],[28.72463,41.19231],[28.72471,41.19206],[28.72483,41.19177],[28.72493,41.19143],[28.725,41.19111],[28.72504,41.19039],[28.72505,41.19024],[28.72515,41.18939],[28.72523,41.18834],[28.72538,41.1871],[28.72545,41.18644],[28.7255,41.18628]]}},{"type":"Feature","properties":{"sinif":"primary","ad":"Hadımköy - İstanbul Caddesi"},"geometry":{"type":"LineString","coordinates":[[28.62299,41.13916],[28.62314,41.13782],[28.62329,41.13694],[28.62334,41.1367],[28.62344,41.13637],[28.6235,41.13618],[28.62357,41.13573],[28.62365,41.13518],[28.62367,41.13503],[28.62368,41.1346],[28.62369,41.13417],[28.62367,41.13327],[28.62372,41.13265],[28.62377,41.1324],[28.62409,41.13016],[28.62418,41.12961],[28.62423,41.12926],[28.62467,41.12594],[28.62473,41.12557],[28.6248,41.1252],[28.6249,41.12471],[28.62506,41.12392],[28.6251,41.12372],[28.62517,41.1233],[28.62522,41.12308]]}},{"type":"Feature","properties":{"sinif":"primary_link","ad":null},"geometry":{"type":"LineString","coordinates":[[28.62394,41.14013],[28.62382,41.14019],[28.62371,41.14023],[28.62352,41.14033],[28.62343,41.14035],[28.62338,41.14036],[28.62333,41.14036],[28.62328,41.14036],[28.62323,41.14035],[28.62319,41.14033],[28.62314,41.14031],[28.62304,41.14023],[28.62298,41.14016]]}},{"type":"Feature","properties":{"sinif":"trunk_link","ad":null},"geometry":{"type":"LineString","coordinates":[[28.79719,41.14436],[28.79702,41.14388],[28.79699,41.14382]]}},{"type":"Feature","properties":{"sinif":"trunk_link","ad":null},"geometry":{"type":"LineString","coordinates":[[28.79728,41.14434],[28.79735,41.14454],[28.79737,41.14466],[28.79736,41.1448],[28.79733,41.14493],[28.79728,41.14502],[28.79718,41.14514],[28.79707,41.14523],[28.79694,41.14531],[28.79682,41.14536],[28.79668,41.1454],[28.79649,41.14542],[28.79637,41.14542],[28.79627,41.14541],[28.79618,41.1454],[28.79609,41.14538],[28.79598,41.14534],[28.79585,41.1453],[28.79573,41.14528],[28.79562,41.14527],[28.79554,41.14527],[28.79547,41.14528],[28.79538,41.14529],[28.79519,41.14534]]}},{"type":"Feature","properties":{"sinif":"trunk_link","ad":null},"geometry":{"type":"LineString","coordinates":[[28.79708,41.14379],[28.79728,41.14434]]}},{"type":"Feature","properties":{"sinif":"trunk_link","ad":"Terminal 2 Kavşağı"},"geometry":{"type":"LineString","coordinates":[[28.74658,41.24506],[28.74673,41.24503],[28.74728,41.245],[28.74767,41.24497],[28.7484,41.24493],[28.74861,41.24491],[28.74879,41.24488],[28.74902,41.24484],[28.74926,41.24477],[28.74944,41.24472],[28.74959,41.24465],[28.74971,41.24458],[28.74981,41.24451],[28.74992,41.2444],[28.74998,41.24432],[28.75003,41.24425],[28.75007,41.24415],[28.7501,41.24406],[28.75012,41.24399],[28.75012,41.24392],[28.75013,41.24384],[28.75011,41.24377],[28.7501,41.24369],[28.75007,41.24362],[28.75004,41.24354],[28.75,41.24349],[28.74997,41.24343],[28.74989,41.24335],[28.74981,41.24327],[28.74972,41.2432],[28.74961,41.24314],[28.74951,41.24309],[28.74941,41.24305],[28.74929,41.24302],[28.74914,41.24299],[28.749,41.24298],[28.74887,41.24297],[28.74876,41.24298],[28.74864,41.243],[28.74854,41.24302],[28.74838,41.24305],[28.7482,41.2431],[28.74799,41.24317],[28.74784,41.24323],[28.74755,41.24338]]}},{"type":"Feature","properties":{"sinif":"trunk","ad":null},"geometry":{"type":"LineString","coordinates":[[28.61291,41.27855],[28.6126,41.27819],[28.61236,41.2779],[28.61213,41.27761],[28.61204,41.27752],[28.61188,41.27735],[28.61078,41.27622],[28.61061,41.27604],[28.61044,41.27587],[28.61022,41.27564],[28.61007,41.27542],[28.60995,41.27522],[28.60986,41.27502],[28.60978,41.2748],[28.60974,41.27459],[28.60971,41.27439],[28.60969,41.27417],[28.60969,41.27406],[28.6097,41.27396],[28.60975,41.27362],[28.60981,41.27321],[28.60983,41.27308],[28.60982,41.27293],[28.60981,41.2728],[28.60979,41.27264],[28.60976,41.27252],[28.60971,41.27239],[28.60967,41.2723],[28.60958,41.27216],[28.60945,41.27196],[28.60933,41.27181],[28.6091,41.27158],[28.60887,41.2714],[28.60862,41.27124],[28.60832,41.27109],[28.60812,41.27102],[28.60787,41.27094],[28.60748,41.27084],[28.60718,41.27075],[28.60684,41.27066],[28.60649,41.27052],[28.6062,41.27039],[28.6059,41.27021],[28.60564,41.27003],[28.60545,41.26986],[28.60528,41.2697],[28.60512,41.26951],[28.60489,41.2692],[28.60449,41.26865],[28.60355,41.26734],[28.60328,41.26698],[28.60291,41.2665],[28.6021,41.26546],[28.60164,41.26489],[28.60149,41.26471],[28.60133,41.26451],[28.60119,41.26429],[28.60104,41.26405],[28.60055,41.26331],[28.60037,41.26303],[28.59999,41.2625],[28.59985,41.26234],[28.59969,41.26214],[28.59962,41.26207],[28.59947,41.26192],[28.59925,41.26172],[28.59904,41.26153],[28.59863,41.26121],[28.59822,41.26093],[28.59802,41.26078],[28.59785,41.26066],[28.59773,41.26057],[28.59749,41.26035],[28.59729,41.26016]]}},{"type":"Feature","properties":{"sinif":"tertiary","ad":null},"geometry":{"type":"LineString","coordinates":[[28.62569,41.16134],[28.62591,41.16148],[28.62619,41.16172],[28.62637,41.16192],[28.62767,41.16344],[28.62817,41.16396],[28.62846,41.16424],[28.62962,41.16531],[28.62978,41.16545],[28.6306,41.16614],[28.63153,41.167],[28.63161,41.16704]]}},{"type":"Feature","properties":{"sinif":"secondary","ad":"Yıldırım Beyazıt Caddesi"},"geometry":{"type":"LineString","coordinates":[[28.74149,41.18554],[28.74152,41.18565]]}},{"type":"Feature","properties":{"sinif":"primary","ad":"Eski Edirne Asfaltı Caddesi"},"geometry":{"type":"LineString","coordinates":[[28.74171,41.18316],[28.74185,41.18304],[28.74203,41.18288],[28.74215,41.18277],[28.74243,41.18252],[28.74253,41.18244],[28.74261,41.18239],[28.74272,41.18233],[28.74287,41.18224],[28.74296,41.18219],[28.74323,41.18203],[28.74334,41.18197],[28.74359,41.18183],[28.74363,41.1818],[28.7438,41.1817],[28.74399,41.1816],[28.74414,41.18152],[28.74428,41.18144],[28.74438,41.18136],[28.74458,41.1812],[28.74472,41.18109],[28.74491,41.18089],[28.7454,41.18045],[28.74553,41.1803],[28.74563,41.18017],[28.74592,41.17979],[28.74607,41.17958],[28.74638,41.17919],[28.74661,41.17891],[28.74681,41.17867],[28.74683,41.17865],[28.74684,41.17863]]}},{"type":"Feature","properties":{"sinif":"primary","ad":"Fatih Caddesi"},"geometry":{"type":"LineString","coordinates":[[28.74062,41.18515],[28.74044,41.18531],[28.74013,41.18559],[28.74003,41.18566],[28.73962,41.18596],[28.73928,41.18622],[28.73917,41.1863]]}},{"type":"Feature","properties":{"sinif":"primary","ad":"Fatih Caddesi"},"geometry":{"type":"LineString","coordinates":[[28.73917,41.1863],[28.73901,41.18642]]}},{"type":"Feature","properties":{"sinif":"primary","ad":"Eski Edirne Asfaltı Caddesi"},"geometry":{"type":"LineString","coordinates":[[28.7361,41.18427],[28.73603,41.18418],[28.73598,41.18416],[28.73592,41.18414],[28.73528,41.18413],[28.73503,41.18413],[28.73491,41.18414],[28.73459,41.1842],[28.73442,41.18426],[28.73427,41.18434],[28.73377,41.18491],[28.73374,41.18494],[28.73342,41.18528],[28.73331,41.1854],[28.7332,41.18549],[28.73311,41.18557],[28.73296,41.18564],[28.73281,41.1857],[28.73264,41.18576],[28.73235,41.18586],[28.73199,41.18593],[28.73061,41.18626],[28.73046,41.18629],[28.73025,41.18632],[28.72992,41.18632],[28.72952,41.1863],[28.72911,41.18628],[28.72867,41.18627],[28.72823,41.18625],[28.72781,41.18623],[28.72741,41.18622],[28.727,41.18621],[28.72653,41.18617],[28.72634,41.18614],[28.72613,41.18608],[28.72595,41.18603],[28.72571,41.18589],[28.72557,41.18578],[28.72538,41.18553],[28.72504,41.18497]]}},{"type":"Feature","properties":{"sinif":"primary","ad":null},"geometry":{"type":"LineString","coordinates":[[28.7361,41.18427],[28.73612,41.18418],[28.73613,41.18417],[28.73618,41.18412],[28.73625,41.18407],[28.73635,41.18403]]}},{"type":"Feature","properties":{"sinif":"primary","ad":"Eski Edirne Asfaltı Caddesi"},"geometry":{"type":"LineString","coordinates":[[28.72541,41.18539],[28.72547,41.18549],[28.72565,41.18572],[28.72578,41.18583],[28.726,41.18596],[28.72623,41.18603],[28.72641,41.18606],[28.72658,41.18607],[28.72687,41.18605],[28.72695,41.18605],[28.72718,41.18604],[28.72728,41.18605],[28.72739,41.18607],[28.72748,41.1861],[28.7276,41.18614],[28.72777,41.18615],[28.72816,41.18616],[28.72868,41.18617],[28.72909,41.18619],[28.72951,41.18621],[28.72994,41.18623],[28.73024,41.18623],[28.73043,41.18621],[28.73059,41.18618],[28.73194,41.18585],[28.73254,41.18565],[28.73276,41.18556],[28.7329,41.18549],[28.73301,41.18543],[28.73311,41.18533],[28.73312,41.1853],[28.73317,41.18522],[28.73319,41.18517],[28.73323,41.1851],[28.73328,41.18499],[28.73338,41.18486],[28.7335,41.18476],[28.73366,41.18468],[28.73391,41.18456],[28.73403,41.18447],[28.73422,41.18429],[28.73433,41.18421],[28.73444,41.18415],[28.73458,41.18412],[28.73472,41.18409],[28.73487,41.18406],[28.73499,41.18404],[28.73606,41.18404],[28.73635,41.18403]]}},{"type":"Feature","properties":{"sinif":"primary_link","ad":null},"geometry":{"type":"LineString","coordinates":[[28.74472,41.18109],[28.74479,41.18106],[28.74482,41.18105],[28.74486,41.18106],[28.74491,41.18107],[28.74495,41.18109],[28.74498,41.18112],[28.745,41.18114],[28.74504,41.18118]]}},{"type":"Feature","properties":{"sinif":"trunk_link","ad":null},"geometry":{"type":"LineString","coordinates":[[28.72928,41.18256],[28.72964,41.18191],[28.72987,41.18159],[28.73048,41.18102],[28.73095,41.18071],[28.73137,41.18045],[28.73258,41.18004],[28.73283,41.17998],[28.73305,41.17992],[28.73329,41.17987],[28.73405,41.1798]]}},{"type":"Feature","properties":{"sinif":"trunk_link","ad":null},"geometry":{"type":"LineString","coordinates":[[28.725,41.1839],[28.725,41.1838],[28.72497,41.1837],[28.72493,41.18361],[28.72488,41.18355],[28.72481,41.1835],[28.72469,41.18347],[28.72457,41.18347],[28.72444,41.18352],[28.72437,41.1836],[28.72435,41.18367],[28.72435,41.18373],[28.72436,41.18379],[28.72441,41.18385],[28.72447,41.1839],[28.72456,41.18395]]}},{"type":"Feature","properties":{"sinif":"trunk","ad":"Eski Edirne Asfaltı Caddesi"},"geometry":{"type":"LineString","coordinates":[[28.72295,41.18383],[28.72195,41.18348],[28.72171,41.1834],[28.72156,41.18335],[28.7214,41.18332],[28.72126,41.18329],[28.72114,41.18327],[28.72098,41.18324]]}},{"type":"Feature","properties":{"sinif":"trunk","ad":"Gazi Fahrettin Paşa Caddesi"},"geometry":{"type":"LineString","coordinates":[[28.72484,41.18406],[28.72518,41.18406],[28.7255,41.18404],[28.72582,41.18402],[28.72602,41.184],[28.72628,41.18396],[28.72645,41.18393],[28.72661,41.1839],[28.72687,41.18384],[28.7271,41.18379],[28.72733,41.18372],[28.72755,41.18366],[28.72769,41.1836],[28.72786,41.18354],[28.72803,41.18346],[28.72818,41.18339]]}},{"type":"Feature","properties":{"sinif":"trunk","ad":"Gazi Fahrettin Paşa Caddesi"},"geometry":{"type":"LineString","coordinates":[[28.72799,41.18363],[28.72776,41.18372],[28.72754,41.1838],[28.72734,41.18386],[28.72706,41.18394],[28.72682,41.184],[28.72664,41.18403],[28.72647,41.18407],[28.72621,41.18411],[28.72606,41.18413],[28.7259,41.18415],[28.7256,41.18417],[28.72533,41.18418],[28.72513,41.18419],[28.72485,41.1842]]}},{"type":"Feature","properties":{"sinif":"trunk","ad":"Gazi Fahrettin Paşa Caddesi"},"geometry":{"type":"LineString","coordinates":[[28.72928,41.18256],[28.72939,41.18244],[28.72953,41.18226],[28.7297,41.18205],[28.72992,41.18176],[28.73007,41.18157],[28.73019,41.18144],[28.73031,41.18132],[28.73054,41.18114],[28.73071,41.18102],[28.73105,41.18082],[28.73124,41.18072],[28.7315,41.18059],[28.73179,41.18046],[28.73207,41.18034],[28.7323,41.18026],[28.73253,41.18018],[28.73271,41.18012],[28.73296,41.18005],[28.73323,41.17999],[28.73405,41.1798],[28.73437,41.17973],[28.73462,41.17967],[28.73487,41.17961],[28.73515,41.17953],[28.73537,41.17948],[28.73553,41.17944],[28.73567,41.17942]]}},{"type":"Feature","properties":{"sinif":"trunk_link","ad":null},"geometry":{"type":"LineString","coordinates":[[28.72499,41.18485],[28.72496,41.1846],[28.72495,41.18441],[28.725,41.1839]]}},{"type":"Feature","properties":{"sinif":"trunk_link","ad":null},"geometry":{"type":"LineString","coordinates":[[28.71782,41.18314],[28.71822,41.18308],[28.71862,41.18306],[28.71941,41.183]]}},{"type":"Feature","properties":{"sinif":"trunk","ad":"Eski Edirne Asfaltı Caddesi"},"geometry":{"type":"LineString","coordinates":[[28.72018,41.18311],[28.72039,41.18311],[28.72056,41.1831],[28.72072,41.18311],[28.72086,41.18312],[28.721,41.18314]]}},{"type":"Feature","properties":{"sinif":"trunk","ad":"Eski Edirne Asfaltı Caddesi"},"geometry":{"type":"LineString","coordinates":[[28.71803,41.18325],[28.71745,41.18326],[28.71691,41.18326],[28.71653,41.18327],[28.71634,41.18327],[28.71615,41.18328],[28.71548,41.18328],[28.71432,41.1833],[28.71363,41.18332],[28.71327,41.18332],[28.71283,41.18334],[28.71223,41.18336],[28.71163,41.18338],[28.71148,41.18339],[28.7112,41.1834],[28.71,41.18344],[28.70945,41.18346],[28.70922,41.18346],[28.70849,41.18348],[28.70776,41.18349]]}},{"type":"Feature","properties":{"sinif":"trunk","ad":"Eski Edirne Asfaltı Caddesi"},"geometry":{"type":"LineString","coordinates":[[28.72098,41.18324],[28.7208,41.18322],[28.72065,41.18322],[28.72049,41.18321],[28.72019,41.18321]]}},{"type":"Feature","properties":{"sinif":"secondary","ad":null},"geometry":{"type":"LineString","coordinates":[[28.73137,41.18381],[28.73182,41.18417],[28.73204,41.18435],[28.73232,41.18458],[28.73237,41.18462],[28.73255,41.18482],[28.73273,41.18504],[28.73279,41.18509],[28.73286,41.18512],[28.73299,41.18518]]}},{"type":"Feature","properties":{"sinif":"trunk_link","ad":null},"geometry":{"type":"LineString","coordinates":[[28.73179,41.1809],[28.73155,41.18089],[28.73139,41.18093],[28.7308,41.18128],[28.73072,41.18134],[28.7306,41.18143],[28.73033,41.18168],[28.73021,41.18186],[28.73003,41.18209],[28.7299,41.18223],[28.72964,41.18252],[28.72943,41.18271],[28.72916,41.18289]]}},{"type":"Feature","properties":{"sinif":"trunk_link","ad":null},"geometry":{"type":"LineString","coordinates":[[28.73472,41.17979],[28.73405,41.18001],[28.73313,41.18026],[28.73263,41.1804],[28.73207,41.1806],[28.732,41.18064],[28.73195,41.18068],[28.73191,41.18073],[28.7319,41.18081],[28.73192,41.18084],[28.73195,41.18091]]}},{"type":"Feature","properties":{"sinif":"trunk_link","ad":null},"geometry":{"type":"LineString","coordinates":[[28.73165,41.18076],[28.73139,41.18052]]}},{"type":"Feature","properties":{"sinif":"trunk_link","ad":null},"geometry":{"type":"LineString","coordinates":[[28.73139,41.18052],[28.73137,41.18045]]}},{"type":"Feature","properties":{"sinif":"trunk_link","ad":null},"geometry":{"type":"LineString","coordinates":[[28.73148,41.18048],[28.73172,41.1807]]}},{"type":"Feature","properties":{"sinif":"primary","ad":"23 Nisan Caddesi"},"geometry":{"type":"LineString","coordinates":[[28.73195,41.18091],[28.73214,41.1811],[28.73224,41.18119],[28.73242,41.18137],[28.73313,41.18208],[28.73368,41.1826],[28.73388,41.18279],[28.73392,41.18283],[28.73439,41.18329],[28.73468,41.18357],[28.73477,41.18369],[28.73487,41.18382],[28.7349,41.18386],[28.73494,41.18393],[28.73499,41.18404]]}},{"type":"Feature","properties":{"sinif":"trunk","ad":"Gazi Fahrettin Paşa Caddesi"},"geometry":{"type":"LineString","coordinates":[[28.7367,41.17943],[28.73649,41.17946],[28.7361,41.1795],[28.73591,41.17952],[28.73571,41.17955]]}},{"type":"Feature","properties":{"sinif":"trunk","ad":"Gazi Fahrettin Paşa Caddesi"},"geometry":{"type":"LineString","coordinates":[[28.73472,41.17979],[28.73432,41.17988],[28.73407,41.17994],[28.73373,41.18001],[28.73343,41.18008],[28.73295,41.1802],[28.73262,41.18029],[28.73242,41.18036],[28.73222,41.18043],[28.73188,41.18057],[28.73163,41.18069],[28.73138,41.18081],[28.73114,41.18094],[28.73089,41.18108],[28.73072,41.18119],[28.73061,41.18128],[28.73051,41.18136],[28.73038,41.18148],[28.73025,41.1816],[28.73016,41.18171],[28.73006,41.18183],[28.72981,41.18217],[28.7297,41.18231],[28.72957,41.18247],[28.72939,41.18267],[28.72927,41.18279],[28.72916,41.18289],[28.72902,41.183],[28.72894,41.18307],[28.72883,41.18315],[28.72868,41.18326],[28.72857,41.18333],[28.72845,41.1834],[28.72826,41.18351],[28.72812,41.18357],[28.72799,41.18363]]}},{"type":"Feature","properties":{"sinif":"trunk","ad":"Gazi Fahrettin Paşa Caddesi"},"geometry":{"type":"LineString","coordinates":[[28.73666,41.1793],[28.73685,41.17926],[28.73715,41.17918],[28.73742,41.17912],[28.73783,41.17905],[28.73827,41.17898],[28.7385,41.17894],[28.73872,41.1789],[28.73915,41.17881],[28.73951,41.17875],[28.74009,41.17866],[28.74045,41.1786],[28.7407,41.17855],[28.74097,41.17848],[28.74129,41.17838],[28.74161,41.17827],[28.74183,41.17818],[28.74204,41.1781],[28.74229,41.17799],[28.74253,41.17788],[28.74304,41.17765],[28.74346,41.17745],[28.74427,41.17707],[28.74476,41.17686],[28.74513,41.1767],[28.7454,41.17658],[28.7457,41.17644],[28.74592,41.17634],[28.7461,41.17626],[28.74632,41.17618],[28.74648,41.17614],[28.74681,41.17606],[28.74698,41.17603],[28.74715,41.17601],[28.74736,41.17598],[28.74769,41.17596],[28.74785,41.17595],[28.74801,41.17594],[28.74822,41.17591],[28.74841,41.17589]]}},{"type":"Feature","properties":{"sinif":"trunk","ad":"Gazi Fahrettin Paşa Caddesi"},"geometry":{"type":"LineString","coordinates":[[28.73567,41.17942],[28.73591,41.17939],[28.73614,41.17936],[28.73636,41.17934],[28.73666,41.1793]]}},{"type":"Feature","properties":{"sinif":"trunk","ad":"Gazi Fahrettin Paşa Caddesi"},"geometry":{"type":"LineString","coordinates":[[28.7451,41.17686],[28.74479,41.17699],[28.74441,41.17716],[28.74388,41.17741],[28.74345,41.17761],[28.74262,41.17799],[28.74217,41.17819],[28.74192,41.17829],[28.7415,41.17845],[28.74131,41.17851],[28.74107,41.17858],[28.74083,41.17865],[28.74063,41.17869],[28.74037,41.17874],[28.73982,41.17884],[28.7395,41.17889],[28.73911,41.17896],[28.7387,41.17903],[28.73836,41.1791],[28.73787,41.17918],[28.73763,41.17922],[28.73738,41.17927],[28.73713,41.17934],[28.73687,41.1794],[28.7367,41.17943]]}},{"type":"Feature","properties":{"sinif":"trunk","ad":"Gazi Fahrettin Paşa Caddesi"},"geometry":{"type":"LineString","coordinates":[[28.74854,41.17598],[28.74836,41.17601]]}},{"type":"Feature","properties":{"sinif":"trunk","ad":"Gazi Fahrettin Paşa Caddesi"},"geometry":{"type":"LineString","coordinates":[[28.74841,41.17589],[28.74857,41.17585]]}},{"type":"Feature","properties":{"sinif":"trunk","ad":"Gazi Fahrettin Paşa Caddesi"},"geometry":{"type":"LineString","coordinates":[[28.74857,41.17585],[28.74883,41.17579],[28.74908,41.17571],[28.74932,41.17563],[28.74945,41.17557],[28.74962,41.17549],[28.74981,41.1754],[28.75002,41.17529],[28.75055,41.17499],[28.75075,41.17489],[28.7509,41.17481],[28.75111,41.1747]]}},{"type":"Feature","properties":{"sinif":"trunk_link","ad":null},"geometry":{"type":"LineString","coordinates":[[28.7451,41.17686],[28.74495,41.17697],[28.74482,41.17705],[28.74475,41.1771],[28.74469,41.17717],[28.74464,41.17724],[28.74461,41.17731],[28.7446,41.17741],[28.7446,41.17762]]}},{"type":"Feature","properties":{"sinif":"trunk","ad":"Eski Edirne Asfaltı Caddesi"},"geometry":{"type":"LineString","coordinates":[[28.75371,41.17403],[28.75399,41.17399],[28.75433,41.17394],[28.75462,41.17388],[28.75483,41.17383],[28.75508,41.17376],[28.75528,41.17369],[28.75556,41.17359],[28.75582,41.17347],[28.756,41.17337],[28.75618,41.17327],[28.75637,41.17314],[28.7565,41.17304],[28.75664,41.17293],[28.75675,41.17281],[28.75685,41.17272],[28.75702,41.17253],[28.75728,41.17223],[28.75737,41.17211],[28.75745,41.17202],[28.75755,41.17192],[28.75767,41.17179],[28.75777,41.17171],[28.75791,41.1716],[28.75803,41.17151],[28.75828,41.17136],[28.75855,41.17121],[28.75887,41.17105],[28.75898,41.17099],[28.75914,41.17091],[28.7593,41.17083],[28.75938,41.17079],[28.75972,41.17062],[28.7599,41.17052],[28.7601,41.17041],[28.76033,41.17026],[28.76048,41.17016],[28.76061,41.17006],[28.76073,41.16997],[28.76084,41.16987],[28.76092,41.1698],[28.76093,41.16979],[28.76114,41.16961],[28.76146,41.16933],[28.7618,41.16904],[28.76206,41.16882],[28.76231,41.16864],[28.76247,41.16853],[28.76264,41.16842],[28.76283,41.16831],[28.76297,41.16824],[28.76315,41.16815],[28.76334,41.16805],[28.76358,41.16795],[28.7638,41.16786],[28.76442,41.16763],[28.76473,41.16751],[28.76507,41.16738],[28.76525,41.1673],[28.76542,41.16723],[28.7656,41.16714],[28.76578,41.16704],[28.76595,41.16694],[28.7661,41.16684],[28.76629,41.16671],[28.76645,41.16659],[28.76673,41.16637],[28.76716,41.16601],[28.76742,41.16581],[28.76763,41.16564],[28.76794,41.16539],[28.76844,41.16499],[28.76863,41.16484],[28.76924,41.16434],[28.76964,41.16404],[28.76989,41.16385],[28.77016,41.16367],[28.77041,41.1635],[28.77071,41.16331],[28.77109,41.16307],[28.77125,41.16298],[28.77143,41.16288],[28.77178,41.16269],[28.77197,41.16258],[28.77218,41.16247],[28.77248,41.16232],[28.77275,41.16219],[28.77286,41.16215],[28.77292,41.16212],[28.77306,41.16206],[28.77326,41.16198],[28.77367,41.16179],[28.77407,41.16163],[28.77469,41.1614],[28.77518,41.16122],[28.77555,41.16109],[28.77593,41.16099],[28.7762,41.16091],[28.77649,41.16084],[28.77672,41.16079],[28.77696,41.16074],[28.7772,41.16069],[28.77755,41.16062],[28.77807,41.16053],[28.77827,41.1605],[28.77907,41.16037],[28.77994,41.16023],[28.78054,41.16012],[28.78121,41.16],[28.78145,41.15996],[28.78187,41.15988],[28.78213,41.15982],[28.7824,41.15976],[28.78276,41.15966],[28.78307,41.15957],[28.78329,41.1595],[28.78353,41.15942],[28.78378,41.15932],[28.78397,41.15925],[28.78415,41.15917],[28.78449,41.15901],[28.78481,41.15887],[28.7852,41.1587],[28.78539,41.15861],[28.78558,41.15851],[28.78572,41.15843],[28.78584,41.15834],[28.78598,41.15822],[28.7861,41.15811],[28.7862,41.158],[28.78627,41.15791],[28.78634,41.15781],[28.78642,41.15769],[28.78648,41.15758],[28.78653,41.15745],[28.7866,41.15728],[28.78674,41.15689],[28.78686,41.15654],[28.787,41.15616],[28.78713,41.15578],[28.78718,41.15564],[28.78722,41.15551],[28.78728,41.15529],[28.78731,41.15515],[28.78732,41.155],[28.78733,41.15484],[28.78733,41.15466],[28.78732,41.15454],[28.78729,41.15439],[28.78727,41.15428],[28.78724,41.15415],[28.7871,41.15372],[28.78703,41.15351],[28.78698,41.15335],[28.78695,41.15318],[28.78694,41.15313],[28.78692,41.15299]]}},{"type":"Feature","properties":{"sinif":"trunk","ad":"Eski Edirne Asfaltı Caddesi"},"geometry":{"type":"LineString","coordinates":[[28.78709,41.15306],[28.78709,41.15311],[28.78711,41.15319],[28.78713,41.15328],[28.78718,41.15344],[28.7872,41.15353],[28.78724,41.15365],[28.78725,41.15367],[28.78728,41.15378],[28.78732,41.15388],[28.78736,41.15401],[28.7874,41.15415],[28.78743,41.15426],[28.78744,41.1543],[28.78746,41.15442],[28.78748,41.15452],[28.78748,41.15464],[28.78749,41.15477],[28.78749,41.15488],[28.78748,41.15499],[28.78745,41.15522],[28.78743,41.15535],[28.7874,41.15547],[28.78733,41.15567],[28.78726,41.15587],[28.78705,41.15646],[28.78691,41.15685],[28.7868,41.15717],[28.78672,41.1574],[28.78667,41.15752],[28.78663,41.15761],[28.78659,41.1577],[28.78653,41.15779],[28.78647,41.15788],[28.78641,41.15797],[28.78633,41.15806],[28.78625,41.15816],[28.78611,41.15829],[28.78597,41.15841],[28.78581,41.15852],[28.78566,41.15861],[28.7855,41.1587],[28.7854,41.15875],[28.78535,41.15877],[28.78518,41.15885],[28.78458,41.15911],[28.78441,41.15919],[28.78411,41.15932],[28.78377,41.15946],[28.78347,41.15957],[28.78318,41.15966],[28.78287,41.15976],[28.78257,41.15984],[28.78239,41.15988],[28.78219,41.15993],[28.78188,41.15999],[28.7816,41.16005],[28.78085,41.16018],[28.78014,41.16031],[28.7791,41.16048],[28.77887,41.16052],[28.77878,41.16053],[28.77834,41.1606],[28.77775,41.16071],[28.77748,41.16076],[28.77722,41.16081],[28.77687,41.16088],[28.7767,41.16092],[28.77653,41.16096],[28.77629,41.16102],[28.77607,41.16107],[28.77586,41.16113],[28.77563,41.1612],[28.7747,41.16153],[28.77433,41.16167],[28.77414,41.16174]]}},{"type":"Feature","properties":{"sinif":"motorway_link","ad":"Terminal 1 Kavşağı"},"geometry":{"type":"LineString","coordinates":[[28.75764,41.24208],[28.75789,41.24208],[28.75816,41.24208],[28.75836,41.24208],[28.7586,41.24209],[28.75901,41.24211],[28.75919,41.24211],[28.7594,41.24211],[28.7596,41.24211],[28.7598,41.2421],[28.75995,41.2421],[28.76011,41.24208],[28.76032,41.24206],[28.76053,41.24203],[28.76075,41.24199],[28.76095,41.24195],[28.76115,41.24191],[28.76134,41.24185],[28.76156,41.24178],[28.76176,41.24171],[28.76195,41.24164],[28.76218,41.24153],[28.76283,41.24121],[28.76305,41.24109],[28.76323,41.241],[28.7636,41.24082],[28.76376,41.24074],[28.7639,41.24068],[28.76405,41.24062],[28.76419,41.24058],[28.76433,41.24054],[28.76451,41.2405],[28.76469,41.24047],[28.76489,41.24044],[28.76509,41.24042],[28.7653,41.24042],[28.7655,41.24042],[28.76569,41.24044],[28.76587,41.24046],[28.76605,41.24049],[28.76624,41.24053],[28.76644,41.24059],[28.76663,41.24065],[28.76682,41.24073],[28.76706,41.24085],[28.7672,41.24094],[28.7673,41.24101]]}},{"type":"Feature","properties":{"sinif":"motorway_link","ad":"Terminal 2 Kavşağı"},"geometry":{"type":"LineString","coordinates":[[28.73928,41.24358],[28.73938,41.24342],[28.73956,41.24323],[28.73979,41.243],[28.74006,41.24278],[28.7404,41.24257],[28.74067,41.24242],[28.74091,41.24229],[28.74121,41.24217],[28.7415,41.24209]]}},{"type":"Feature","properties":{"sinif":"motorway_link","ad":"Terminal 2 Kavşağı"},"geometry":{"type":"LineString","coordinates":[[28.7362,41.24277],[28.73663,41.24269],[28.73714,41.24259],[28.73763,41.2425],[28.73867,41.24231],[28.73889,41.24227],[28.73915,41.24222],[28.73931,41.2422],[28.73951,41.24217],[28.73971,41.24215],[28.73988,41.24214],[28.7401,41.24213],[28.74025,41.24213],[28.74047,41.24214],[28.74072,41.24217],[28.74095,41.24219],[28.74114,41.24222],[28.74142,41.24228],[28.74156,41.24231]]}},{"type":"Feature","properties":{"sinif":"motorway","ad":"Kuzey Marmara Otoyolu"},"geometry":{"type":"LineString","coordinates":[[28.52545,41.16597],[28.52625,41.16618],[28.52772,41.16658],[28.52872,41.16685],[28.5294,41.16705],[28.52987,41.1672],[28.53071,41.16746],[28.53109,41.16757],[28.5316,41.16769],[28.53202,41.16779],[28.5325,41.16789],[28.53324,41.16804],[28.53373,41.16818],[28.53421,41.16831],[28.53457,41.1684],[28.53509,41.16851],[28.53577,41.16865],[28.53719,41.16893],[28.54118,41.16983],[28.54338,41.17031],[28.54422,41.1705],[28.54484,41.17066],[28.54546,41.17083],[28.54617,41.17102],[28.5469,41.17122],[28.54763,41.17142],[28.54828,41.17161],[28.54878,41.17177],[28.54923,41.17192],[28.54983,41.17215],[28.55079,41.17252],[28.55162,41.17287],[28.55274,41.17335],[28.55334,41.17363],[28.5539,41.17391],[28.55443,41.17418],[28.55509,41.17454],[28.55567,41.17487],[28.55624,41.1752],[28.55733,41.17587],[28.55792,41.17627],[28.55928,41.17724],[28.56005,41.17782],[28.56079,41.17842],[28.5609,41.17852],[28.56131,41.17888],[28.56207,41.17957],[28.56252,41.17999],[28.56295,41.18042],[28.56355,41.18106],[28.56445,41.18208],[28.56481,41.18251],[28.56554,41.1835],[28.56608,41.18426],[28.56664,41.18511],[28.56691,41.18559],[28.56714,41.18601],[28.56744,41.18659],[28.56766,41.18704],[28.56787,41.18756],[28.5681,41.18809],[28.56826,41.18853],[28.56843,41.18896],[28.56862,41.18941],[28.56891,41.19014],[28.56919,41.19079],[28.56978,41.19218],[28.57026,41.19327],[28.57059,41.19399],[28.57078,41.1944],[28.57108,41.19499],[28.57138,41.19552],[28.5716,41.19591],[28.57192,41.19643],[28.57227,41.19698],[28.57252,41.19738],[28.57287,41.19796],[28.57329,41.19857],[28.57356,41.19894],[28.57451,41.20029],[28.57537,41.20142],[28.57568,41.20181],[28.57633,41.20258],[28.57669,41.20299],[28.57704,41.20337],[28.57751,41.20389],[28.57798,41.20437],[28.57847,41.20483],[28.57895,41.20528],[28.57958,41.20584],[28.58014,41.20631],[28.58104,41.20703],[28.58194,41.20773],[28.58239,41.20807],[28.58337,41.20879],[28.58407,41.2093],[28.58444,41.20956],[28.58491,41.20989],[28.58534,41.21018],[28.58562,41.21036],[28.58598,41.21058],[28.58656,41.21091],[28.58721,41.21125],[28.58829,41.21178],[28.58964,41.21245],[28.59088,41.21303],[28.59152,41.21334],[28.59217,41.21365]]}},{"type":"Feature","properties":{"sinif":"motorway_link","ad":"Yassıören 1 Kavşağı"},"geometry":{"type":"LineString","coordinates":[[28.60265,41.22325],[28.60265,41.22342],[28.60263,41.22356],[28.6026,41.22366],[28.60253,41.22392],[28.60249,41.22407],[28.60245,41.22422],[28.60242,41.22438],[28.6024,41.22452],[28.60238,41.22469],[28.60238,41.22496],[28.60241,41.22515],[28.60244,41.2253],[28.60247,41.22541],[28.60251,41.22554],[28.60257,41.22568],[28.60267,41.22588],[28.60276,41.22603],[28.60289,41.22619],[28.60307,41.22641],[28.60331,41.22665],[28.60353,41.22688],[28.60371,41.22706],[28.60378,41.22716],[28.60384,41.22725],[28.60389,41.22733],[28.60394,41.22746],[28.60397,41.22758],[28.60399,41.2277],[28.60398,41.22784],[28.60395,41.22799],[28.60391,41.22813],[28.60383,41.22827],[28.60375,41.22839],[28.60361,41.22853],[28.60351,41.22861],[28.60337,41.2287],[28.60322,41.22877],[28.60306,41.22884],[28.60278,41.22892],[28.60256,41.22896],[28.60237,41.22897],[28.6022,41.22897],[28.60201,41.22896],[28.60185,41.22893],[28.6016,41.22887],[28.60146,41.22882],[28.60131,41.22876],[28.60108,41.22867],[28.60029,41.22834],[28.59995,41.2282],[28.59956,41.228],[28.59934,41.22788],[28.59915,41.22775],[28.59888,41.22757],[28.59875,41.22746],[28.59859,41.22732],[28.59846,41.2272],[28.59829,41.22704],[28.59818,41.2269],[28.59807,41.22676],[28.59792,41.22654],[28.59784,41.22641],[28.59778,41.2263],[28.59768,41.2261],[28.59759,41.22589],[28.59754,41.22579],[28.59748,41.22568]]}},{"type":"Feature","properties":{"sinif":"trunk_link","ad":"Terminal 1 Kavşağı"},"geometry":{"type":"LineString","coordinates":[[28.77405,41.2451],[28.77364,41.24517],[28.77291,41.24526],[28.77235,41.24533],[28.77209,41.24536],[28.77185,41.24541],[28.77162,41.24546],[28.77138,41.24554],[28.77119,41.24561],[28.77098,41.2457],[28.7708,41.24579],[28.77063,41.24588],[28.77049,41.24597],[28.77039,41.24604],[28.77028,41.24612],[28.77017,41.2462],[28.77006,41.24629],[28.76991,41.24645],[28.76979,41.24659],[28.76966,41.24675],[28.76957,41.2469],[28.7695,41.24702],[28.76933,41.24735],[28.76913,41.24774],[28.76893,41.2481],[28.76876,41.24844],[28.76868,41.24861],[28.7686,41.24881],[28.76852,41.24903],[28.76845,41.24922],[28.76838,41.24938],[28.76832,41.24952],[28.76823,41.24967],[28.76809,41.2498],[28.76797,41.2499],[28.76783,41.24999]]}},{"type":"Feature","properties":{"sinif":"trunk_link","ad":"Terminal 2 Kavşağı"},"geometry":{"type":"LineString","coordinates":[[28.74665,41.24596],[28.74664,41.24674],[28.74663,41.24744],[28.74663,41.2479],[28.74662,41.2482]]}},{"type":"Feature","properties":{"sinif":"trunk_link","ad":"Terminal 2 Kavşağı"},"geometry":{"type":"LineString","coordinates":[[28.74666,41.24489],[28.74666,41.2454],[28.74665,41.24596]]}},{"type":"Feature","properties":{"sinif":"motorway_link","ad":"Terminal 2 Kavşağı"},"geometry":{"type":"LineString","coordinates":[[28.74584,41.24607],[28.74593,41.24622],[28.74604,41.2464],[28.74612,41.24657],[28.7462,41.24674],[28.74627,41.24693],[28.74635,41.24713],[28.74641,41.24734],[28.74646,41.24749],[28.74648,41.24759],[28.74649,41.2477],[28.74652,41.24785],[28.74653,41.24796],[28.74653,41.24807],[28.74654,41.24821]]}},{"type":"Feature","properties":{"sinif":"motorway_link","ad":"Terminal 2 Kavşağı"},"geometry":{"type":"LineString","coordinates":[[28.74488,41.24487],[28.74502,41.24503],[28.74521,41.24524],[28.74541,41.24549],[28.74563,41.24578],[28.74584,41.24607]]}},{"type":"Feature","properties":{"sinif":"trunk_link","ad":"Terminal 1 Kavşağı"},"geometry":{"type":"LineString","coordinates":[[28.76991,41.24552],[28.76987,41.24563],[28.76981,41.24577],[28.76976,41.24587],[28.76966,41.24609],[28.76954,41.24633],[28.76936,41.2467],[28.76922,41.24698],[28.76907,41.24729],[28.76889,41.24763]]}},{"type":"Feature","properties":{"sinif":"trunk_link","ad":"Terminal 1 Kavşağı"},"geometry":{"type":"LineString","coordinates":[[28.76491,41.2459],[28.76478,41.24582],[28.76468,41.24575],[28.76461,41.24568],[28.76454,41.24561],[28.76445,41.24551],[28.76441,41.24542],[28.76437,41.24532],[28.76434,41.24522],[28.76432,41.24508],[28.76433,41.24497],[28.76435,41.24489],[28.76437,41.24479],[28.76441,41.24469],[28.76446,41.24461],[28.76452,41.24453],[28.76459,41.24445],[28.76466,41.24437]]}},{"type":"Feature","properties":{"sinif":"trunk_link","ad":"Terminal 2 Kavşağı"},"geometry":{"type":"LineString","coordinates":[[28.73812,41.24726],[28.73791,41.24709],[28.73772,41.24697],[28.73752,41.24685],[28.73732,41.24676],[28.73705,41.24666],[28.73691,41.24661],[28.73676,41.24657],[28.73653,41.24651],[28.73628,41.24646],[28.73613,41.24644],[28.73599,41.24642],[28.73586,41.24641],[28.73573,41.2464],[28.73554,41.2464],[28.73534,41.2464],[28.73494,41.2464],[28.73477,41.24639],[28.73415,41.24638],[28.73372,41.24637],[28.73332,41.24638],[28.73306,41.24638],[28.7329,41.24638],[28.73276,41.24638],[28.7326,41.24636]]}},{"type":"Feature","properties":{"sinif":"motorway_link","ad":"Terminal 2 Kavşağı"},"geometry":{"type":"LineString","coordinates":[[28.73896,41.24629],[28.73893,41.24576],[28.73891,41.24533]]}},{"type":"Feature","properties":{"sinif":"trunk_link","ad":"Terminal 2 Kavşağı"},"geometry":{"type":"LineString","coordinates":[[28.7389,41.24823],[28.73889,41.24809],[28.73889,41.24798],[28.73889,41.24786],[28.73889,41.24762],[28.73886,41.24736],[28.73884,41.24723]]}},{"type":"Feature","properties":{"sinif":"trunk_link","ad":"Terminal 2 Kavşağı"},"geometry":{"type":"LineString","coordinates":[[28.7386,41.24629],[28.73848,41.24582],[28.73837,41.24538]]}},{"type":"Feature","properties":{"sinif":"trunk_link","ad":"Terminal 2 Kavşağı"},"geometry":{"type":"LineString","coordinates":[[28.73837,41.24538],[28.73833,41.24526],[28.73828,41.24513],[28.73823,41.24504],[28.73817,41.24494],[28.73811,41.24485],[28.73805,41.24477],[28.73797,41.24469],[28.73785,41.24458],[28.73774,41.2445],[28.73758,41.24439],[28.73745,41.24433],[28.73735,41.24428],[28.73722,41.24423],[28.7371,41.24419]]}},{"type":"Feature","properties":{"sinif":"trunk_link","ad":"Kargo Kavşağı"},"geometry":{"type":"LineString","coordinates":[[28.78778,41.24094],[28.78747,41.24073],[28.78741,41.24069],[28.78728,41.24063],[28.78715,41.24057],[28.78704,41.24054],[28.78691,41.24052],[28.78679,41.24051],[28.78665,41.24051],[28.7865,41.24052],[28.78641,41.24054],[28.78633,41.24055],[28.78626,41.24058],[28.78617,41.24061],[28.7861,41.24064],[28.78602,41.24069],[28.78593,41.24075],[28.78587,41.2408],[28.7858,41.24087],[28.78575,41.24094],[28.78571,41.241],[28.78568,41.24106],[28.78565,41.24112],[28.78564,41.24118],[28.78562,41.24125],[28.78562,41.24132],[28.78562,41.2414],[28.78563,41.24147],[28.78564,41.24153],[28.78567,41.24159],[28.78571,41.24168],[28.78576,41.24177],[28.78582,41.24183],[28.78588,41.24189],[28.78597,41.24195],[28.78607,41.24201],[28.78618,41.24206],[28.78627,41.2421],[28.7864,41.24213],[28.78653,41.24215],[28.78665,41.24217],[28.78684,41.24217],[28.787,41.24217],[28.78715,41.24216],[28.78728,41.24215],[28.78744,41.24212],[28.78773,41.24207],[28.78791,41.24205],[28.78807,41.24203],[28.78828,41.24204]]}},{"type":"Feature","properties":{"sinif":"tertiary","ad":null},"geometry":{"type":"LineString","coordinates":[[28.67271,41.26435],[28.67278,41.26437],[28.67286,41.26436],[28.67291,41.26433],[28.67298,41.26428],[28.67309,41.26419],[28.67325,41.26406],[28.67338,41.26397],[28.6735,41.26393],[28.67362,41.26391],[28.67388,41.26392],[28.67401,41.26392],[28.6741,41.26392]]}},{"type":"Feature","properties":{"sinif":"tertiary","ad":null},"geometry":{"type":"LineString","coordinates":[[28.67245,41.2642],[28.67271,41.26435]]}},{"type":"Feature","properties":{"sinif":"tertiary","ad":null},"geometry":{"type":"LineString","coordinates":[[28.67153,41.26541],[28.67153,41.26528],[28.67154,41.26518],[28.67158,41.26504],[28.67172,41.2648],[28.67185,41.2646],[28.67192,41.2645],[28.67196,41.26439],[28.67195,41.26427],[28.67197,41.26415],[28.67199,41.26408],[28.67203,41.26405],[28.67218,41.26405],[28.67225,41.26407],[28.67245,41.2642]]}},{"type":"Feature","properties":{"sinif":"trunk_link","ad":null},"geometry":{"type":"LineString","coordinates":[[28.69022,41.25225],[28.69032,41.25211],[28.69047,41.25195],[28.69068,41.25175],[28.69105,41.25143],[28.69123,41.25127],[28.69155,41.25098],[28.69171,41.25084],[28.69188,41.25065],[28.69206,41.25044],[28.69221,41.25024],[28.69229,41.25011],[28.69241,41.24993],[28.69262,41.24954],[28.69282,41.24917],[28.69304,41.24878],[28.69315,41.24858],[28.69339,41.24814],[28.69364,41.24769],[28.69382,41.24736],[28.694,41.24704],[28.69409,41.24688],[28.69416,41.24679],[28.69425,41.24668]]}},{"type":"Feature","properties":{"sinif":"trunk_link","ad":"Terminal 2 Kavşağı"},"geometry":{"type":"LineString","coordinates":[[28.75864,41.24526],[28.75746,41.24524],[28.75699,41.24523],[28.75674,41.24523],[28.75628,41.24523],[28.75586,41.24524],[28.75545,41.24525],[28.75487,41.24527],[28.75454,41.24528],[28.75401,41.2453],[28.75326,41.24534],[28.75265,41.24538],[28.75186,41.24542],[28.75108,41.24546],[28.75012,41.24551],[28.7494,41.24555],[28.74861,41.24559],[28.74759,41.24564],[28.74664,41.24569],[28.74581,41.24574],[28.7449,41.24579],[28.74383,41.24584],[28.74218,41.24593],[28.74053,41.24602],[28.73942,41.24607],[28.7386,41.24612],[28.73723,41.24619],[28.73686,41.24621],[28.73624,41.24624],[28.73563,41.24626],[28.73339,41.24633],[28.7326,41.24636]]}},{"type":"Feature","properties":{"sinif":"motorway_link","ad":"Terminal 1 Kavşağı"},"geometry":{"type":"LineString","coordinates":[[28.76821,41.24499],[28.76824,41.24488],[28.76825,41.24479],[28.76826,41.24468],[28.76827,41.24442],[28.76827,41.24427],[28.76826,41.24414],[28.76823,41.24402],[28.7682,41.24389],[28.76814,41.24375],[28.76809,41.24366],[28.76802,41.24356],[28.76794,41.24345],[28.76781,41.24331],[28.76768,41.24319],[28.76757,41.24311]]}},{"type":"Feature","properties":{"sinif":"primary","ad":null},"geometry":{"type":"LineString","coordinates":[[28.76698,41.2505],[28.76688,41.25053],[28.76663,41.2506],[28.76638,41.25065],[28.76618,41.25068],[28.76595,41.25069],[28.76572,41.25069],[28.76323,41.25066],[28.76191,41.25064],[28.76068,41.25063],[28.7604,41.25063],[28.76035,41.25063],[28.76027,41.25064],[28.76019,41.25066],[28.76015,41.25067],[28.76003,41.2507]]}},{"type":"Feature","properties":{"sinif":"trunk_link","ad":"Terminal 1 Kavşağı"},"geometry":{"type":"LineString","coordinates":[[28.76817,41.24761],[28.76814,41.24751],[28.76813,41.24744],[28.76812,41.24729],[28.76812,41.24699],[28.76811,41.2469],[28.76809,41.24679],[28.76805,41.24664],[28.768,41.24655],[28.76796,41.24645],[28.76789,41.24635],[28.76781,41.24626],[28.76771,41.24616],[28.7676,41.24607],[28.76745,41.24596],[28.76732,41.24588],[28.76722,41.24584],[28.76712,41.2458],[28.76701,41.24576],[28.7669,41.24572],[28.76677,41.2457],[28.76655,41.24566],[28.7663,41.24564],[28.7661,41.24562]]}},{"type":"Feature","properties":{"sinif":"motorway_link","ad":"Terminal 1 Kavşağı"},"geometry":{"type":"LineString","coordinates":[[28.77395,41.24184],[28.77358,41.24188],[28.77315,41.2419],[28.77281,41.24191],[28.77236,41.24192],[28.77197,41.24194],[28.77161,41.24196],[28.77124,41.24199],[28.77101,41.24202],[28.77083,41.24205],[28.77058,41.2421],[28.77035,41.24216],[28.77015,41.24222],[28.76997,41.2423],[28.76978,41.24238],[28.76959,41.24248],[28.76943,41.24258],[28.7693,41.24268],[28.76914,41.24281],[28.76903,41.24292],[28.76894,41.24302],[28.76883,41.24314],[28.76876,41.24324],[28.76868,41.24337],[28.76863,41.24348],[28.76856,41.24364],[28.76854,41.24373],[28.7685,41.24386],[28.76847,41.24399],[28.76846,41.24412],[28.76845,41.24429],[28.76843,41.24448]]}},{"type":"Feature","properties":{"sinif":"motorway_link","ad":"Terminal 1 Kavşağı"},"geometry":{"type":"LineString","coordinates":[[28.76292,41.2419],[28.76293,41.24182],[28.76296,41.24171],[28.76301,41.2416],[28.76306,41.2415],[28.76312,41.24141],[28.76319,41.24134],[28.76327,41.24126],[28.76335,41.24118],[28.76344,41.24112],[28.76352,41.24106],[28.76364,41.24099],[28.76375,41.24095],[28.76391,41.24089],[28.76407,41.24084],[28.76423,41.24081],[28.7644,41.24079],[28.76457,41.24078],[28.76477,41.24078],[28.76497,41.24079],[28.76519,41.24082],[28.76548,41.24085],[28.76575,41.24089],[28.76624,41.24097],[28.76671,41.24104],[28.76699,41.24108],[28.76722,41.24111],[28.76762,41.24116],[28.76795,41.24119],[28.76824,41.24121],[28.76848,41.24122],[28.76884,41.24124],[28.7692,41.24124],[28.76967,41.24124],[28.76998,41.24122],[28.77034,41.2412],[28.7706,41.24118],[28.77088,41.24116],[28.77116,41.24115],[28.77162,41.24113],[28.77223,41.24112]]}},{"type":"Feature","properties":{"sinif":"motorway","ad":"Kuzey Marmara Otoyolu"},"geometry":{"type":"LineString","coordinates":[[28.59179,41.2137],[28.59016,41.21294],[28.58966,41.21269],[28.58828,41.21201],[28.58751,41.21164],[28.58671,41.21123],[28.58608,41.21088],[28.58585,41.21075],[28.58552,41.21056],[28.58499,41.21021],[28.58437,41.20979],[28.58371,41.20931],[28.5831,41.20886],[28.58231,41.20827],[28.58188,41.20795],[28.58141,41.20759],[28.58105,41.20732],[28.58053,41.20689],[28.58002,41.2065],[28.5796,41.20615],[28.57919,41.2058],[28.57876,41.20543],[28.57826,41.20496],[28.57767,41.20439],[28.57725,41.20396],[28.57666,41.2033],[28.57609,41.20266],[28.5757,41.20221],[28.57529,41.20174],[28.57483,41.20116],[28.57447,41.20065],[28.57393,41.19994],[28.57361,41.19947],[28.57341,41.19922],[28.57322,41.19895],[28.57293,41.19851],[28.5726,41.19802],[28.57223,41.19742],[28.5719,41.1969],[28.57167,41.19652],[28.57131,41.19593],[28.57098,41.19534],[28.57073,41.19486],[28.57049,41.19439],[28.57021,41.19379],[28.56995,41.19322],[28.56955,41.19231],[28.56891,41.1908],[28.56857,41.19001],[28.56837,41.18951],[28.56786,41.1882],[28.56754,41.18741],[28.56721,41.1867],[28.56701,41.18631],[28.56673,41.1858],[28.56649,41.18539],[28.56603,41.18466],[28.56577,41.18427],[28.56549,41.18388],[28.56502,41.18321],[28.56473,41.18281],[28.56443,41.18243],[28.56391,41.18184],[28.56358,41.18146],[28.56318,41.18102],[28.56274,41.18056],[28.56229,41.18011],[28.56177,41.17962],[28.56108,41.179],[28.56069,41.17867],[28.56013,41.17819],[28.55907,41.17738],[28.55785,41.1765],[28.5576,41.17633],[28.5571,41.176],[28.55618,41.17543],[28.55547,41.17501],[28.55495,41.17471],[28.5543,41.17436],[28.55366,41.17403],[28.55312,41.17377],[28.55274,41.17359],[28.55235,41.17342],[28.55156,41.17308],[28.55043,41.17262],[28.5498,41.17236],[28.54922,41.17215],[28.54842,41.17189],[28.5478,41.17169],[28.54691,41.17144],[28.54596,41.17118],[28.54512,41.17095],[28.54464,41.17083],[28.54417,41.17072],[28.5433,41.17052],[28.54129,41.17005],[28.5403,41.16982],[28.53598,41.1689],[28.5355,41.1688],[28.53448,41.16858],[28.53406,41.16848],[28.5336,41.16833],[28.53326,41.16825],[28.53273,41.16813],[28.53217,41.16802],[28.53161,41.1679],[28.53107,41.16777],[28.53065,41.16765],[28.5301,41.16748],[28.52958,41.16731],[28.52909,41.16716],[28.52864,41.16704],[28.52834,41.16695],[28.52659,41.16649],[28.5257,41.16626]]}},{"type":"Feature","properties":{"sinif":"tertiary","ad":null},"geometry":{"type":"LineString","coordinates":[[28.6642,41.24703],[28.66415,41.2473],[28.66415,41.24744],[28.66423,41.24763],[28.6643,41.24773],[28.66442,41.24785],[28.66477,41.24808],[28.66491,41.2482],[28.66499,41.24834],[28.66509,41.24857],[28.66518,41.24897],[28.66522,41.24911],[28.6653,41.25001],[28.66515,41.25189],[28.66509,41.25263],[28.66508,41.25318],[28.66501,41.25331],[28.66486,41.25351],[28.66442,41.25394],[28.66419,41.25418],[28.66168,41.2568],[28.66117,41.25733],[28.66065,41.25792],[28.65995,41.25871],[28.65884,41.25991],[28.65853,41.26036],[28.65841,41.2608],[28.65847,41.26098],[28.65876,41.26145],[28.65901,41.2622],[28.65895,41.26264],[28.6588,41.2633],[28.65848,41.26378],[28.65749,41.26497],[28.65744,41.26499],[28.65739,41.26512],[28.65729,41.26522],[28.65709,41.26554],[28.65695,41.26566],[28.65683,41.26573],[28.65598,41.26668],[28.6542,41.26897],[28.65272,41.27102],[28.65259,41.272],[28.65267,41.27309],[28.65267,41.27314],[28.65267,41.27324],[28.6527,41.27354],[28.6528,41.27403],[28.65285,41.27417],[28.6529,41.27424],[28.65308,41.27438],[28.65308,41.27445],[28.65392,41.27519],[28.65406,41.2753]]}},{"type":"Feature","properties":{"sinif":"tertiary","ad":null},"geometry":{"type":"LineString","coordinates":[[28.66436,41.24605],[28.6642,41.24703]]}},{"type":"Feature","properties":{"sinif":"motorway","ad":"Kuzey Marmara Otoyolu"},"geometry":{"type":"LineString","coordinates":[[28.721,41.24346],[28.72012,41.24346],[28.71975,41.24346],[28.71921,41.24346],[28.7186,41.24347]]}},{"type":"Feature","properties":{"sinif":"motorway","ad":"Kuzey Marmara Otoyolu"},"geometry":{"type":"LineString","coordinates":[[28.80063,41.23723],[28.79851,41.23714],[28.7977,41.23711],[28.79689,41.23708],[28.79654,41.23708],[28.7962,41.23707],[28.79584,41.23707],[28.7955,41.23708],[28.79483,41.2371],[28.79425,41.23715],[28.79372,41.2372],[28.79326,41.23726],[28.79278,41.23733],[28.79226,41.23742],[28.79165,41.23756],[28.79106,41.2377],[28.79049,41.23786],[28.78988,41.23805],[28.78928,41.23825],[28.78731,41.23893],[28.78586,41.23941],[28.78453,41.23986],[28.78321,41.2403],[28.78267,41.24047],[28.7822,41.24061],[28.78177,41.24072],[28.7814,41.24082],[28.78102,41.24091],[28.7807,41.24098],[28.78033,41.24106],[28.77992,41.24113],[28.7796,41.24119],[28.77923,41.24124],[28.77881,41.24131],[28.77834,41.24136],[28.77772,41.24142],[28.77723,41.24145],[28.77684,41.24147],[28.77633,41.24149],[28.77525,41.24152],[28.77408,41.24155],[28.77264,41.24159],[28.77204,41.24161],[28.77146,41.24164],[28.77102,41.24167],[28.77058,41.2417],[28.77014,41.24174],[28.76959,41.24178],[28.76905,41.24184],[28.76803,41.24196],[28.76555,41.24227]]}},{"type":"Feature","properties":{"sinif":"tertiary","ad":null},"geometry":{"type":"LineString","coordinates":[[28.64315,41.27868],[28.64312,41.27874],[28.64311,41.27881],[28.64312,41.27888],[28.64315,41.27893],[28.6432,41.27898],[28.64326,41.27901],[28.64338,41.27904],[28.64349,41.27904],[28.6436,41.27903]]}},{"type":"Feature","properties":{"sinif":"tertiary","ad":null},"geometry":{"type":"LineString","coordinates":[[28.6436,41.27903],[28.64417,41.27877],[28.64447,41.27872],[28.64629,41.27854],[28.64838,41.27837],[28.6485,41.27836],[28.64868,41.27833]]}},{"type":"Feature","properties":{"sinif":"tertiary","ad":null},"geometry":{"type":"LineString","coordinates":[[28.6436,41.27903],[28.64349,41.27907],[28.64341,41.27909],[28.64334,41.27909],[28.64325,41.27908],[28.64318,41.27906],[28.64311,41.27902],[28.64306,41.27896],[28.643,41.27889],[28.64297,41.27884],[28.64289,41.27874],[28.64286,41.2787]]}},{"type":"Feature","properties":{"sinif":"trunk_link","ad":null},"geometry":{"type":"LineString","coordinates":[[28.63254,41.28052],[28.63252,41.28047],[28.63253,41.28041],[28.63254,41.28035],[28.63257,41.2803],[28.63263,41.28025]]}},{"type":"Feature","properties":{"sinif":"trunk_link","ad":null},"geometry":{"type":"LineString","coordinates":[[28.5888,41.24915],[28.5888,41.24929],[28.5888,41.24941],[28.58882,41.24951],[28.58885,41.2496],[28.58892,41.24975],[28.58904,41.24991],[28.58917,41.25003],[28.58932,41.25014],[28.58949,41.25024],[28.58965,41.25031],[28.58984,41.25036],[28.58998,41.25039],[28.59008,41.25039],[28.59016,41.25039],[28.59025,41.25037],[28.59034,41.25034],[28.59042,41.25031],[28.59049,41.25026],[28.59054,41.25021],[28.59057,41.25018],[28.5906,41.25013],[28.59061,41.25008],[28.59062,41.25003],[28.59063,41.24998],[28.59062,41.24992],[28.5906,41.24986],[28.59057,41.24981],[28.59052,41.24974],[28.59047,41.2497],[28.59042,41.24965],[28.59033,41.24957],[28.59024,41.2495],[28.59008,41.24939]]}},{"type":"Feature","properties":{"sinif":"trunk_link","ad":null},"geometry":{"type":"LineString","coordinates":[[28.5887,41.24914],[28.58872,41.24903],[28.58874,41.24894],[28.58879,41.24883],[28.58887,41.24867]]}},{"type":"Feature","properties":{"sinif":"trunk_link","ad":null},"geometry":{"type":"LineString","coordinates":[[28.58887,41.24867],[28.58894,41.24853],[28.58905,41.24829],[28.58922,41.2479],[28.58932,41.24769],[28.58943,41.24748],[28.5895,41.24732]]}},{"type":"Feature","properties":{"sinif":"primary_link","ad":null},"geometry":{"type":"LineString","coordinates":[[28.73408,41.19159],[28.73416,41.19166]]}},{"type":"Feature","properties":{"sinif":"tertiary","ad":null},"geometry":{"type":"LineString","coordinates":[[28.72657,41.19838],[28.72664,41.19844],[28.72687,41.19873],[28.72688,41.19876],[28.72693,41.19883],[28.72731,41.19943],[28.72746,41.19978],[28.72767,41.20026],[28.72767,41.20026],[28.72769,41.20032],[28.72791,41.20084],[28.72795,41.20091],[28.72796,41.20095],[28.728,41.20101],[28.72801,41.20102],[28.72806,41.20111],[28.72816,41.20126],[28.72823,41.20132],[28.72842,41.20148],[28.72865,41.20162],[28.72887,41.2017],[28.72896,41.2017],[28.72903,41.20171],[28.72915,41.20171],[28.72941,41.20166],[28.72983,41.2015],[28.7301,41.20139],[28.73017,41.20137],[28.73058,41.20123],[28.73072,41.20119],[28.7309,41.20116],[28.73122,41.2011],[28.73143,41.20106],[28.73149,41.20105],[28.7318,41.20104],[28.73212,41.20105],[28.73238,41.2011],[28.73242,41.20111],[28.73267,41.20119],[28.73279,41.20123],[28.73292,41.20128],[28.73305,41.20132],[28.73313,41.20136],[28.73319,41.20141],[28.73321,41.20145],[28.73323,41.20149]]}},{"type":"Feature","properties":{"sinif":"secondary","ad":null},"geometry":{"type":"LineString","coordinates":[[28.73323,41.20164],[28.73315,41.20172],[28.73279,41.20194],[28.73273,41.20197],[28.73263,41.20203],[28.73243,41.20215],[28.73233,41.20218],[28.73216,41.20225],[28.73211,41.20226],[28.73204,41.2023],[28.73192,41.20234],[28.73186,41.20238],[28.73182,41.20241],[28.73162,41.20261],[28.73097,41.20335],[28.73084,41.20347],[28.73076,41.20353],[28.73072,41.20355],[28.73064,41.20362],[28.73054,41.20369],[28.7305,41.20371],[28.73042,41.20378],[28.73037,41.20382],[28.73022,41.20391],[28.73016,41.20396],[28.73005,41.20403],[28.72996,41.20408],[28.72989,41.20411],[28.72977,41.20417],[28.72955,41.20427],[28.72952,41.20429],[28.72939,41.20434],[28.72933,41.20436],[28.72858,41.20461],[28.72852,41.20465],[28.72846,41.20469]]}},{"type":"Feature","properties":{"sinif":"secondary","ad":"Kıbrıs Caddesi"},"geometry":{"type":"LineString","coordinates":[[28.72846,41.20445],[28.72851,41.20452],[28.72856,41.20453],[28.72861,41.20452],[28.72868,41.2045],[28.72878,41.20446],[28.72928,41.20428],[28.72937,41.20425],[28.72952,41.20418],[28.72984,41.20403],[28.72986,41.20402],[28.73001,41.20393],[28.73017,41.20382],[28.7302,41.20379],[28.73046,41.20362],[28.73058,41.20353],[28.7307,41.20345],[28.73079,41.20338],[28.73083,41.20334],[28.7309,41.20328],[28.73108,41.20307],[28.7311,41.20303],[28.73131,41.2028],[28.73151,41.20258],[28.73155,41.20252],[28.73162,41.20245],[28.73172,41.20236],[28.73179,41.2023],[28.73185,41.20226],[28.73197,41.2022],[28.73205,41.20217],[28.73223,41.20212],[28.73236,41.20207],[28.73244,41.20204],[28.73254,41.20198],[28.73293,41.20171],[28.73303,41.20164],[28.73308,41.20161],[28.73314,41.20158]]}},{"type":"Feature","properties":{"sinif":"secondary","ad":null},"geometry":{"type":"LineString","coordinates":[[28.73331,41.20152],[28.73332,41.20154],[28.73333,41.20156],[28.73332,41.20158],[28.73331,41.20161],[28.73327,41.20163],[28.73323,41.20164],[28.73321,41.20163],[28.73318,41.20163],[28.73316,41.20161],[28.73314,41.2016],[28.73314,41.20158],[28.73313,41.20157],[28.73313,41.20155],[28.73314,41.20153],[28.73316,41.20152],[28.73318,41.2015],[28.7332,41.20149],[28.73323,41.20149],[28.73327,41.2015],[28.73329,41.20151],[28.73331,41.20152]]}},{"type":"Feature","properties":{"sinif":"trunk_link","ad":null},"geometry":{"type":"LineString","coordinates":[[28.6984,41.2491],[28.69845,41.24903],[28.69848,41.24894],[28.6985,41.24885],[28.6985,41.24876],[28.6985,41.24869],[28.69847,41.24858],[28.69843,41.2485],[28.69836,41.2484],[28.69829,41.24832],[28.69819,41.24825],[28.69809,41.24818],[28.69795,41.24812],[28.69781,41.24808],[28.69765,41.24805],[28.69752,41.24805],[28.69738,41.24806],[28.69725,41.24808],[28.69704,41.24812],[28.69683,41.24819],[28.6966,41.24828],[28.69634,41.2484],[28.69604,41.24854],[28.69567,41.24873],[28.69543,41.24883],[28.6953,41.24886]]}},{"type":"Feature","properties":{"sinif":"trunk_link","ad":null},"geometry":{"type":"LineString","coordinates":[[28.69824,41.24967],[28.6977,41.25016],[28.69738,41.25045],[28.6972,41.25062],[28.69661,41.25117],[28.69638,41.25138],[28.69616,41.25157],[28.69582,41.25186],[28.69549,41.25213],[28.69526,41.25231],[28.69495,41.25254],[28.69475,41.25269],[28.6944,41.25292],[28.69417,41.25307],[28.69381,41.2533],[28.69348,41.2535]]}},{"type":"Feature","properties":{"sinif":"trunk_link","ad":null},"geometry":{"type":"LineString","coordinates":[[28.69428,41.24898],[28.6942,41.24889],[28.69413,41.24879],[28.69406,41.24867],[28.694,41.24854],[28.69395,41.24843],[28.6939,41.24827],[28.69387,41.24814],[28.69385,41.24801],[28.69384,41.24787],[28.69385,41.24772],[28.69387,41.24756],[28.6939,41.24745],[28.69396,41.24728],[28.69403,41.24713],[28.69414,41.2469],[28.69425,41.24668]]}},{"type":"Feature","properties":{"sinif":"secondary","ad":null},"geometry":{"type":"LineString","coordinates":[[28.69348,41.2535],[28.69238,41.25422],[28.69162,41.2547],[28.69134,41.2549],[28.69093,41.25521],[28.69057,41.2555],[28.68994,41.25608],[28.68963,41.25643],[28.68946,41.25662],[28.68919,41.25698],[28.68899,41.25725]]}},{"type":"Feature","properties":{"sinif":"trunk_link","ad":null},"geometry":{"type":"LineString","coordinates":[[28.69499,41.25214],[28.69513,41.25193],[28.69532,41.25168],[28.6954,41.25156],[28.69547,41.25144],[28.69555,41.25129],[28.69557,41.25123],[28.69563,41.25107],[28.69567,41.25095],[28.69571,41.25084],[28.69573,41.25075],[28.69573,41.25066],[28.69573,41.25059],[28.69572,41.25049],[28.69569,41.25039],[28.69563,41.25029],[28.69557,41.25019],[28.6955,41.25011],[28.69542,41.25005],[28.69528,41.24995],[28.69513,41.24988],[28.69499,41.24984],[28.69481,41.2498],[28.69468,41.24978],[28.69457,41.24978],[28.69448,41.24979],[28.69436,41.2498],[28.69425,41.24982],[28.69414,41.24985],[28.69398,41.24991],[28.69384,41.24998]]}},{"type":"Feature","properties":{"sinif":"trunk_link","ad":null},"geometry":{"type":"LineString","coordinates":[[28.69384,41.24998],[28.69328,41.25027],[28.69292,41.25046],[28.69284,41.2505],[28.69263,41.25062],[28.69247,41.25073],[28.6923,41.25086],[28.69205,41.25105],[28.69176,41.25123],[28.69146,41.25142]]}},{"type":"Feature","properties":{"sinif":"motorway","ad":"Kuzey Marmara Otoyolu"},"geometry":{"type":"LineString","coordinates":[[28.72205,41.24347],[28.721,41.24346]]}},{"type":"Feature","properties":{"sinif":"motorway","ad":"Kuzey Marmara Otoyolu"},"geometry":{"type":"LineString","coordinates":[[28.72111,41.24326],[28.72216,41.24327]]}},{"type":"Feature","properties":{"sinif":"motorway","ad":"Kuzey Marmara Otoyolu"},"geometry":{"type":"LineString","coordinates":[[28.72643,41.24331],[28.72712,41.24331],[28.7296,41.24332],[28.73137,41.24331],[28.7323,41.2433],[28.73313,41.24327],[28.73424,41.24323],[28.73547,41.24319],[28.7366,41.24312],[28.73761,41.24305],[28.73833,41.243],[28.73904,41.24294],[28.7397,41.24289],[28.74044,41.24284],[28.74137,41.24277],[28.74224,41.24269],[28.74336,41.24261],[28.74437,41.24253],[28.74537,41.24246],[28.74632,41.24238],[28.74709,41.24234],[28.7477,41.24231],[28.74864,41.24226],[28.7492,41.24225],[28.74976,41.24224],[28.75049,41.24221],[28.75098,41.2422],[28.75144,41.24219]]}},{"type":"Feature","properties":{"sinif":"trunk_link","ad":"Terminal 2 Kavşağı"},"geometry":{"type":"LineString","coordinates":[[28.74755,41.24338],[28.74744,41.24345],[28.74729,41.24357],[28.74715,41.2437],[28.74708,41.24378],[28.74702,41.24385],[28.74691,41.244],[28.74681,41.24419],[28.74677,41.24429],[28.74672,41.2444],[28.7467,41.24451],[28.74668,41.24462],[28.74667,41.24477],[28.74666,41.24489]]}},{"type":"Feature","properties":{"sinif":"motorway_link","ad":"Terminal 2 Kavşağı"},"geometry":{"type":"LineString","coordinates":[[28.73897,41.24823],[28.73897,41.24807],[28.73899,41.24769],[28.73899,41.24739],[28.739,41.24723]]}},{"type":"Feature","properties":{"sinif":"motorway_link","ad":"Terminal 2 Kavşağı"},"geometry":{"type":"LineString","coordinates":[[28.7371,41.24419],[28.73692,41.24412],[28.73672,41.24406],[28.73659,41.24403],[28.73645,41.244],[28.73585,41.24392],[28.73538,41.24387],[28.73504,41.24384],[28.7348,41.24383],[28.73423,41.24381],[28.73381,41.24379],[28.7332,41.24377],[28.73217,41.24373],[28.73166,41.2437],[28.7311,41.24367],[28.73073,41.24365],[28.73027,41.24361]]}},{"type":"Feature","properties":{"sinif":"motorway_link","ad":"Terminal 2 Kavşağı"},"geometry":{"type":"LineString","coordinates":[[28.75148,41.24191],[28.75178,41.24191],[28.75209,41.2419],[28.75298,41.24191],[28.7539,41.24193],[28.75452,41.24195],[28.75552,41.24199],[28.75661,41.24204],[28.75714,41.24206],[28.75764,41.24208]]}},{"type":"Feature","properties":{"sinif":"motorway_link","ad":"Terminal 1 Kavşağı"},"geometry":{"type":"LineString","coordinates":[[28.77223,41.24112],[28.77262,41.2411],[28.77382,41.24107],[28.77502,41.24104],[28.77529,41.24103],[28.77617,41.24102],[28.77666,41.24099],[28.77719,41.24097],[28.77754,41.24094],[28.7779,41.24091],[28.77828,41.24088],[28.77866,41.24083],[28.77898,41.24079],[28.77932,41.24075],[28.77974,41.24068],[28.78014,41.2406],[28.78052,41.24052],[28.78081,41.24046],[28.78116,41.24037],[28.78149,41.24029],[28.78183,41.2402],[28.78225,41.24008],[28.78261,41.23996],[28.78322,41.23977],[28.78384,41.23957],[28.78562,41.23897],[28.78651,41.23867]]}},{"type":"Feature","properties":{"sinif":"motorway","ad":"Kuzey Marmara Otoyolu"},"geometry":{"type":"LineString","coordinates":[[28.7655,41.24208],[28.76624,41.24198],[28.76699,41.24189],[28.76794,41.24176],[28.76837,41.24171],[28.7688,41.24167],[28.76956,41.24158],[28.77004,41.24154],[28.7705,41.2415],[28.77119,41.24146],[28.77185,41.24142],[28.77239,41.2414],[28.77295,41.24139],[28.77403,41.24136],[28.77604,41.2413],[28.7767,41.24128],[28.77737,41.24124],[28.77773,41.24121],[28.77823,41.24117],[28.77858,41.24113],[28.77886,41.2411],[28.77933,41.24103],[28.7798,41.24095],[28.78019,41.24088],[28.78051,41.24081],[28.78082,41.24075],[28.78122,41.24066],[28.78163,41.24055],[28.78224,41.24038],[28.78302,41.24014],[28.78384,41.23987],[28.78469,41.23959],[28.78517,41.23943],[28.78565,41.23927],[28.78676,41.23888],[28.7877,41.23858],[28.78859,41.23827],[28.78969,41.2379],[28.79036,41.23769],[28.79072,41.23759],[28.79115,41.23747],[28.7916,41.23736],[28.79213,41.23725],[28.79264,41.23715],[28.79321,41.23706],[28.79386,41.23698],[28.79427,41.23694],[28.79497,41.2369],[28.7953,41.23689],[28.79564,41.23688],[28.79632,41.23688],[28.7971,41.23689],[28.80111,41.23705]]}},{"type":"Feature","properties":{"sinif":"motorway","ad":"Kuzey Marmara Otoyolu"},"geometry":{"type":"LineString","coordinates":[[28.75144,41.24219],[28.75222,41.24218],[28.753,41.24219],[28.75361,41.24221],[28.75416,41.24222],[28.75519,41.24226],[28.75762,41.24236]]}},{"type":"Feature","properties":{"sinif":"motorway","ad":"Kuzey Marmara Otoyolu"},"geometry":{"type":"LineString","coordinates":[[28.75144,41.24239],[28.75132,41.24239],[28.7505,41.24241],[28.74998,41.24242],[28.74908,41.24245],[28.74854,41.24247],[28.74803,41.24249],[28.74748,41.24251],[28.74703,41.24254],[28.74651,41.24258],[28.74607,41.24261],[28.74539,41.24266],[28.7446,41.24272],[28.7436,41.24279],[28.7427,41.24286],[28.74196,41.24292],[28.74133,41.24297],[28.74041,41.24304],[28.73923,41.24312],[28.73802,41.24322],[28.73722,41.24328],[28.7364,41.24333],[28.73564,41.24337],[28.73485,41.24341],[28.73403,41.24343],[28.73319,41.24347],[28.73248,41.24348],[28.73162,41.24349],[28.73096,41.24351],[28.73027,41.2435],[28.72909,41.2435],[28.72846,41.24351],[28.72786,41.24351],[28.72622,41.2435]]}},{"type":"Feature","properties":{"sinif":"motorway","ad":"Kuzey Marmara Otoyolu"},"geometry":{"type":"LineString","coordinates":[[28.75761,41.24255],[28.75627,41.24251],[28.75492,41.24245],[28.75409,41.24242],[28.75341,41.24241],[28.75279,41.24239],[28.75219,41.24239],[28.75182,41.24239],[28.75144,41.24239]]}},{"type":"Feature","properties":{"sinif":"motorway_link","ad":"Terminal 2 Kavşağı"},"geometry":{"type":"LineString","coordinates":[[28.75237,41.24265],[28.75195,41.24264],[28.75155,41.24264],[28.75112,41.24266],[28.75054,41.24267],[28.74978,41.24268],[28.74906,41.2427],[28.74845,41.24272],[28.74791,41.24275],[28.74735,41.24278],[28.74669,41.24282],[28.74583,41.24288],[28.74534,41.24292],[28.74373,41.24304],[28.74271,41.24312],[28.74167,41.24321],[28.7409,41.24326],[28.74004,41.24332],[28.73896,41.2434],[28.73803,41.24347],[28.73733,41.24352],[28.73677,41.24356],[28.73633,41.24359],[28.73587,41.24361],[28.73528,41.24364],[28.73484,41.24365],[28.73448,41.24366],[28.73411,41.24366],[28.73349,41.24367],[28.73306,41.24367],[28.7327,41.24367],[28.73241,41.24367],[28.7321,41.24366],[28.73168,41.24365],[28.73116,41.24363],[28.73063,41.24361],[28.73027,41.24361]]}},{"type":"Feature","properties":{"sinif":"secondary","ad":"Eski Edirne Asfaltı Caddesi"},"geometry":{"type":"LineString","coordinates":[[28.60299,41.22158],[28.60349,41.21996]]}},{"type":"Feature","properties":{"sinif":"trunk_link","ad":null},"geometry":{"type":"LineString","coordinates":[[28.69479,41.24554],[28.69483,41.24537],[28.69487,41.2452],[28.6949,41.24503],[28.69492,41.24487],[28.69493,41.24472],[28.69492,41.24452],[28.69492,41.24439],[28.6949,41.24426],[28.69487,41.24394]]}},{"type":"Feature","properties":{"sinif":"trunk_link","ad":null},"geometry":{"type":"LineString","coordinates":[[28.69503,41.24391],[28.6951,41.24402],[28.69515,41.24418],[28.69525,41.24445],[28.69532,41.24461],[28.69539,41.24475],[28.69549,41.24489],[28.6956,41.24503],[28.69572,41.24516],[28.69595,41.24537]]}},{"type":"Feature","properties":{"sinif":"primary","ad":"Fatih Caddesi"},"geometry":{"type":"LineString","coordinates":[[28.69487,41.24394],[28.69417,41.2418],[28.69399,41.24119],[28.69393,41.24099],[28.6939,41.24075],[28.6939,41.24054],[28.69392,41.24028],[28.69398,41.24003],[28.69405,41.23981],[28.69416,41.23954],[28.69429,41.23934],[28.69438,41.23921],[28.69453,41.23903],[28.6948,41.23877],[28.69597,41.23781],[28.69639,41.23746],[28.69704,41.23694],[28.69746,41.23658],[28.69768,41.23637],[28.69788,41.23618],[28.69804,41.236],[28.69817,41.23581],[28.69842,41.23543],[28.69861,41.23509],[28.69877,41.23475],[28.69884,41.23457]]}},{"type":"Feature","properties":{"sinif":"secondary","ad":null},"geometry":{"type":"LineString","coordinates":[[28.69503,41.24391],[28.69507,41.2441],[28.69515,41.24437],[28.69523,41.24464],[28.69538,41.24513],[28.6955,41.2455]]}},{"type":"Feature","properties":{"sinif":"secondary","ad":null},"geometry":{"type":"LineString","coordinates":[[28.6955,41.2455],[28.69558,41.24578],[28.69602,41.2472],[28.69614,41.24759],[28.69619,41.24771],[28.69623,41.24778]]}},{"type":"Feature","properties":{"sinif":"secondary","ad":null},"geometry":{"type":"LineString","coordinates":[[28.69612,41.24796],[28.6961,41.24783],[28.69602,41.24755],[28.69579,41.24681],[28.69539,41.24552]]}},{"type":"Feature","properties":{"sinif":"primary","ad":"Tayakadın Bağlantı Yolu"},"geometry":{"type":"LineString","coordinates":[[28.69965,41.26329],[28.69958,41.26329],[28.6994,41.26327],[28.69916,41.26325],[28.69909,41.26325],[28.69892,41.26324],[28.69831,41.26324],[28.69771,41.26324],[28.69734,41.26323],[28.69697,41.26323],[28.69654,41.2632],[28.69616,41.26316],[28.69567,41.26311],[28.6952,41.26304],[28.69464,41.26293],[28.69421,41.26283],[28.69376,41.26272],[28.69343,41.26262],[28.6931,41.26251],[28.69296,41.26246]]}},{"type":"Feature","properties":{"sinif":"primary","ad":"Tayakadın Bağlantı Yolu"},"geometry":{"type":"LineString","coordinates":[[28.68508,41.25938],[28.68686,41.26011],[28.68725,41.26027],[28.68777,41.26045],[28.68802,41.26054],[28.68877,41.26081],[28.68929,41.26099],[28.68933,41.26101],[28.68933,41.26101],[28.69031,41.26136],[28.69063,41.26148],[28.69074,41.26152],[28.6913,41.26173],[28.69165,41.26185]]}},{"type":"Feature","properties":{"sinif":"motorway_link","ad":"Terminal 1 Kavşağı"},"geometry":{"type":"LineString","coordinates":[[28.76366,41.24307],[28.76348,41.24299],[28.76334,41.24292],[28.76321,41.24282],[28.7631,41.2427],[28.76302,41.24258],[28.76296,41.24245],[28.76292,41.2423],[28.76291,41.24214],[28.7629,41.24198],[28.76292,41.2419]]}},{"type":"Feature","properties":{"sinif":"motorway_link","ad":"Terminal 1 Kavşağı"},"geometry":{"type":"LineString","coordinates":[[28.76821,41.24499],[28.7682,41.24489],[28.7682,41.24478],[28.76819,41.24467],[28.76819,41.24458],[28.76818,41.24446],[28.76815,41.24436],[28.76811,41.24427],[28.76807,41.24419],[28.76802,41.2441],[28.76795,41.244],[28.76787,41.2439],[28.76781,41.24384],[28.76774,41.24377],[28.76767,41.24372],[28.76761,41.24367],[28.7675,41.2436],[28.7674,41.24355],[28.76729,41.24349],[28.76714,41.24343],[28.76694,41.24338],[28.76678,41.24334],[28.76661,41.24332],[28.76642,41.24331],[28.76622,41.24331],[28.76575,41.2433],[28.76543,41.2433]]}},{"type":"Feature","properties":{"sinif":"motorway_link","ad":"Terminal 1 Kavşağı"},"geometry":{"type":"LineString","coordinates":[[28.76821,41.24235],[28.76824,41.24251],[28.76828,41.24268],[28.76831,41.24285],[28.76833,41.243],[28.76835,41.24315],[28.76838,41.24337],[28.7684,41.24367],[28.76841,41.24396],[28.76841,41.24413],[28.76841,41.2443],[28.76841,41.24441],[28.76843,41.24448]]}},{"type":"Feature","properties":{"sinif":"motorway_link","ad":"Terminal 1 Kavşağı"},"geometry":{"type":"LineString","coordinates":[[28.7673,41.24101],[28.76745,41.24112],[28.76756,41.24123],[28.76767,41.24133],[28.76776,41.24143],[28.76784,41.24154],[28.76791,41.24163],[28.76797,41.24172],[28.76804,41.24185],[28.76809,41.24198],[28.76815,41.24212],[28.76818,41.24224],[28.76821,41.24235]]}},{"type":"Feature","properties":{"sinif":"trunk_link","ad":"Terminal 1 Kavşağı"},"geometry":{"type":"LineString","coordinates":[[28.76985,41.24466],[28.7699,41.24476],[28.76993,41.24485],[28.76995,41.24494],[28.76997,41.24503],[28.76997,41.24514],[28.76997,41.24526],[28.76994,41.2454],[28.76991,41.24552]]}},{"type":"Feature","properties":{"sinif":"trunk_link","ad":"Terminal 1 Kavşağı"},"geometry":{"type":"LineString","coordinates":[[28.76888,41.24366],[28.769,41.24372],[28.76915,41.24381],[28.7693,41.24392],[28.7694,41.24402],[28.76947,41.24408],[28.76954,41.24415],[28.76961,41.24424],[28.76967,41.24433],[28.76974,41.24444],[28.7698,41.24454],[28.76985,41.24466]]}},{"type":"Feature","properties":{"sinif":"trunk_link","ad":"Terminal 1 Kavşağı"},"geometry":{"type":"LineString","coordinates":[[28.76877,41.24464],[28.769,41.24467],[28.7692,41.2447],[28.7694,41.24472],[28.76968,41.24473],[28.76993,41.24474],[28.77021,41.24473],[28.77045,41.24472],[28.77071,41.24471],[28.77095,41.2447],[28.77125,41.24469],[28.77177,41.24469]]}},{"type":"Feature","properties":{"sinif":"trunk_link","ad":"Terminal 1 Kavşağı"},"geometry":{"type":"LineString","coordinates":[[28.76466,41.24437],[28.76475,41.24431],[28.76485,41.24424],[28.76496,41.24418],[28.7651,41.24412],[28.76522,41.24408],[28.76534,41.24406],[28.76545,41.24404],[28.76561,41.24402],[28.76572,41.24402],[28.76584,41.24403],[28.76603,41.24405],[28.76655,41.24417],[28.76707,41.24428],[28.76783,41.24444],[28.76821,41.24453],[28.76858,41.2446],[28.76877,41.24464]]}},{"type":"Feature","properties":{"sinif":"motorway_link","ad":"Terminal 2 Kavşağı"},"geometry":{"type":"LineString","coordinates":[[28.7415,41.24209],[28.74165,41.24205],[28.74185,41.24201],[28.74202,41.24198],[28.74218,41.24196],[28.74235,41.24194],[28.74258,41.24193],[28.74303,41.24191],[28.74351,41.2419],[28.74475,41.24189],[28.74554,41.24187],[28.74611,41.24187],[28.74684,41.24187],[28.74728,41.24187],[28.74769,41.24188],[28.74815,41.24189],[28.74839,41.2419],[28.74857,41.24191]]}},{"type":"Feature","properties":{"sinif":"motorway_link","ad":"Terminal 2 Kavşağı"},"geometry":{"type":"LineString","coordinates":[[28.74156,41.24231],[28.74192,41.24243],[28.74229,41.24257],[28.74253,41.2427],[28.74272,41.24284],[28.74312,41.24315],[28.74333,41.24332]]}},{"type":"Feature","properties":{"sinif":"motorway_link","ad":"Terminal 2 Kavşağı"},"geometry":{"type":"LineString","coordinates":[[28.74333,41.24332],[28.74348,41.24348],[28.74364,41.24364],[28.74384,41.24385],[28.74404,41.24405],[28.74435,41.24436],[28.74461,41.24462],[28.74488,41.24487]]}},{"type":"Feature","properties":{"sinif":"trunk_link","ad":"Terminal 1 Kavşağı"},"geometry":{"type":"LineString","coordinates":[[28.7661,41.24562],[28.76559,41.24555],[28.76536,41.24553],[28.76511,41.2455],[28.76489,41.24547],[28.76461,41.24545],[28.76435,41.24544],[28.76414,41.24543],[28.76397,41.24541],[28.76384,41.24537]]}},{"type":"Feature","properties":{"sinif":"motorway_link","ad":"Terminal 2 Kavşağı"},"geometry":{"type":"LineString","coordinates":[[28.72643,41.24331],[28.7269,41.24326],[28.72782,41.24322],[28.7283,41.24322],[28.7287,41.24321],[28.72917,41.24321],[28.72978,41.24321]]}},{"type":"Feature","properties":{"sinif":"motorway_link","ad":"Tayakadın Kavşağı"},"geometry":{"type":"LineString","coordinates":[[28.67808,41.2456],[28.67823,41.24551],[28.67838,41.24542]]}},{"type":"Feature","properties":{"sinif":"motorway_link","ad":"Tayakadın Kavşağı"},"geometry":{"type":"LineString","coordinates":[[28.67748,41.24611],[28.6776,41.24599],[28.67771,41.24588],[28.67783,41.24578],[28.67796,41.24568],[28.67808,41.2456]]}},{"type":"Feature","properties":{"sinif":"motorway_link","ad":"Tayakadın Kavşağı"},"geometry":{"type":"LineString","coordinates":[[28.67702,41.24685],[28.67709,41.24671],[28.67714,41.24661],[28.67721,41.24647],[28.67727,41.24639],[28.67738,41.24624],[28.67748,41.24611]]}},{"type":"Feature","properties":{"sinif":"motorway_link","ad":"Tayakadın Kavşağı"},"geometry":{"type":"LineString","coordinates":[[28.67705,41.25145],[28.67704,41.25099],[28.67703,41.25081],[28.67702,41.25049],[28.67699,41.25003],[28.67697,41.2496],[28.67695,41.24901],[28.67691,41.2482],[28.67689,41.24779],[28.67689,41.24755],[28.6769,41.2474],[28.67692,41.24725],[28.67695,41.24709],[28.67699,41.24694],[28.67702,41.24685]]}},{"type":"Feature","properties":{"sinif":"motorway_link","ad":"Tayakadın Kavşağı"},"geometry":{"type":"LineString","coordinates":[[28.67838,41.24542],[28.67854,41.24534],[28.6787,41.24527],[28.67886,41.24521],[28.67903,41.24516],[28.67921,41.24511],[28.67939,41.24507],[28.67958,41.24504],[28.67974,41.24502],[28.67992,41.245],[28.68016,41.24499],[28.68036,41.24498],[28.6806,41.245],[28.68082,41.24502],[28.68101,41.24504],[28.68162,41.24513],[28.68216,41.24521],[28.68266,41.24527],[28.68313,41.2453],[28.68375,41.24535],[28.68438,41.24537],[28.68512,41.24538],[28.68545,41.24539],[28.68585,41.24536],[28.68633,41.24534],[28.68669,41.24531],[28.68748,41.24523],[28.68783,41.24522],[28.68814,41.24523],[28.68843,41.24525]]}},{"type":"Feature","properties":{"sinif":"motorway_link","ad":"Tayakadın Kavşağı"},"geometry":{"type":"LineString","coordinates":[[28.67705,41.25145],[28.67699,41.25121],[28.67696,41.251],[28.67694,41.25078],[28.67693,41.25053],[28.67691,41.25023],[28.6769,41.25006],[28.67688,41.24982],[28.67685,41.24957],[28.67682,41.2494],[28.67679,41.24924],[28.67673,41.24907],[28.67666,41.24888],[28.67658,41.24872],[28.67648,41.24855],[28.6764,41.24844],[28.67627,41.24827],[28.67611,41.2481],[28.67592,41.24792],[28.67575,41.24779],[28.67557,41.24766],[28.67537,41.24755],[28.67513,41.24742],[28.6748,41.24728],[28.67442,41.24718],[28.67413,41.24712],[28.67389,41.24709],[28.6736,41.24706],[28.67335,41.24705],[28.6731,41.24705],[28.67268,41.24706],[28.67199,41.24708],[28.67164,41.24709],[28.67123,41.24707],[28.67071,41.24702]]}},{"type":"Feature","properties":{"sinif":"primary","ad":"Tayakadın Bağlantı Yolu"},"geometry":{"type":"LineString","coordinates":[[28.68303,41.2586],[28.68268,41.25839],[28.68237,41.2582],[28.68208,41.25801],[28.68184,41.25785],[28.6814,41.25751]]}},{"type":"Feature","properties":{"sinif":"motorway_link","ad":"Tayakadın Kavşağı"},"geometry":{"type":"LineString","coordinates":[[28.67902,41.24653],[28.67902,41.24659],[28.67902,41.24669],[28.67901,41.24681],[28.679,41.2469],[28.67897,41.24699],[28.67892,41.2471],[28.67886,41.24722],[28.67878,41.24733],[28.67867,41.24747],[28.67852,41.24762],[28.67835,41.24778],[28.67818,41.24793],[28.67801,41.24808],[28.67786,41.24823],[28.67772,41.24839],[28.67759,41.24855],[28.67755,41.24862],[28.67754,41.24868]]}},{"type":"Feature","properties":{"sinif":"motorway_link","ad":"Tayakadın Kavşağı"},"geometry":{"type":"LineString","coordinates":[[28.67881,41.246],[28.67888,41.24611],[28.67894,41.24623],[28.67899,41.24638],[28.67901,41.24645],[28.67902,41.24653]]}},{"type":"Feature","properties":{"sinif":"motorway_link","ad":"Tayakadın Kavşağı"},"geometry":{"type":"LineString","coordinates":[[28.6696,41.24685],[28.67002,41.24679],[28.6703,41.24676],[28.67067,41.24674],[28.67098,41.24672],[28.67159,41.2467],[28.672,41.24669],[28.67232,41.24667],[28.67256,41.24665],[28.67282,41.24662],[28.67312,41.24657],[28.67338,41.24652],[28.67359,41.24648],[28.67384,41.24642],[28.67415,41.24634],[28.6745,41.24623],[28.67479,41.24612],[28.67509,41.24599],[28.67552,41.24581],[28.67587,41.24566],[28.67613,41.24555],[28.67628,41.24549],[28.67644,41.24543],[28.67664,41.24538],[28.6769,41.24534],[28.67717,41.24532],[28.67741,41.24533],[28.67767,41.24536],[28.67786,41.2454],[28.67804,41.24547],[28.67825,41.24556],[28.6784,41.24563],[28.67852,41.2457],[28.6786,41.24577],[28.67871,41.24588],[28.67881,41.246]]}},{"type":"Feature","properties":{"sinif":"primary","ad":"Tayakadın Bağlantı Yolu"},"geometry":{"type":"LineString","coordinates":[[28.68152,41.25745],[28.68195,41.25778],[28.68239,41.25808],[28.68279,41.25833],[28.68306,41.25847],[28.68315,41.25852]]}},{"type":"Feature","properties":{"sinif":"primary_link","ad":null},"geometry":{"type":"LineString","coordinates":[[28.69966,41.2633],[28.69965,41.26329],[28.69959,41.26325],[28.69955,41.26319],[28.69953,41.26313],[28.69952,41.26306],[28.69954,41.26299],[28.69959,41.26292],[28.69962,41.26289],[28.69964,41.26288]]}},{"type":"Feature","properties":{"sinif":"secondary_link","ad":null},"geometry":{"type":"LineString","coordinates":[[28.78048,41.22153],[28.78058,41.22143],[28.78066,41.22139],[28.78072,41.22137],[28.78077,41.22137],[28.78084,41.22138],[28.78089,41.22141],[28.78092,41.22145],[28.78098,41.22154]]}},{"type":"Feature","properties":{"sinif":"primary_link","ad":null},"geometry":{"type":"LineString","coordinates":[[28.7195,41.19181],[28.71958,41.1918],[28.71968,41.19181],[28.7198,41.19182],[28.71986,41.19181]]}},{"type":"Feature","properties":{"sinif":"primary_link","ad":null},"geometry":{"type":"LineString","coordinates":[[28.71969,41.19215],[28.7197,41.19206],[28.71973,41.19197],[28.71976,41.1919],[28.71986,41.19181]]}},{"type":"Feature","properties":{"sinif":"primary_link","ad":null},"geometry":{"type":"LineString","coordinates":[[28.72061,41.19156],[28.72076,41.19159],[28.72093,41.1917],[28.72101,41.19179]]}},{"type":"Feature","properties":{"sinif":"primary","ad":"İstanbul Caddesi"},"geometry":{"type":"LineString","coordinates":[[28.71986,41.19181],[28.72061,41.19156]]}},{"type":"Feature","properties":{"sinif":"primary","ad":"Selçuklu Caddesi"},"geometry":{"type":"LineString","coordinates":[[28.72061,41.18434],[28.72049,41.18437],[28.72001,41.18444],[28.71819,41.18471],[28.7164,41.18498],[28.71544,41.18513],[28.71481,41.18523],[28.71291,41.18551],[28.71281,41.18557],[28.71271,41.18572]]}},{"type":"Feature","properties":{"sinif":"secondary","ad":null},"geometry":{"type":"LineString","coordinates":[[28.58914,41.21298],[28.58925,41.21303],[28.59071,41.21363],[28.59094,41.21377],[28.59113,41.21399],[28.59153,41.21462],[28.59195,41.21534],[28.5921,41.21575],[28.59225,41.21622],[28.5923,41.21638],[28.59263,41.21742],[28.59296,41.21837],[28.59345,41.21994],[28.59404,41.22171],[28.5941,41.22191],[28.59442,41.22295],[28.595,41.22472],[28.59507,41.22505],[28.59508,41.22536],[28.59498,41.22602],[28.59489,41.22657],[28.5949,41.22745],[28.59492,41.22795],[28.59501,41.22816],[28.59512,41.22829]]}},{"type":"Feature","properties":{"sinif":"tertiary","ad":"Deliklikaya Altınşehir Yolu"},"geometry":{"type":"LineString","coordinates":[[28.67377,41.11184],[28.67409,41.11185],[28.67433,41.11186],[28.67462,41.11181],[28.675,41.11169],[28.67589,41.11137],[28.67669,41.11096],[28.67729,41.1106],[28.67762,41.11048],[28.67767,41.11046],[28.67794,41.11038],[28.67824,41.11029],[28.67843,41.11024],[28.67892,41.1101]]}},{"type":"Feature","properties":{"sinif":"secondary","ad":null},"geometry":{"type":"LineString","coordinates":[[28.68672,41.2629],[28.68646,41.2636],[28.68623,41.26426],[28.68612,41.26453]]}},{"type":"Feature","properties":{"sinif":"trunk_link","ad":"Tayakadın 1 Kavşağı"},"geometry":{"type":"LineString","coordinates":[[28.68799,41.25446],[28.68784,41.25467],[28.68768,41.25482],[28.68735,41.25511],[28.68699,41.25546],[28.68651,41.25593],[28.68616,41.25627],[28.68598,41.25643],[28.6858,41.25658],[28.68544,41.25687],[28.68515,41.25707],[28.68486,41.25725],[28.68448,41.25747],[28.68402,41.25774],[28.68387,41.25783],[28.68356,41.25801]]}},{"type":"Feature","properties":{"sinif":"secondary","ad":null},"geometry":{"type":"LineString","coordinates":[[28.68733,41.26062],[28.68751,41.26009]]}},{"type":"Feature","properties":{"sinif":"secondary","ad":null},"geometry":{"type":"LineString","coordinates":[[28.68672,41.2629],[28.68666,41.26277],[28.68665,41.26265],[28.68673,41.26238],[28.68694,41.26178],[28.68724,41.26088],[28.68733,41.26062]]}},{"type":"Feature","properties":{"sinif":"trunk_link","ad":"Tayakadın 1 Kavşağı"},"geometry":{"type":"LineString","coordinates":[[28.68315,41.25852],[28.68334,41.25856],[28.68349,41.25862],[28.68379,41.25877],[28.68409,41.25891],[28.68426,41.25898],[28.68439,41.25902],[28.68459,41.25907],[28.68477,41.25909],[28.685,41.25907],[28.68524,41.25901],[28.68546,41.25889],[28.68558,41.25878],[28.68565,41.25869],[28.68573,41.25855],[28.68576,41.2584],[28.68576,41.25828],[28.68572,41.25813],[28.68566,41.258],[28.68557,41.25789],[28.68542,41.25777],[28.68526,41.25767],[28.68506,41.25761],[28.68492,41.25759],[28.68481,41.25758],[28.68467,41.25758],[28.68449,41.25761],[28.68436,41.25764],[28.68428,41.25767],[28.68406,41.25777],[28.68378,41.25792],[28.68356,41.25801]]}},{"type":"Feature","properties":{"sinif":"trunk_link","ad":"Tayakadın 1 Kavşağı"},"geometry":{"type":"LineString","coordinates":[[28.68256,41.25861],[28.68241,41.25872],[28.68212,41.2589],[28.68199,41.25899],[28.68188,41.25908],[28.68179,41.25918],[28.68173,41.25926],[28.68169,41.25933],[28.68166,41.25939],[28.68164,41.25947],[28.68162,41.25956],[28.68162,41.25964],[28.68162,41.25972],[28.68164,41.25981],[28.68168,41.2599],[28.68174,41.26],[28.68183,41.26012],[28.68193,41.26021],[28.68207,41.26032],[28.6822,41.26041],[28.68235,41.26049],[28.6825,41.26056],[28.68266,41.26061],[28.68284,41.26066],[28.68303,41.26069],[28.6832,41.26071],[28.68336,41.26071],[28.68354,41.2607],[28.68371,41.26068],[28.6839,41.26064],[28.68402,41.2606],[28.68416,41.26054],[28.68428,41.26049],[28.6844,41.26042],[28.68457,41.26029],[28.68469,41.26019],[28.68475,41.26012],[28.68481,41.26003],[28.68484,41.25994],[28.68485,41.25986],[28.68483,41.25974],[28.68478,41.25964],[28.68469,41.25954],[28.6846,41.25946],[28.68452,41.2594],[28.68439,41.25933],[28.68422,41.25925],[28.68401,41.25916],[28.68361,41.25898],[28.68325,41.2588],[28.68311,41.25871],[28.68303,41.2586]]}},{"type":"Feature","properties":{"sinif":"trunk_link","ad":"Tayakadın 1 Kavşağı"},"geometry":{"type":"LineString","coordinates":[[28.67986,41.2592],[28.67996,41.25906],[28.68005,41.25895],[28.68012,41.25883],[28.6802,41.25869],[28.68026,41.25854],[28.68029,41.25844],[28.68034,41.25831],[28.68038,41.25814],[28.6804,41.25793],[28.68041,41.25778],[28.6804,41.2576],[28.68038,41.2574],[28.68034,41.25722],[28.68028,41.25703],[28.68023,41.25689],[28.68017,41.25677],[28.68008,41.25661],[28.67999,41.25647],[28.67983,41.25623],[28.67962,41.25592],[28.67929,41.25542],[28.67914,41.25521],[28.67908,41.255]]}},{"type":"Feature","properties":{"sinif":"primary_link","ad":null},"geometry":{"type":"LineString","coordinates":[[28.68901,41.26101],[28.68865,41.26092],[28.68832,41.26081],[28.6879,41.26068],[28.68716,41.26047],[28.68659,41.26027],[28.68645,41.26023],[28.68632,41.26021],[28.68613,41.2602],[28.68592,41.26023],[28.68573,41.26029],[28.68559,41.26039],[28.68549,41.26049],[28.68542,41.2606],[28.68536,41.26072],[28.68534,41.26086],[28.68533,41.26106],[28.68536,41.26119],[28.68542,41.26131],[28.68552,41.26143],[28.68566,41.26153],[28.68579,41.26159],[28.68596,41.26165],[28.68614,41.26167],[28.6863,41.26166],[28.68647,41.26163],[28.68662,41.26159],[28.68673,41.26153],[28.68684,41.26146],[28.68691,41.26139],[28.68701,41.26125],[28.6871,41.26109],[28.68719,41.26087],[28.68733,41.26062]]}},{"type":"Feature","properties":{"sinif":"primary_link","ad":null},"geometry":{"type":"LineString","coordinates":[[28.6918,41.26203],[28.69143,41.26194],[28.69099,41.2618],[28.69058,41.26165],[28.69026,41.26154],[28.68999,41.26147],[28.68971,41.26139],[28.68921,41.26128],[28.68897,41.26123],[28.68877,41.2612],[28.68857,41.26119],[28.68837,41.26119],[28.68827,41.2612],[28.68817,41.26122],[28.68796,41.26127],[28.68776,41.26135],[28.68754,41.26147],[28.68736,41.26163],[28.68723,41.26178],[28.68716,41.26189],[28.6871,41.26198],[28.68703,41.26212],[28.68696,41.26228],[28.6869,41.26238]]}},{"type":"Feature","properties":{"sinif":"primary_link","ad":null},"geometry":{"type":"LineString","coordinates":[[28.68751,41.26009],[28.68751,41.26],[28.68752,41.25989],[28.68764,41.25952],[28.6877,41.25931],[28.68771,41.2592],[28.68771,41.25911],[28.6877,41.25903],[28.68768,41.25892],[28.68763,41.2588],[28.68757,41.25869],[28.68745,41.25855],[28.68732,41.25845],[28.6872,41.25839],[28.68708,41.25834],[28.68688,41.25829],[28.68674,41.25828],[28.68663,41.25828],[28.68649,41.25829],[28.68632,41.25832],[28.68617,41.25838],[28.68601,41.25848],[28.68589,41.25859],[28.68582,41.2587],[28.68577,41.25882],[28.68575,41.25895],[28.68575,41.25909],[28.6858,41.25922],[28.68586,41.25935],[28.68595,41.25945],[28.68606,41.25955],[28.68624,41.25966],[28.68653,41.25981],[28.68693,41.26001],[28.68733,41.2602],[28.68794,41.26045],[28.68826,41.26057],[28.68845,41.26066],[28.68877,41.26081]]}},{"type":"Feature","properties":{"sinif":"primary_link","ad":null},"geometry":{"type":"LineString","coordinates":[[28.68899,41.25725],[28.68893,41.25741],[28.6888,41.25765],[28.68874,41.25775],[28.68869,41.25786],[28.68864,41.25798],[28.68858,41.25812],[28.6885,41.2584],[28.68848,41.25852],[28.68846,41.25865],[28.68845,41.25879],[28.68844,41.25898],[28.68847,41.25921],[28.68852,41.25943],[28.68857,41.25958],[28.68863,41.25973],[28.68874,41.25993],[28.68885,41.26011],[28.68901,41.26031],[28.68917,41.26048],[28.68946,41.26074],[28.68965,41.26088],[28.68976,41.26095],[28.69014,41.26115],[28.69058,41.26136],[28.69089,41.26152],[28.69106,41.26159],[28.69129,41.26168],[28.69146,41.26175],[28.69156,41.2618],[28.69165,41.26185]]}},{"type":"Feature","properties":{"sinif":"trunk_link","ad":"Tayakadın 1 Kavşağı"},"geometry":{"type":"LineString","coordinates":[[28.67915,41.25476],[28.67938,41.25501],[28.67958,41.2553],[28.67975,41.25553],[28.67995,41.25577],[28.68013,41.25594],[28.68028,41.25609],[28.68048,41.25624],[28.68074,41.2564],[28.68095,41.25652],[28.68125,41.25665],[28.68157,41.25677],[28.68189,41.25685],[28.68226,41.25692],[28.68247,41.25695],[28.68277,41.25697],[28.68306,41.25698],[28.68339,41.25696],[28.68368,41.25693],[28.68393,41.25688],[28.68427,41.2568],[28.68454,41.25671],[28.68484,41.25659],[28.68512,41.25645],[28.6852,41.25641],[28.68554,41.2562],[28.68592,41.25591],[28.68607,41.25579],[28.68625,41.25569],[28.68643,41.25559]]}},{"type":"Feature","properties":{"sinif":"primary","ad":"Terminal Caddesi"},"geometry":{"type":"LineString","coordinates":[[28.73887,41.25303],[28.73887,41.25244],[28.73888,41.2522]]}},{"type":"Feature","properties":{"sinif":"primary_link","ad":null},"geometry":{"type":"LineString","coordinates":[[28.75156,41.24875],[28.75158,41.24783],[28.75158,41.24764]]}},{"type":"Feature","properties":{"sinif":"primary","ad":null},"geometry":{"type":"LineString","coordinates":[[28.75375,41.24936],[28.75402,41.2495],[28.75431,41.24963],[28.75505,41.2499],[28.75578,41.25018],[28.75614,41.25031],[28.75628,41.25035],[28.75638,41.25038],[28.75654,41.25041],[28.75672,41.25045],[28.7569,41.25048],[28.75718,41.25049],[28.75754,41.25051],[28.7593,41.25053],[28.7594,41.25052],[28.75949,41.25051],[28.75964,41.25046]]}},{"type":"Feature","properties":{"sinif":"primary","ad":null},"geometry":{"type":"LineString","coordinates":[[28.75756,41.2506],[28.75732,41.2506],[28.75715,41.25058],[28.75688,41.25055],[28.75662,41.25051],[28.75639,41.25045],[28.75623,41.25041],[28.75606,41.25035],[28.75582,41.25026],[28.75492,41.24992],[28.75401,41.24959],[28.75383,41.24951],[28.75376,41.24948],[28.75376,41.24948],[28.75368,41.24942]]}},{"type":"Feature","properties":{"sinif":"trunk_link","ad":"Terminal 2 Kavşağı"},"geometry":{"type":"LineString","coordinates":[[28.73891,41.24892],[28.73889,41.24858],[28.7389,41.24823]]}},{"type":"Feature","properties":{"sinif":"trunk_link","ad":"Terminal 2 Kavşağı"},"geometry":{"type":"LineString","coordinates":[[28.73875,41.24825],[28.73872,41.24814],[28.73864,41.24797],[28.73859,41.24785],[28.73851,41.24772],[28.73845,41.24763],[28.73838,41.24754],[28.7383,41.24744],[28.7382,41.24733],[28.73812,41.24726]]}},{"type":"Feature","properties":{"sinif":"trunk_link","ad":"Terminal 2 Kavşağı"},"geometry":{"type":"LineString","coordinates":[[28.73888,41.24945],[28.73883,41.24928],[28.73881,41.24911],[28.73881,41.24893],[28.73881,41.24871],[28.73881,41.24859],[28.7388,41.24848],[28.73878,41.24835],[28.73875,41.24825]]}},{"type":"Feature","properties":{"sinif":"primary","ad":"Vecihi Hürkuş Caddesi"},"geometry":{"type":"LineString","coordinates":[[28.70734,41.254],[28.70648,41.25457],[28.70601,41.25488],[28.70502,41.25554],[28.70479,41.2557],[28.70342,41.25661],[28.70282,41.257],[28.70246,41.25726],[28.7022,41.25746],[28.70162,41.25791],[28.70104,41.25835],[28.70089,41.25847],[28.70078,41.25856],[28.70071,41.25863],[28.70064,41.25871],[28.70055,41.25881],[28.70043,41.25896],[28.70036,41.25907],[28.7003,41.25917],[28.70024,41.25928],[28.70019,41.25939],[28.70014,41.2595],[28.70009,41.25964],[28.70005,41.25979],[28.70003,41.25995],[28.70002,41.26007],[28.70001,41.26025],[28.7,41.26067],[28.69998,41.26172],[28.69998,41.26216],[28.69997,41.26253],[28.69999,41.26258],[28.70001,41.26265],[28.70004,41.26271],[28.70007,41.26277],[28.70012,41.26287]]}},{"type":"Feature","properties":{"sinif":"primary","ad":"Vecihi Hürkuş Caddesi"},"geometry":{"type":"LineString","coordinates":[[28.70825,41.25339],[28.70734,41.254]]}},{"type":"Feature","properties":{"sinif":"primary","ad":"Vecihi Hürkuş Caddesi"},"geometry":{"type":"LineString","coordinates":[[28.70725,41.25394],[28.70817,41.25333]]}},{"type":"Feature","properties":{"sinif":"primary","ad":"Vecihi Hürkuş Caddesi"},"geometry":{"type":"LineString","coordinates":[[28.69965,41.26287],[28.69972,41.26276],[28.69976,41.2627],[28.69979,41.26263],[28.69981,41.26257],[28.69982,41.26252],[28.69983,41.26197],[28.69986,41.26028],[28.69987,41.26008],[28.69988,41.25991],[28.6999,41.25979],[28.69993,41.25968],[28.69996,41.25958],[28.7,41.25946],[28.70007,41.2593],[28.70013,41.25918],[28.70021,41.25904],[28.70028,41.25893],[28.70036,41.25883],[28.70044,41.25873],[28.70056,41.2586],[28.70066,41.2585],[28.70079,41.25838],[28.70107,41.25816],[28.70164,41.25774],[28.70236,41.25721],[28.70281,41.25688],[28.70327,41.25658],[28.70396,41.25612],[28.7048,41.25557]]}},{"type":"Feature","properties":{"sinif":"primary","ad":"Vecihi Hürkuş Caddesi"},"geometry":{"type":"LineString","coordinates":[[28.71027,41.25192],[28.71059,41.25171],[28.71073,41.25162],[28.71085,41.25154],[28.71102,41.25144],[28.7112,41.25134],[28.7114,41.25124],[28.71159,41.25115],[28.71183,41.25104],[28.71208,41.25094],[28.71235,41.25085],[28.71259,41.25078],[28.71283,41.25071],[28.71311,41.25065],[28.71342,41.25059],[28.71423,41.25044],[28.71571,41.25016],[28.71634,41.25004],[28.71663,41.24999],[28.71719,41.24987],[28.71809,41.24971],[28.71877,41.24958],[28.71995,41.24936],[28.72004,41.24934],[28.72171,41.24902],[28.72195,41.24898],[28.72296,41.24878],[28.72377,41.24863],[28.72454,41.24848],[28.72554,41.24829],[28.72671,41.24807],[28.72697,41.24802],[28.72721,41.24798],[28.72741,41.24795],[28.7276,41.24793],[28.72794,41.2479],[28.72853,41.24789],[28.7287,41.24789],[28.72879,41.24788],[28.72886,41.24787],[28.72897,41.24785],[28.72904,41.24782],[28.72911,41.24778]]}},{"type":"Feature","properties":{"sinif":"primary_link","ad":null},"geometry":{"type":"LineString","coordinates":[[28.71069,41.2518],[28.71057,41.25192],[28.71042,41.25204],[28.71026,41.25215],[28.70999,41.25234],[28.70976,41.25251],[28.70951,41.25268],[28.70913,41.25294],[28.70883,41.25316]]}},{"type":"Feature","properties":{"sinif":"primary_link","ad":null},"geometry":{"type":"LineString","coordinates":[[28.70799,41.2539],[28.70793,41.25394],[28.70785,41.25397],[28.70776,41.25399],[28.70767,41.25399],[28.70759,41.25398],[28.7075,41.25395],[28.70743,41.25392],[28.70737,41.25387],[28.70733,41.25381],[28.7073,41.25375],[28.70729,41.25368],[28.7073,41.25362],[28.70733,41.25355],[28.70738,41.25349],[28.70745,41.25344],[28.70753,41.2534],[28.70762,41.25338],[28.70771,41.25337],[28.7078,41.25338],[28.70788,41.2534],[28.70796,41.25344],[28.70802,41.25348],[28.70807,41.25354],[28.7081,41.2536],[28.70812,41.25366],[28.70811,41.25373],[28.70809,41.25379],[28.70805,41.25385],[28.70799,41.2539]]}},{"type":"Feature","properties":{"sinif":"primary_link","ad":null},"geometry":{"type":"LineString","coordinates":[[28.70771,41.25337],[28.70788,41.25334],[28.70803,41.25328],[28.70815,41.25323],[28.70824,41.25317],[28.70848,41.25302],[28.70874,41.25284],[28.70901,41.25266],[28.70916,41.25256],[28.70941,41.25241],[28.70957,41.25231],[28.70976,41.2522],[28.70991,41.25211],[28.71001,41.25204],[28.71013,41.25197],[28.71027,41.25192]]}},{"type":"Feature","properties":{"sinif":"primary_link","ad":null},"geometry":{"type":"LineString","coordinates":[[28.7048,41.25557],[28.70494,41.25541],[28.70548,41.255],[28.70565,41.25488],[28.70581,41.25477],[28.70596,41.25467],[28.70671,41.25417],[28.70698,41.25399],[28.70709,41.25391],[28.70714,41.25386],[28.70721,41.25377],[28.70725,41.25371],[28.7073,41.25362]]}},{"type":"Feature","properties":{"sinif":"primary_link","ad":null},"geometry":{"type":"LineString","coordinates":[[28.70688,41.25444],[28.70664,41.25461],[28.70598,41.25504],[28.70571,41.2552],[28.70545,41.25535],[28.70534,41.25541],[28.7052,41.25547],[28.70502,41.25554]]}},{"type":"Feature","properties":{"sinif":"primary","ad":"Terminal Caddesi"},"geometry":{"type":"LineString","coordinates":[[28.74709,41.25829],[28.74714,41.25842],[28.74716,41.25854],[28.74716,41.25865],[28.74712,41.25877],[28.74707,41.25887],[28.74701,41.25895],[28.74694,41.25902],[28.74685,41.25909],[28.74676,41.25914],[28.74666,41.25919],[28.74655,41.25923],[28.74644,41.25926],[28.74633,41.25927],[28.74623,41.25928],[28.74614,41.25928]]}},{"type":"Feature","properties":{"sinif":"primary","ad":"Terminal Caddesi"},"geometry":{"type":"LineString","coordinates":[[28.74614,41.25913],[28.74277,41.25907],[28.73917,41.25903]]}},{"type":"Feature","properties":{"sinif":"primary","ad":"Terminal Caddesi"},"geometry":{"type":"LineString","coordinates":[[28.74612,41.259],[28.74277,41.25896],[28.73917,41.25893]]}},{"type":"Feature","properties":{"sinif":"primary","ad":"Terminal Caddesi"},"geometry":{"type":"LineString","coordinates":[[28.74627,41.25861],[28.74621,41.25862],[28.74613,41.25862],[28.7453,41.25861],[28.74524,41.25861],[28.74445,41.2586],[28.74438,41.2586],[28.74422,41.2586],[28.74359,41.25859],[28.74351,41.25859],[28.74274,41.25858],[28.74266,41.25858],[28.74195,41.25857],[28.74185,41.25857],[28.7418,41.25857],[28.74162,41.25857],[28.74101,41.25856],[28.74092,41.25856],[28.74056,41.25856],[28.74014,41.25855],[28.74007,41.25855],[28.73992,41.25855],[28.73907,41.25854]]}},{"type":"Feature","properties":{"sinif":"primary","ad":"Terminal Caddesi"},"geometry":{"type":"LineString","coordinates":[[28.74662,41.25191],[28.74655,41.25204],[28.74653,41.2522],[28.74652,41.25251],[28.74651,41.25283],[28.74651,41.25312]]}},{"type":"Feature","properties":{"sinif":"primary_link","ad":null},"geometry":{"type":"LineString","coordinates":[[28.73886,41.25057],[28.73877,41.25041],[28.73874,41.25033],[28.73872,41.25024],[28.73871,41.25003],[28.73866,41.24964],[28.73861,41.24923],[28.73858,41.24899],[28.73854,41.2487],[28.73851,41.24856],[28.73846,41.24844],[28.73839,41.24833],[28.7383,41.24824],[28.7382,41.24815],[28.73806,41.24808],[28.73796,41.24804],[28.73786,41.248],[28.7377,41.24798],[28.73748,41.24794],[28.73729,41.24791]]}},{"type":"Feature","properties":{"sinif":"primary","ad":"Vecihi Hürkuş Caddesi"},"geometry":{"type":"LineString","coordinates":[[28.74565,41.24859],[28.74584,41.24862],[28.74603,41.24864],[28.74618,41.24863],[28.74644,41.2486],[28.74694,41.24852],[28.7473,41.24846],[28.74767,41.24839],[28.748,41.24831],[28.74833,41.24822],[28.74865,41.24813],[28.749,41.24801],[28.74935,41.24788],[28.74987,41.24769],[28.75045,41.24748],[28.75089,41.24732],[28.75132,41.24718],[28.75143,41.24715],[28.75152,41.24715],[28.75158,41.24717],[28.75162,41.2472]]}},{"type":"Feature","properties":{"sinif":"primary_link","ad":null},"geometry":{"type":"LineString","coordinates":[[28.7505,41.24761],[28.75025,41.24775],[28.75009,41.24782],[28.74953,41.24807],[28.74907,41.24827],[28.74864,41.24846],[28.74843,41.24856],[28.74829,41.24863],[28.74808,41.24876],[28.74797,41.24883],[28.74785,41.24892],[28.74773,41.24902]]}},{"type":"Feature","properties":{"sinif":"primary","ad":"Vecihi Hürkuş Caddesi"},"geometry":{"type":"LineString","coordinates":[[28.74569,41.24894],[28.74563,41.24898],[28.74556,41.249],[28.74549,41.24901],[28.74542,41.249],[28.74535,41.24899],[28.74528,41.24896],[28.74523,41.24892]]}},{"type":"Feature","properties":{"sinif":"primary","ad":"Vecihi Hürkuş Caddesi"},"geometry":{"type":"LineString","coordinates":[[28.72911,41.24778],[28.72916,41.24774],[28.72923,41.24771],[28.72929,41.24769],[28.72936,41.24768],[28.72944,41.24768],[28.72953,41.2477],[28.72959,41.24772],[28.72964,41.24776]]}},{"type":"Feature","properties":{"sinif":"primary","ad":"Vecihi Hürkuş Caddesi"},"geometry":{"type":"LineString","coordinates":[[28.72915,41.24808],[28.729,41.24805],[28.72882,41.24802],[28.72852,41.24801],[28.7282,41.24802],[28.72786,41.24803],[28.72755,41.24806],[28.72728,41.24809],[28.72674,41.24819],[28.72604,41.24832],[28.72557,41.24841],[28.72487,41.24855],[28.72422,41.24867],[28.72343,41.24882],[28.72285,41.24893],[28.72247,41.24901],[28.72206,41.24908],[28.72199,41.2491],[28.72138,41.24921],[28.72069,41.24934],[28.7202,41.24944],[28.72008,41.24946],[28.71866,41.24972],[28.71811,41.24983],[28.71698,41.25005],[28.71676,41.25009],[28.71667,41.25011],[28.71633,41.25017],[28.71575,41.25028],[28.71422,41.25057],[28.71343,41.25072],[28.71315,41.25077],[28.71283,41.25084],[28.71254,41.25092],[28.71232,41.25099],[28.71208,41.25108],[28.7119,41.25115],[28.71172,41.25123],[28.71155,41.2513]]}},{"type":"Feature","properties":{"sinif":"tertiary","ad":"Boyalık Caddesi"},"geometry":{"type":"LineString","coordinates":[[28.61355,41.31198],[28.61361,41.3115],[28.6137,41.31064],[28.61368,41.31044],[28.61368,41.31032],[28.6134,41.31023],[28.6131,41.31017],[28.61283,41.31007]]}},{"type":"Feature","properties":{"sinif":"tertiary","ad":"Durusu Yeniköy Caddesi"},"geometry":{"type":"LineString","coordinates":[[28.71715,41.31704],[28.71763,41.31707],[28.71826,41.31712],[28.71881,41.31714],[28.7191,41.31718]]}},{"type":"Feature","properties":{"sinif":"tertiary","ad":"Durusu Yeniköy Caddesi"},"geometry":{"type":"LineString","coordinates":[[28.7191,41.31718],[28.71881,41.31723],[28.71824,41.31723],[28.71763,41.31717],[28.71715,41.31704]]}},{"type":"Feature","properties":{"sinif":"tertiary","ad":"Durusu-Yeniköy Caddesi"},"geometry":{"type":"LineString","coordinates":[[28.7191,41.31718],[28.72051,41.31718],[28.72087,41.31716],[28.72118,41.31715],[28.72127,41.31714]]}},{"type":"Feature","properties":{"sinif":"tertiary","ad":"Yeniköy Caddesi"},"geometry":{"type":"LineString","coordinates":[[28.72275,41.31803],[28.72199,41.31786],[28.72182,41.31787],[28.72123,41.31809],[28.7207,41.31826],[28.72051,41.31835],[28.72035,41.31847],[28.72019,41.31861],[28.71999,41.31882],[28.71972,41.31912],[28.71946,41.3194],[28.71931,41.31957],[28.71907,41.31985],[28.7189,41.32012],[28.71892,41.3204],[28.71893,41.32052],[28.71917,41.32087],[28.71945,41.32125],[28.71975,41.32172],[28.72014,41.32243],[28.72043,41.32302],[28.72106,41.32421],[28.72111,41.32431],[28.72159,41.32505],[28.72245,41.32633]]}},{"type":"Feature","properties":{"sinif":"tertiary","ad":"Karaağaç Caddesi"},"geometry":{"type":"LineString","coordinates":[[28.72298,41.31802],[28.72302,41.31821]]}},{"type":"Feature","properties":{"sinif":"tertiary","ad":"Karaağaç Caddesi"},"geometry":{"type":"LineString","coordinates":[[28.72302,41.31821],[28.72289,41.31814],[28.72275,41.31803]]}},{"type":"Feature","properties":{"sinif":"tertiary","ad":"Cabir Ali Sokağı"},"geometry":{"type":"LineString","coordinates":[[28.72266,41.31699],[28.72277,41.31738],[28.72296,41.31776],[28.72307,41.31796]]}},{"type":"Feature","properties":{"sinif":"primary","ad":null},"geometry":{"type":"LineString","coordinates":[[28.71535,41.21015],[28.71544,41.21018],[28.71547,41.21021],[28.71548,41.21025],[28.71548,41.21028],[28.71546,41.21031]]}},{"type":"Feature","properties":{"sinif":"primary","ad":null},"geometry":{"type":"LineString","coordinates":[[28.7141,41.21078],[28.71403,41.2108],[28.71396,41.21078],[28.71388,41.21072]]}},{"type":"Feature","properties":{"sinif":"tertiary","ad":null},"geometry":{"type":"LineString","coordinates":[[28.71433,41.21044],[28.71435,41.21039],[28.71437,41.21034],[28.71437,41.21024],[28.71437,41.21017],[28.71434,41.21009],[28.71429,41.21]]}},{"type":"Feature","properties":{"sinif":"tertiary","ad":null},"geometry":{"type":"LineString","coordinates":[[28.71429,41.21],[28.7144,41.21011],[28.71445,41.21016],[28.71451,41.21021],[28.71457,41.21027],[28.71462,41.21028],[28.71469,41.21029]]}},{"type":"Feature","properties":{"sinif":"trunk_link","ad":null},"geometry":{"type":"LineString","coordinates":[[28.64313,41.27842],[28.64316,41.27848],[28.64317,41.27853],[28.64318,41.27859],[28.64317,41.27863],[28.64315,41.27868]]}},{"type":"Feature","properties":{"sinif":"trunk_link","ad":null},"geometry":{"type":"LineString","coordinates":[[28.64286,41.2787],[28.64282,41.27864],[28.6428,41.27855],[28.6428,41.27848],[28.64281,41.27844]]}},{"type":"Feature","properties":{"sinif":"tertiary","ad":null},"geometry":{"type":"LineString","coordinates":[[28.61228,41.19759],[28.61232,41.19764],[28.61238,41.19768],[28.61252,41.19775],[28.61265,41.19779],[28.61277,41.19781],[28.61289,41.19782],[28.61306,41.19782],[28.61319,41.19782],[28.61328,41.19783],[28.61335,41.19785],[28.61337,41.19786]]}},{"type":"Feature","properties":{"sinif":"tertiary","ad":null},"geometry":{"type":"LineString","coordinates":[[28.61271,41.196],[28.61261,41.19665],[28.61256,41.19684],[28.61249,41.19702]]}},{"type":"Feature","properties":{"sinif":"tertiary","ad":null},"geometry":{"type":"LineString","coordinates":[[28.60868,41.20176],[28.60886,41.20172],[28.60912,41.20171],[28.60963,41.20177]]}},{"type":"Feature","properties":{"sinif":"secondary","ad":"Eski Edirne Asfaltı Caddesi"},"geometry":{"type":"LineString","coordinates":[[28.60963,41.20177],[28.60937,41.20205],[28.60904,41.2024],[28.60893,41.20254],[28.60883,41.20269],[28.60872,41.20288],[28.60864,41.20305],[28.60853,41.20336],[28.607,41.20838],[28.60659,41.20972]]}},{"type":"Feature","properties":{"sinif":"secondary","ad":"Eski Edirne Asfaltı Caddesi"},"geometry":{"type":"LineString","coordinates":[[28.60659,41.20972],[28.60528,41.21408],[28.60469,41.21605],[28.60401,41.21832]]}},{"type":"Feature","properties":{"sinif":"tertiary","ad":null},"geometry":{"type":"LineString","coordinates":[[28.60449,41.26865],[28.60442,41.26876],[28.6044,41.26878],[28.60439,41.26887],[28.60453,41.26932],[28.60471,41.26973],[28.60479,41.26992],[28.60482,41.27002],[28.60484,41.2701],[28.60484,41.27019],[28.60482,41.27026],[28.6048,41.27038],[28.60462,41.2708],[28.60461,41.27081],[28.60414,41.27181],[28.604,41.27201],[28.60378,41.27223]]}},{"type":"Feature","properties":{"sinif":"secondary_link","ad":null},"geometry":{"type":"LineString","coordinates":[[28.75386,41.18272],[28.75411,41.18281]]}},{"type":"Feature","properties":{"sinif":"trunk_link","ad":null},"geometry":{"type":"LineString","coordinates":[[28.61336,41.27855],[28.61331,41.27862],[28.61326,41.27865],[28.6132,41.27868],[28.61315,41.27871],[28.61309,41.27873]]}},{"type":"Feature","properties":{"sinif":"secondary","ad":"Eski Edirne Asfaltı Caddesi"},"geometry":{"type":"LineString","coordinates":[[28.60349,41.21996],[28.60378,41.21905],[28.60388,41.21868],[28.60394,41.21849],[28.60396,41.21843],[28.60401,41.21832]]}},{"type":"Feature","properties":{"sinif":"secondary","ad":"Eski Edirne Asfaltı Caddesi"},"geometry":{"type":"LineString","coordinates":[[28.60364,41.21997],[28.60325,41.22124]]}},{"type":"Feature","properties":{"sinif":"secondary","ad":"Eski Edirne Asfaltı Caddesi"},"geometry":{"type":"LineString","coordinates":[[28.60401,41.21832],[28.604,41.21846],[28.60394,41.21871],[28.60384,41.21923],[28.60378,41.21951],[28.60364,41.21997]]}},{"type":"Feature","properties":{"sinif":"secondary","ad":"Eski Edirne Asfaltı Caddesi"},"geometry":{"type":"LineString","coordinates":[[28.60265,41.22325],[28.60223,41.22469],[28.60206,41.22523],[28.60193,41.22567],[28.60182,41.22604],[28.60169,41.22645],[28.60153,41.22692],[28.60133,41.22747],[28.60121,41.2278],[28.60113,41.22804],[28.60109,41.22816],[28.60101,41.22839]]}},{"type":"Feature","properties":{"sinif":"motorway_link","ad":"Yassıören Kavşağı"},"geometry":{"type":"LineString","coordinates":[[28.59818,41.22134],[28.59818,41.22124],[28.59819,41.22114],[28.59822,41.22101],[28.5983,41.22071],[28.59837,41.22045],[28.59842,41.22025],[28.59845,41.22008],[28.59849,41.21985],[28.59851,41.21965],[28.59852,41.21947],[28.59852,41.21932],[28.59851,41.21918],[28.5985,41.21906],[28.59848,41.21893],[28.59845,41.21879],[28.59842,41.21867],[28.59838,41.21855],[28.59834,41.21844],[28.59826,41.21825],[28.59819,41.21809],[28.59808,41.21792],[28.59796,41.21774],[28.59785,41.21758],[28.59773,41.21745],[28.59758,41.21729],[28.59743,41.21714],[28.59728,41.21699],[28.59712,41.21686],[28.59701,41.21677],[28.59686,41.21667],[28.59664,41.21651],[28.59648,41.2164],[28.59616,41.21619]]}},{"type":"Feature","properties":{"sinif":"motorway_link","ad":"Yassıören Kavşağı"},"geometry":{"type":"LineString","coordinates":[[28.59919,41.2182],[28.59905,41.21874],[28.59895,41.21915],[28.59884,41.21956],[28.59875,41.21995],[28.59865,41.22031],[28.59856,41.22067],[28.59849,41.22093],[28.59842,41.22119],[28.59841,41.22129],[28.5984,41.22145]]}},{"type":"Feature","properties":{"sinif":"motorway_link","ad":"Yassıören Kavşağı"},"geometry":{"type":"LineString","coordinates":[[28.59935,41.21754],[28.59919,41.2182]]}},{"type":"Feature","properties":{"sinif":"motorway_link","ad":"Yassıören Kavşağı"},"geometry":{"type":"LineString","coordinates":[[28.59852,41.21734],[28.59881,41.21743],[28.59903,41.21753],[28.59924,41.21766],[28.59946,41.21782],[28.59968,41.21797],[28.5999,41.21808],[28.60006,41.21816],[28.60029,41.21824],[28.60043,41.21828],[28.60061,41.21831],[28.60077,41.21831],[28.60095,41.2183],[28.60114,41.21826],[28.60131,41.2182],[28.60146,41.21812],[28.60157,41.21804],[28.60167,41.21795],[28.60176,41.21786],[28.60184,41.21773],[28.60189,41.21761],[28.60194,41.21749],[28.60195,41.21736],[28.60195,41.21721],[28.60192,41.21707],[28.60187,41.21693],[28.60179,41.21679],[28.6017,41.21669],[28.60157,41.21658],[28.60144,41.21649],[28.60125,41.21641],[28.60095,41.21636],[28.60068,41.21635],[28.60045,41.21638],[28.60026,41.21642],[28.60011,41.21647],[28.6,41.21653],[28.59988,41.2166],[28.59977,41.21669],[28.59967,41.2168],[28.59959,41.21692],[28.59952,41.21704],[28.59947,41.21715],[28.59943,41.21726],[28.59939,41.21739],[28.59935,41.21754]]}},{"type":"Feature","properties":{"sinif":"motorway_link","ad":"Yassıören 1 Kavşağı"},"geometry":{"type":"LineString","coordinates":[[28.59762,41.22527],[28.59761,41.22537],[28.59763,41.22552],[28.59766,41.22568],[28.59771,41.22582],[28.59775,41.22593],[28.59781,41.22605],[28.59787,41.2262],[28.59797,41.22639],[28.59808,41.22655],[28.59819,41.2267],[28.59831,41.22686],[28.59847,41.22704],[28.59868,41.22724],[28.59888,41.22741],[28.599,41.22751],[28.59911,41.22758],[28.59929,41.22771],[28.5995,41.22784],[28.59967,41.22793],[28.59988,41.22803],[28.60021,41.22819],[28.60072,41.2284],[28.6011,41.22855],[28.6013,41.22863],[28.60148,41.2287],[28.60165,41.22876],[28.60183,41.22881],[28.60196,41.22884],[28.60209,41.22886],[28.60223,41.22887],[28.6024,41.22887],[28.60258,41.22885],[28.60277,41.22881],[28.60296,41.22876],[28.60315,41.22868],[28.60333,41.22859],[28.60346,41.22848],[28.60357,41.22838],[28.60363,41.22831],[28.60372,41.22818],[28.60376,41.22809],[28.6038,41.22799],[28.60382,41.2279],[28.60383,41.22779],[28.60383,41.22769],[28.60382,41.22759],[28.60379,41.22748],[28.60374,41.22737],[28.60367,41.22724],[28.60356,41.22711],[28.60349,41.22705],[28.6034,41.22697],[28.60331,41.22691],[28.60319,41.22685],[28.60306,41.22679],[28.60293,41.22676],[28.60277,41.22673],[28.6026,41.22672],[28.60242,41.22673],[28.60228,41.22675],[28.60213,41.22679],[28.60197,41.22686],[28.60186,41.22692],[28.60178,41.22697],[28.60174,41.22701],[28.60167,41.22706],[28.60159,41.22715],[28.60152,41.22726],[28.60145,41.2274],[28.60138,41.22758],[28.60128,41.22786],[28.60118,41.22814],[28.60114,41.22823],[28.60101,41.22839]]}},{"type":"Feature","properties":{"sinif":"motorway_link","ad":"Yassıören Kavşağı"},"geometry":{"type":"LineString","coordinates":[[28.60377,41.22115],[28.60338,41.22102],[28.60313,41.22087],[28.60289,41.22071],[28.60271,41.22059],[28.60241,41.22038],[28.60216,41.22021],[28.60198,41.22009],[28.60177,41.21998],[28.60161,41.21989],[28.60143,41.2198],[28.60128,41.21974],[28.60111,41.21968],[28.60096,41.21963],[28.60077,41.21959],[28.60059,41.21957],[28.6004,41.21956],[28.6002,41.21956],[28.59998,41.21959],[28.59971,41.21965],[28.59953,41.21971],[28.59941,41.21977],[28.59926,41.21986],[28.59913,41.21995],[28.59904,41.22004],[28.59894,41.22014],[28.59888,41.22023],[28.5988,41.22035],[28.59875,41.22047],[28.59868,41.22063],[28.59861,41.22082],[28.59853,41.22108],[28.59849,41.22123],[28.59843,41.22138],[28.5984,41.22145]]}},{"type":"Feature","properties":{"sinif":"motorway_link","ad":"Yassıören Kavşağı"},"geometry":{"type":"LineString","coordinates":[[28.59924,41.21742],[28.59928,41.21728],[28.59932,41.21713],[28.59937,41.21701],[28.59943,41.2169],[28.59949,41.21679],[28.59956,41.21669],[28.59965,41.21659],[28.59973,41.21653],[28.59984,41.21646],[28.59996,41.21638],[28.60009,41.21633],[28.60023,41.21629],[28.60037,41.21626],[28.60055,41.21623],[28.60076,41.21622],[28.60094,41.21623],[28.60113,41.21625],[28.60134,41.2163],[28.60151,41.21637],[28.60166,41.21645],[28.6018,41.21657],[28.60191,41.2167],[28.60199,41.21684],[28.60206,41.217],[28.6021,41.21714],[28.60211,41.21731],[28.60212,41.21752],[28.60209,41.21786],[28.60207,41.21814],[28.60206,41.21838],[28.60208,41.2186],[28.60212,41.21879],[28.60216,41.21899],[28.60222,41.21915],[28.60228,41.2193],[28.6024,41.2195],[28.60255,41.21973],[28.60267,41.21988],[28.60276,41.21996],[28.60294,41.22011],[28.60322,41.22032],[28.60342,41.22045],[28.60381,41.22073],[28.60408,41.22094],[28.60427,41.22113],[28.60441,41.22134]]}},{"type":"Feature","properties":{"sinif":"motorway","ad":"Kuzey Marmara Otoyolu"},"geometry":{"type":"LineString","coordinates":[[28.60377,41.22115],[28.6029,41.22058],[28.60208,41.22003],[28.60106,41.21934],[28.59999,41.21858],[28.59871,41.21771],[28.59823,41.2174],[28.59749,41.21691],[28.59674,41.21643],[28.59625,41.21612]]}},{"type":"Feature","properties":{"sinif":"motorway","ad":"Kuzey Marmara Otoyolu"},"geometry":{"type":"LineString","coordinates":[[28.59852,41.21734],[28.59894,41.2176],[28.59958,41.21803],[28.60008,41.21838],[28.60099,41.21903],[28.6018,41.21957],[28.60217,41.21983],[28.60275,41.22021],[28.60312,41.22047],[28.60387,41.22098],[28.60441,41.22134]]}},{"type":"Feature","properties":{"sinif":"motorway","ad":"Kuzey Marmara Otoyolu"},"geometry":{"type":"LineString","coordinates":[[28.59217,41.21365],[28.59304,41.21406],[28.5939,41.21449],[28.59482,41.21499],[28.59549,41.21538],[28.59608,41.21576]]}},{"type":"Feature","properties":{"sinif":"motorway","ad":"Kuzey Marmara Otoyolu"},"geometry":{"type":"LineString","coordinates":[[28.61473,41.23003],[28.61543,41.23056],[28.61579,41.23083],[28.61613,41.2311],[28.6162,41.23116],[28.61636,41.2313],[28.61665,41.23157],[28.61716,41.23205],[28.61782,41.23275],[28.61846,41.23345]]}},{"type":"Feature","properties":{"sinif":"motorway","ad":"Kuzey Marmara Otoyolu"},"geometry":{"type":"LineString","coordinates":[[28.60717,41.22334],[28.6074,41.22352],[28.60762,41.22369],[28.60784,41.22387],[28.60832,41.22429],[28.60881,41.22468],[28.60932,41.22513],[28.60969,41.22546],[28.61006,41.22582],[28.61043,41.22617],[28.61084,41.22655],[28.61129,41.22697],[28.61171,41.22739],[28.61233,41.22795],[28.61324,41.22876],[28.61342,41.22892],[28.61398,41.22942],[28.61428,41.22967],[28.61473,41.23003]]}},{"type":"Feature","properties":{"sinif":"motorway","ad":"Kuzey Marmara Otoyolu"},"geometry":{"type":"LineString","coordinates":[[28.61453,41.23016],[28.61434,41.23002],[28.61416,41.22987],[28.61392,41.22967],[28.61336,41.22917],[28.61306,41.2289],[28.61283,41.22869],[28.61244,41.22835],[28.6119,41.22788],[28.61124,41.22725],[28.61071,41.22677],[28.61001,41.22612],[28.60938,41.22552],[28.60901,41.22518],[28.6079,41.22426],[28.60728,41.22374],[28.60693,41.22346],[28.60629,41.22299],[28.60564,41.22252]]}},{"type":"Feature","properties":{"sinif":"motorway","ad":"Kuzey Marmara Otoyolu"},"geometry":{"type":"LineString","coordinates":[[28.61826,41.23357],[28.61761,41.23285],[28.61729,41.23251],[28.61695,41.23217],[28.61637,41.23163],[28.61604,41.23132],[28.61572,41.23106],[28.61521,41.2307],[28.61453,41.23016]]}},{"type":"Feature","properties":{"sinif":"trunk_link","ad":null},"geometry":{"type":"LineString","coordinates":[[28.79695,41.14428],[28.79683,41.1444],[28.7967,41.14449],[28.79649,41.14462],[28.7959,41.14495]]}},{"type":"Feature","properties":{"sinif":"primary_link","ad":null},"geometry":{"type":"LineString","coordinates":[[28.7471,41.24862],[28.74716,41.24866],[28.7472,41.2487],[28.74724,41.24874],[28.74726,41.24878],[28.74729,41.24883],[28.74731,41.2489],[28.74733,41.24905],[28.74735,41.24911],[28.74737,41.24917],[28.7474,41.24922],[28.74745,41.24928]]}},{"type":"Feature","properties":{"sinif":"tertiary","ad":"Demokrasi Caddesi"},"geometry":{"type":"LineString","coordinates":[[28.68766,41.30789],[28.68596,41.30866],[28.68545,41.30879]]}},{"type":"Feature","properties":{"sinif":"secondary","ad":"Terkos-Karaburun Caddesi"},"geometry":{"type":"LineString","coordinates":[[28.66112,41.27459],[28.66109,41.27473],[28.66097,41.2754],[28.66094,41.27559],[28.66094,41.27571],[28.66095,41.27582],[28.66097,41.27592],[28.66101,41.27607],[28.66107,41.27621],[28.66113,41.27635],[28.66121,41.2765],[28.66157,41.27725],[28.66186,41.27778],[28.66203,41.27813],[28.6621,41.27825],[28.66219,41.27835],[28.66228,41.27845],[28.66243,41.27855],[28.66263,41.27868],[28.66279,41.27879],[28.66291,41.27889],[28.66301,41.279],[28.6631,41.27912],[28.6632,41.2793],[28.66332,41.27952],[28.6635,41.27987],[28.66357,41.28005],[28.66359,41.28018],[28.66361,41.28032],[28.66363,41.28055],[28.66366,41.28092],[28.66369,41.28125],[28.66371,41.28152],[28.66375,41.28212],[28.66379,41.2826],[28.66381,41.28295],[28.66388,41.28389],[28.66398,41.28502],[28.66399,41.28516],[28.66401,41.28541],[28.66402,41.28571],[28.66405,41.286],[28.66406,41.28616],[28.66416,41.28708],[28.6642,41.28753],[28.66423,41.28799],[28.6643,41.289],[28.66439,41.28985],[28.66442,41.29015],[28.66448,41.29036],[28.66459,41.29062],[28.66478,41.29089],[28.66545,41.29176],[28.66628,41.29285],[28.66637,41.29297],[28.66688,41.29364],[28.66738,41.29432],[28.6677,41.29478],[28.66833,41.29569],[28.66849,41.2959],[28.66882,41.29638],[28.66907,41.29671],[28.66924,41.2969],[28.66939,41.29706],[28.6694,41.29708],[28.66959,41.29728],[28.67008,41.29775],[28.67087,41.29842],[28.67146,41.29888],[28.67218,41.2992]]}},{"type":"Feature","properties":{"sinif":"tertiary","ad":"Sokullu Mehmet Caddesi"},"geometry":{"type":"LineString","coordinates":[[28.74155,41.18852],[28.74064,41.18894],[28.74054,41.18898],[28.74037,41.18904],[28.74012,41.18912],[28.73978,41.18933],[28.73961,41.18964],[28.73942,41.19021],[28.73941,41.19028]]}},{"type":"Feature","properties":{"sinif":"tertiary","ad":null},"geometry":{"type":"LineString","coordinates":[[28.74293,41.19875],[28.74298,41.1988],[28.74315,41.19911],[28.74315,41.19922],[28.74315,41.19959],[28.74315,41.19967],[28.74315,41.19991],[28.74316,41.20005],[28.74316,41.20024],[28.74316,41.20032],[28.74314,41.20051],[28.74314,41.20058],[28.74312,41.20089],[28.7431,41.20106],[28.74304,41.20125],[28.743,41.20135],[28.74289,41.20165],[28.74272,41.20197],[28.74264,41.20211],[28.74255,41.20228],[28.74246,41.20245],[28.7424,41.20256]]}},{"type":"Feature","properties":{"sinif":"secondary","ad":"Haraççı - Hadımköy Yolu"},"geometry":{"type":"LineString","coordinates":[[28.69167,41.16726],[28.6905,41.16645],[28.68842,41.16501],[28.68816,41.16483],[28.68791,41.16474],[28.68783,41.16471],[28.68742,41.16465],[28.6871,41.16468],[28.68657,41.16483]]}},{"type":"Feature","properties":{"sinif":"secondary","ad":"Haraççı - Hadımköy Yolu"},"geometry":{"type":"LineString","coordinates":[[28.70193,41.17245],[28.70176,41.17236],[28.70117,41.17211],[28.70088,41.17201],[28.70052,41.17191],[28.69984,41.17172],[28.69957,41.17162],[28.69933,41.1715],[28.69892,41.17126],[28.69887,41.17122],[28.69696,41.16999],[28.6962,41.16951],[28.69566,41.16931],[28.69555,41.16927],[28.69508,41.16911],[28.69393,41.16874],[28.69346,41.16849],[28.69337,41.16843],[28.69246,41.16781],[28.69202,41.1675],[28.69167,41.16726]]}},{"type":"Feature","properties":{"sinif":"primary","ad":"Hadımköy-İstanbul Caddesi"},"geometry":{"type":"LineString","coordinates":[[28.62551,41.1372],[28.62587,41.13797],[28.62593,41.13813],[28.62596,41.13827],[28.62596,41.13831],[28.62596,41.1384],[28.62594,41.13853],[28.62589,41.13873],[28.62586,41.13878],[28.62579,41.13893],[28.62563,41.13911],[28.62546,41.13926],[28.62478,41.13966],[28.62394,41.14013]]}},{"type":"Feature","properties":{"sinif":"primary","ad":"Hadımköy-İstanbul Caddesi"},"geometry":{"type":"LineString","coordinates":[[28.62394,41.14013],[28.62377,41.14024],[28.62358,41.14036],[28.62344,41.14048],[28.62328,41.14066],[28.62318,41.14082],[28.62316,41.14087],[28.62309,41.14104],[28.62295,41.14166],[28.62303,41.14187],[28.62312,41.14212],[28.62357,41.14302],[28.6236,41.14329],[28.62352,41.14357],[28.62337,41.14378],[28.6232,41.14394],[28.62228,41.14439],[28.62206,41.14506],[28.62161,41.14597],[28.62071,41.14756],[28.62062,41.14772],[28.62023,41.14846],[28.62018,41.14854],[28.61987,41.14914],[28.61918,41.15019],[28.61855,41.15087],[28.61843,41.15098],[28.61841,41.15101],[28.61834,41.15108],[28.6182,41.15121]]}},{"type":"Feature","properties":{"sinif":"tertiary","ad":"Deliklikaya Altınşehir Yolu"},"geometry":{"type":"LineString","coordinates":[[28.67145,41.11202],[28.67166,41.11197],[28.67191,41.11195],[28.6722,41.11195],[28.67254,41.11196],[28.67325,41.11188],[28.67336,41.11187],[28.67361,41.11185],[28.67377,41.11184]]}},{"type":"Feature","properties":{"sinif":"tertiary","ad":"Deliklikaya Altınşehir Yolu"},"geometry":{"type":"LineString","coordinates":[[28.66717,41.11328],[28.66864,41.11287],[28.66878,41.11284],[28.67012,41.11238],[28.67145,41.11202]]}},{"type":"Feature","properties":{"sinif":"tertiary","ad":"Nurettin Sözen Caddesi"},"geometry":{"type":"LineString","coordinates":[[28.6252,41.15127],[28.62525,41.1509],[28.62537,41.15051],[28.62569,41.14963],[28.62605,41.14866],[28.62623,41.14822],[28.62627,41.14811],[28.6263,41.14797],[28.62634,41.14787]]}},{"type":"Feature","properties":{"sinif":"secondary","ad":"Ayasofya Caddesi"},"geometry":{"type":"LineString","coordinates":[[28.62157,41.15606],[28.62092,41.15606],[28.6203,41.15616],[28.62007,41.15626],[28.61971,41.15642],[28.61941,41.15656],[28.6186,41.15672],[28.61817,41.15693],[28.61809,41.15697],[28.61727,41.15738],[28.61708,41.15746],[28.61705,41.15747],[28.61692,41.15751]]}},{"type":"Feature","properties":{"sinif":"secondary","ad":"Bayrak Sokağı"},"geometry":{"type":"LineString","coordinates":[[28.70296,41.17938],[28.70303,41.17935],[28.70373,41.17931],[28.70459,41.17928],[28.70485,41.17927],[28.70543,41.17943],[28.70548,41.17944],[28.70622,41.17979],[28.70678,41.18005],[28.70717,41.18025],[28.70763,41.18047],[28.70777,41.18052],[28.70785,41.18055],[28.7083,41.18071],[28.7087,41.18082],[28.70878,41.18084],[28.70894,41.18088],[28.70909,41.18092],[28.7092,41.18094]]}},{"type":"Feature","properties":{"sinif":"tertiary","ad":null},"geometry":{"type":"LineString","coordinates":[[28.74243,41.20927],[28.7421,41.20999],[28.74185,41.21052],[28.74179,41.21057],[28.74122,41.21109],[28.74116,41.21116],[28.74092,41.21151],[28.74087,41.2116],[28.74083,41.21177]]}},{"type":"Feature","properties":{"sinif":"primary","ad":"Fatih Caddesi"},"geometry":{"type":"LineString","coordinates":[[28.69923,41.23458],[28.69878,41.23519],[28.69827,41.23594],[28.69811,41.23616],[28.69796,41.23632],[28.69794,41.23635],[28.69781,41.2365],[28.69759,41.23671],[28.69713,41.23708],[28.69658,41.23754],[28.69608,41.23794],[28.69498,41.23883],[28.69476,41.23905],[28.69462,41.2392],[28.69448,41.23939],[28.69435,41.23962],[28.69424,41.23986],[28.69417,41.24007],[28.69414,41.24019],[28.69412,41.2403],[28.6941,41.24059],[28.69412,41.24078],[28.69415,41.24103],[28.69426,41.24144],[28.69503,41.24391]]}},{"type":"Feature","properties":{"sinif":"tertiary","ad":"Baklalı Caddesi"},"geometry":{"type":"LineString","coordinates":[[28.67,41.23544],[28.66989,41.23564],[28.6697,41.23607],[28.66946,41.2371],[28.66936,41.23777],[28.66928,41.23817],[28.6692,41.23852],[28.66911,41.23881],[28.66891,41.23914],[28.66853,41.23951],[28.66827,41.23991],[28.66788,41.2401],[28.66678,41.24097],[28.66611,41.24131],[28.6653,41.2418],[28.6651,41.24233],[28.66507,41.24272],[28.66518,41.24401],[28.66517,41.24445],[28.66498,41.24475],[28.66462,41.24533],[28.66438,41.24574],[28.66436,41.24605]]}},{"type":"Feature","properties":{"sinif":"tertiary","ad":null},"geometry":{"type":"LineString","coordinates":[[28.67014,41.23503],[28.67,41.23544]]}},{"type":"Feature","properties":{"sinif":"primary","ad":"Gaziosmanpaşa Caddesi"},"geometry":{"type":"LineString","coordinates":[[28.74564,41.18254],[28.74567,41.18265],[28.74572,41.18296],[28.74577,41.18319],[28.74578,41.18323],[28.74578,41.1833],[28.74581,41.18347],[28.7458,41.18361],[28.7458,41.18367],[28.74578,41.18373],[28.74575,41.18378],[28.74566,41.18389],[28.74562,41.18392]]}},{"type":"Feature","properties":{"sinif":"secondary","ad":"Yavuz Selim Caddesi"},"geometry":{"type":"LineString","coordinates":[[28.74644,41.18038],[28.74671,41.18054],[28.74691,41.18067],[28.74702,41.18074],[28.74708,41.18078],[28.74731,41.18091],[28.7476,41.18102]]}},{"type":"Feature","properties":{"sinif":"tertiary","ad":"Dirlik Sokak"},"geometry":{"type":"LineString","coordinates":[[28.74746,41.178],[28.74766,41.17811],[28.7479,41.17825],[28.74801,41.17829],[28.74804,41.1783],[28.74845,41.17839]]}},{"type":"Feature","properties":{"sinif":"motorway_link","ad":"Terminal 1 Kavşağı"},"geometry":{"type":"LineString","coordinates":[[28.76843,41.24448],[28.76842,41.24478],[28.76841,41.24541],[28.76841,41.24609],[28.76839,41.24674],[28.76838,41.24733],[28.76837,41.24788],[28.76837,41.24809],[28.76836,41.2486],[28.76835,41.24892],[28.76834,41.24908],[28.76831,41.24921],[28.76826,41.24934],[28.76824,41.24944]]}},{"type":"Feature","properties":{"sinif":"motorway_link","ad":"Terminal 1 Kavşağı"},"geometry":{"type":"LineString","coordinates":[[28.76817,41.24761],[28.76819,41.24752],[28.7682,41.2473],[28.76821,41.24667],[28.7682,41.24635],[28.7682,41.24601]]}},{"type":"Feature","properties":{"sinif":"motorway_link","ad":"Terminal 1 Kavşağı"},"geometry":{"type":"LineString","coordinates":[[28.7649,41.24329],[28.76463,41.24329],[28.76444,41.24327],[28.76431,41.24326],[28.76417,41.24323],[28.76404,41.24321],[28.76389,41.24316],[28.76377,41.24312],[28.76366,41.24307]]}},{"type":"Feature","properties":{"sinif":"motorway_link","ad":"Terminal 1 Kavşağı"},"geometry":{"type":"LineString","coordinates":[[28.76543,41.2433],[28.7649,41.24329]]}},{"type":"Feature","properties":{"sinif":"motorway_link","ad":"Terminal 1 Kavşağı"},"geometry":{"type":"LineString","coordinates":[[28.7655,41.24253],[28.76499,41.24259]]}},{"type":"Feature","properties":{"sinif":"motorway","ad":"Kuzey Marmara Otoyolu"},"geometry":{"type":"LineString","coordinates":[[28.76555,41.24227],[28.76503,41.24233]]}},{"type":"Feature","properties":{"sinif":"motorway","ad":"Kuzey Marmara Otoyolu"},"geometry":{"type":"LineString","coordinates":[[28.76503,41.24233],[28.7643,41.24242],[28.76381,41.24248],[28.76336,41.24253],[28.76272,41.24259],[28.76219,41.24263],[28.76171,41.24265],[28.76141,41.24266],[28.76108,41.24266],[28.76056,41.24267],[28.76015,41.24266],[28.75942,41.24263],[28.75882,41.2426],[28.75833,41.24258],[28.75761,41.24255]]}},{"type":"Feature","properties":{"sinif":"motorway","ad":"Kuzey Marmara Otoyolu"},"geometry":{"type":"LineString","coordinates":[[28.76498,41.24213],[28.76534,41.24209],[28.7655,41.24208]]}},{"type":"Feature","properties":{"sinif":"motorway","ad":"Kuzey Marmara Otoyolu"},"geometry":{"type":"LineString","coordinates":[[28.75762,41.24236],[28.75828,41.24238],[28.7591,41.24242],[28.76015,41.24246],[28.76052,41.24246],[28.76088,41.24247],[28.76122,41.24247],[28.76155,41.24246],[28.76207,41.24244],[28.76241,41.24242],[28.76287,41.24238],[28.7632,41.24235],[28.76352,41.24232],[28.76427,41.24223],[28.76498,41.24213]]}},{"type":"Feature","properties":{"sinif":"motorway_link","ad":"Terminal 1 Kavşağı"},"geometry":{"type":"LineString","coordinates":[[28.76503,41.24188],[28.76553,41.24182]]}},{"type":"Feature","properties":{"sinif":"motorway_link","ad":"O-7 Güney Yanyolu"},"geometry":{"type":"LineString","coordinates":[[28.75764,41.24208],[28.75792,41.24212],[28.75814,41.24214],[28.75837,41.24215],[28.75896,41.24217],[28.75951,41.24219],[28.76004,41.24221],[28.76063,41.24222],[28.76119,41.24222],[28.76187,41.2422],[28.76244,41.24217],[28.76298,41.24212],[28.76393,41.24202],[28.76503,41.24188]]}},{"type":"Feature","properties":{"sinif":"motorway_link","ad":"Terminal 1 Kavşağı"},"geometry":{"type":"LineString","coordinates":[[28.76499,41.24259],[28.76403,41.24271],[28.76367,41.24275],[28.76332,41.24279],[28.7628,41.24283],[28.76211,41.24289],[28.76177,41.24292],[28.7614,41.24295]]}},{"type":"Feature","properties":{"sinif":"motorway_link","ad":"Terminal 1 Kavşağı"},"geometry":{"type":"LineString","coordinates":[[28.76499,41.24278],[28.7643,41.24282],[28.76384,41.24285],[28.7635,41.24286],[28.76287,41.2429],[28.76218,41.24294],[28.76194,41.24295],[28.76171,41.24296],[28.7614,41.24295]]}},{"type":"Feature","properties":{"sinif":"motorway_link","ad":"Terminal 1 Kavşağı"},"geometry":{"type":"LineString","coordinates":[[28.76548,41.24275],[28.76499,41.24278]]}},{"type":"Feature","properties":{"sinif":"trunk_link","ad":"Terminal 1 Kavşağı"},"geometry":{"type":"LineString","coordinates":[[28.76525,41.24611],[28.76491,41.2459]]}},{"type":"Feature","properties":{"sinif":"trunk","ad":null},"geometry":{"type":"LineString","coordinates":[[28.61336,41.27855],[28.61393,41.27923],[28.6141,41.27943],[28.61427,41.27962],[28.61471,41.2801],[28.61487,41.28028],[28.61522,41.28063],[28.61548,41.28088],[28.61567,41.28105],[28.61596,41.28132],[28.61625,41.28156],[28.61677,41.28196],[28.61725,41.28234],[28.61765,41.28267],[28.61813,41.28305],[28.61818,41.28309],[28.61836,41.28325],[28.61856,41.2834],[28.61873,41.28352],[28.61898,41.28368],[28.61921,41.28381],[28.61923,41.28382],[28.61943,41.28393],[28.6197,41.28405],[28.62008,41.28421],[28.62039,41.28431],[28.62064,41.28439],[28.62087,41.28446],[28.62109,41.28451],[28.62131,41.28455],[28.62154,41.28459],[28.62183,41.28463],[28.62213,41.28466],[28.6224,41.28468],[28.62268,41.28468],[28.62297,41.28468],[28.62327,41.28466],[28.62363,41.28462],[28.62387,41.28459],[28.62409,41.28455],[28.62453,41.28445],[28.6248,41.28438],[28.62506,41.2843],[28.6253,41.28422],[28.62553,41.28413],[28.62574,41.28403],[28.62592,41.28395],[28.62606,41.28388],[28.62628,41.28376],[28.62651,41.28362],[28.62673,41.28348],[28.62695,41.28332],[28.62715,41.28315],[28.6273,41.28301],[28.62742,41.28289],[28.62758,41.28272],[28.62788,41.28242],[28.62837,41.28191]]}},{"type":"Feature","properties":{"sinif":"tertiary","ad":null},"geometry":{"type":"LineString","coordinates":[[28.62565,41.16128],[28.62567,41.1613],[28.62569,41.16132],[28.62569,41.16134],[28.62569,41.16136],[28.62568,41.16138],[28.62566,41.16139],[28.62564,41.1614],[28.62561,41.16141],[28.62558,41.16141],[28.62556,41.1614],[28.62554,41.16138],[28.62552,41.16136],[28.62552,41.16134],[28.62552,41.16132],[28.62554,41.1613],[28.62556,41.16129],[28.62559,41.16128],[28.62562,41.16128],[28.62565,41.16128]]}},{"type":"Feature","properties":{"sinif":"motorway","ad":null},"geometry":{"type":"LineString","coordinates":[[28.80665,41.14218],[28.8066,41.14191],[28.80656,41.1417],[28.80652,41.14151],[28.80647,41.14131],[28.80638,41.14102],[28.8063,41.14075],[28.80616,41.14036],[28.80599,41.13992],[28.80581,41.1395]]}},{"type":"Feature","properties":{"sinif":"motorway_link","ad":"Fenertepe Kavşağı"},"geometry":{"type":"LineString","coordinates":[[28.81041,41.13639],[28.81029,41.13644],[28.81014,41.13651],[28.80998,41.13657],[28.80979,41.13664],[28.80959,41.13674],[28.80936,41.1369],[28.80924,41.13701],[28.80913,41.13716],[28.80904,41.13731],[28.80898,41.13744],[28.80893,41.13761],[28.80891,41.13771]]}},{"type":"Feature","properties":{"sinif":"trunk_link","ad":null},"geometry":{"type":"LineString","coordinates":[[28.69632,41.24812],[28.69635,41.24821],[28.69639,41.24835],[28.69643,41.24859],[28.69646,41.2487],[28.69651,41.24885],[28.69661,41.24902],[28.69671,41.24917],[28.6968,41.24926],[28.69691,41.24934],[28.69703,41.2494],[28.69717,41.24946],[28.69734,41.24949],[28.69749,41.24951],[28.69761,41.24951],[28.69771,41.24949],[28.69784,41.24947],[28.69794,41.24944],[28.69808,41.24939],[28.69819,41.24932],[28.69827,41.24926],[28.69835,41.24917],[28.6984,41.2491]]}},{"type":"Feature","properties":{"sinif":"secondary","ad":null},"geometry":{"type":"LineString","coordinates":[[28.69499,41.25214],[28.69514,41.25198],[28.69528,41.25182],[28.69545,41.25158],[28.69566,41.25125],[28.69576,41.25107],[28.69587,41.25085],[28.69602,41.25049],[28.69613,41.25014],[28.69617,41.24996],[28.69622,41.24976],[28.69625,41.24952],[28.69627,41.24936],[28.69627,41.24915],[28.69627,41.24888],[28.69624,41.24854],[28.69622,41.2484],[28.69612,41.24796]]}},{"type":"Feature","properties":{"sinif":"primary_link","ad":null},"geometry":{"type":"LineString","coordinates":[[28.75158,41.24764],[28.75157,41.24752],[28.75156,41.2475],[28.75155,41.24746],[28.75151,41.24741],[28.75146,41.24738],[28.7514,41.24736],[28.7513,41.24735],[28.7512,41.24736]]}},{"type":"Feature","properties":{"sinif":"primary_link","ad":null},"geometry":{"type":"LineString","coordinates":[[28.7872,41.15187],[28.78721,41.15191],[28.78723,41.152],[28.78728,41.15214],[28.78735,41.15227],[28.78737,41.15228]]}},{"type":"Feature","properties":{"sinif":"primary_link","ad":null},"geometry":{"type":"LineString","coordinates":[[28.78618,41.15188],[28.78633,41.1519],[28.78646,41.15191],[28.78661,41.1519],[28.78672,41.15188],[28.78679,41.15185],[28.78685,41.15183],[28.78694,41.15177],[28.78712,41.15167]]}},{"type":"Feature","properties":{"sinif":"trunk_link","ad":null},"geometry":{"type":"LineString","coordinates":[[28.58962,41.24737],[28.58952,41.24752],[28.58944,41.24767],[28.58933,41.2479],[28.58896,41.24869]]}},{"type":"Feature","properties":{"sinif":"tertiary","ad":null},"geometry":{"type":"LineString","coordinates":[[28.65166,41.24465],[28.65179,41.24551]]}},{"type":"Feature","properties":{"sinif":"primary_link","ad":null},"geometry":{"type":"LineString","coordinates":[[28.7207,41.18299],[28.72076,41.18303],[28.72078,41.18308],[28.72079,41.18314],[28.72077,41.1832],[28.72072,41.18324],[28.72066,41.18328]]}},{"type":"Feature","properties":{"sinif":"trunk_link","ad":null},"geometry":{"type":"LineString","coordinates":[[28.72105,41.18301],[28.72124,41.18305],[28.72149,41.18311],[28.72205,41.18326],[28.72218,41.1833],[28.72232,41.18335],[28.72307,41.18361],[28.72347,41.18375]]}},{"type":"Feature","properties":{"sinif":"trunk_link","ad":null},"geometry":{"type":"LineString","coordinates":[[28.72042,41.18326],[28.71996,41.18327],[28.71964,41.18327],[28.71843,41.1833],[28.7183,41.18329],[28.71819,41.18327],[28.71803,41.18325]]}},{"type":"Feature","properties":{"sinif":"primary","ad":"Kazım Karabekir Caddesi"},"geometry":{"type":"LineString","coordinates":[[28.72066,41.18328],[28.72059,41.18343],[28.72056,41.18366],[28.72057,41.18398],[28.72059,41.18419],[28.7206,41.18426],[28.72061,41.18434],[28.72065,41.18453],[28.72083,41.18546],[28.72084,41.18552],[28.72098,41.18613],[28.72102,41.18629],[28.72105,41.18641],[28.72107,41.18656],[28.72109,41.1867],[28.7211,41.18701],[28.72103,41.18737],[28.72102,41.18749],[28.72096,41.18832],[28.72094,41.18853],[28.72091,41.1891],[28.72084,41.18986]]}},{"type":"Feature","properties":{"sinif":"primary","ad":"Kazım Karabekir Caddesi"},"geometry":{"type":"LineString","coordinates":[[28.72061,41.19156],[28.72075,41.19143],[28.72075,41.19131],[28.72066,41.19105],[28.72064,41.19093],[28.72063,41.19081],[28.72069,41.19009],[28.72071,41.18992],[28.72083,41.18865],[28.72092,41.18718],[28.72096,41.18681],[28.72096,41.18665],[28.72094,41.18648],[28.7209,41.18632],[28.7209,41.18629],[28.72088,41.18621],[28.72053,41.18455],[28.72049,41.18437],[28.72046,41.18428],[28.72044,41.18416],[28.72042,41.18405],[28.72042,41.18391],[28.7204,41.18355],[28.72041,41.18341],[28.72041,41.1834],[28.72042,41.18326]]}},{"type":"Feature","properties":{"sinif":"primary","ad":"Kazım Karabekir Caddesi"},"geometry":{"type":"LineString","coordinates":[[28.72084,41.18986],[28.72083,41.18992],[28.7208,41.19025],[28.72072,41.19069],[28.72072,41.19071],[28.72072,41.19087],[28.72073,41.19102],[28.72078,41.19122],[28.72085,41.19143],[28.72087,41.19146],[28.72101,41.19179],[28.72125,41.19223],[28.72173,41.19287],[28.72187,41.19305],[28.72197,41.19317],[28.72205,41.19332],[28.72207,41.19337],[28.72209,41.19341],[28.7221,41.19343],[28.72218,41.19357],[28.72224,41.19373],[28.72226,41.19379],[28.72234,41.19402],[28.72239,41.1941],[28.72243,41.19416],[28.72248,41.19421],[28.72252,41.19425],[28.72254,41.19427],[28.72256,41.19429],[28.72267,41.19437],[28.72286,41.19448],[28.72352,41.19491],[28.72363,41.19497],[28.72373,41.19504],[28.72384,41.1951],[28.72395,41.19515],[28.72401,41.19517],[28.72406,41.19519],[28.72419,41.19523],[28.72452,41.19529],[28.72491,41.19538],[28.72524,41.19545],[28.7256,41.19552],[28.726,41.19561],[28.72608,41.19563],[28.72629,41.19566],[28.72657,41.1957],[28.72685,41.19573],[28.72738,41.19577],[28.72741,41.19578],[28.72772,41.1958],[28.72784,41.1958],[28.72789,41.1958],[28.72797,41.19579],[28.72821,41.19577],[28.72841,41.19575],[28.7286,41.19573],[28.72892,41.19571],[28.72906,41.19571],[28.72913,41.19571],[28.72924,41.19576]]}},{"type":"Feature","properties":{"sinif":"primary","ad":"Kazım Karabekir Caddesi"},"geometry":{"type":"LineString","coordinates":[[28.72904,41.1958],[28.72888,41.19579],[28.7283,41.19584],[28.72792,41.19587],[28.72778,41.19588],[28.72771,41.19588],[28.72765,41.19588],[28.72749,41.19586],[28.72732,41.19585],[28.72726,41.19584],[28.72704,41.19582],[28.72674,41.19579],[28.72633,41.19575],[28.72624,41.19573],[28.72622,41.19573],[28.7259,41.19567],[28.72564,41.19562],[28.72547,41.19558],[28.72522,41.19553],[28.72485,41.19545],[28.72415,41.1953],[28.724,41.19526],[28.72397,41.19525],[28.72388,41.19523],[28.7238,41.19519],[28.72367,41.19512],[28.72344,41.19497],[28.72298,41.19465],[28.72261,41.19443],[28.72252,41.19438],[28.72245,41.19433],[28.72243,41.1943],[28.72238,41.19426],[28.72232,41.19418],[28.72231,41.19417],[28.72226,41.19409],[28.72222,41.19398],[28.72215,41.1938],[28.72207,41.19371],[28.72204,41.1937],[28.72174,41.19356]]}},{"type":"Feature","properties":{"sinif":"primary_link","ad":null},"geometry":{"type":"LineString","coordinates":[[28.7221,41.19343],[28.72206,41.19353],[28.72202,41.19357],[28.72196,41.19359],[28.7219,41.19359],[28.72174,41.19356]]}},{"type":"Feature","properties":{"sinif":"primary","ad":"Selçuklu Caddesi"},"geometry":{"type":"LineString","coordinates":[[28.71246,41.18583],[28.71206,41.18576],[28.71166,41.18569],[28.71147,41.18569],[28.71064,41.18579],[28.71015,41.18584],[28.70997,41.18586],[28.70983,41.18587],[28.70965,41.18585],[28.70909,41.1858],[28.70894,41.18579],[28.70879,41.18577],[28.70853,41.18574],[28.70841,41.18569],[28.70854,41.18566],[28.7088,41.18568],[28.70893,41.18569],[28.70969,41.18575],[28.70993,41.18575],[28.71028,41.18573],[28.71044,41.18571],[28.71111,41.18564],[28.71188,41.18557],[28.71207,41.18555],[28.71227,41.18554],[28.71248,41.18554],[28.71272,41.18546],[28.71335,41.18535],[28.71391,41.18526],[28.71481,41.18513],[28.71515,41.18509],[28.7158,41.18499],[28.71639,41.1849],[28.71771,41.18469],[28.71817,41.18463],[28.71818,41.18463],[28.71837,41.1846],[28.71908,41.1845],[28.71912,41.18449],[28.71989,41.18437],[28.71999,41.18436],[28.72046,41.18428],[28.7206,41.18426]]}},{"type":"Feature","properties":{"sinif":"tertiary","ad":"Egemen Caddesi"},"geometry":{"type":"LineString","coordinates":[[28.72401,41.19517],[28.724,41.19526],[28.72389,41.19538],[28.72373,41.19545],[28.72366,41.19549],[28.72318,41.19568],[28.72185,41.19622],[28.72035,41.19683],[28.72013,41.19687],[28.71982,41.19689],[28.71881,41.19696],[28.71846,41.19699],[28.71838,41.197],[28.71824,41.19702],[28.7181,41.19706],[28.71803,41.19714]]}},{"type":"Feature","properties":{"sinif":"tertiary","ad":null},"geometry":{"type":"LineString","coordinates":[[28.71336,41.19859],[28.71335,41.19853],[28.71335,41.1985],[28.71337,41.19847],[28.71339,41.19845],[28.71345,41.19842]]}},{"type":"Feature","properties":{"sinif":"tertiary","ad":null},"geometry":{"type":"LineString","coordinates":[[28.71524,41.19813],[28.7152,41.19842],[28.71517,41.19853],[28.71516,41.19859],[28.71514,41.19863],[28.71504,41.1987]]}},{"type":"Feature","properties":{"sinif":"tertiary","ad":null},"geometry":{"type":"LineString","coordinates":[[28.71524,41.19813],[28.71525,41.19835],[28.71528,41.19841],[28.71531,41.19845],[28.71535,41.19854]]}},{"type":"Feature","properties":{"sinif":"tertiary","ad":null},"geometry":{"type":"LineString","coordinates":[[28.71487,41.19852],[28.71498,41.19844],[28.71503,41.19841],[28.71508,41.19835],[28.71512,41.19829],[28.71524,41.19813]]}},{"type":"Feature","properties":{"sinif":"tertiary","ad":"Taşoluk Cd."},"geometry":{"type":"LineString","coordinates":[[28.70648,41.18556],[28.70648,41.18584],[28.70647,41.18596],[28.70646,41.18611],[28.70645,41.18627],[28.70645,41.18643],[28.70644,41.18655],[28.70643,41.18666],[28.70643,41.18696],[28.70641,41.1874],[28.70642,41.18764]]}},{"type":"Feature","properties":{"sinif":"primary","ad":"Fatih Caddesi"},"geometry":{"type":"LineString","coordinates":[[28.71535,41.21015],[28.71551,41.21015],[28.71561,41.21016],[28.71583,41.21017],[28.71619,41.2102],[28.71783,41.21034],[28.7183,41.21037],[28.71865,41.21038],[28.71885,41.21037],[28.71899,41.21035],[28.71911,41.21033],[28.71927,41.2103],[28.71937,41.21026],[28.7198,41.2101],[28.72003,41.21001],[28.72014,41.20996],[28.72068,41.20971],[28.72099,41.20954],[28.72132,41.20935],[28.72145,41.20927],[28.72237,41.20865],[28.7226,41.2085],[28.72293,41.20828],[28.7239,41.20766],[28.72411,41.20751],[28.72425,41.20742],[28.7246,41.2072],[28.72612,41.20618],[28.72649,41.20594],[28.727,41.20563],[28.72746,41.20532],[28.7278,41.20499],[28.72786,41.20491],[28.728,41.20474]]}},{"type":"Feature","properties":{"sinif":"primary","ad":"Fatih Caddesi"},"geometry":{"type":"LineString","coordinates":[[28.70059,41.23218],[28.70112,41.23179],[28.70186,41.23126],[28.70261,41.23072],[28.70321,41.23023],[28.70388,41.22953],[28.70394,41.22946],[28.70461,41.2288],[28.70482,41.22856],[28.70545,41.22782],[28.70593,41.22723],[28.70643,41.22667],[28.70654,41.22651],[28.70666,41.22634],[28.70671,41.22627],[28.70679,41.22615],[28.7069,41.22592],[28.70694,41.22581],[28.70701,41.2256],[28.70711,41.22518],[28.70715,41.22503],[28.70717,41.22494],[28.70719,41.22484],[28.70727,41.22463],[28.70736,41.22426],[28.70741,41.22412],[28.70754,41.2237],[28.70763,41.22335],[28.70769,41.22312],[28.70785,41.22264],[28.70796,41.22221],[28.70808,41.22189],[28.70822,41.22151],[28.7083,41.22131],[28.70856,41.22048],[28.7088,41.21978],[28.70889,41.21956],[28.70911,41.21894],[28.70932,41.21833],[28.70941,41.21787],[28.70952,41.21737],[28.70956,41.2172],[28.70959,41.21706],[28.70964,41.21695]]}},{"type":"Feature","properties":{"sinif":"primary","ad":"İsmet İnönü Caddesi"},"geometry":{"type":"LineString","coordinates":[[28.77684,41.17823],[28.7768,41.17819],[28.77662,41.17796],[28.77646,41.17775],[28.77629,41.17749],[28.77617,41.1773],[28.77608,41.17715],[28.7759,41.17683],[28.77578,41.17661],[28.77558,41.17628],[28.77548,41.17613],[28.77535,41.17597],[28.77517,41.1758],[28.77494,41.1756],[28.7748,41.17547],[28.77466,41.17532],[28.77453,41.17512],[28.77439,41.17489],[28.77428,41.17466],[28.77408,41.17422],[28.77395,41.17388],[28.77391,41.17372],[28.77389,41.17355],[28.77389,41.1734],[28.7739,41.17324],[28.77392,41.17306],[28.77393,41.17296],[28.77398,41.17255],[28.77407,41.17195],[28.77411,41.17167],[28.77413,41.17148],[28.77411,41.17132],[28.77406,41.17119],[28.77398,41.17105],[28.7739,41.1709],[28.77377,41.17073],[28.7735,41.17046],[28.77331,41.17024],[28.77317,41.17007],[28.77305,41.16989],[28.77298,41.16975],[28.77291,41.16957],[28.77283,41.16934],[28.77275,41.16905],[28.77268,41.16869],[28.77263,41.16841],[28.77257,41.16816],[28.77249,41.16793],[28.77246,41.16773],[28.77245,41.16755],[28.77247,41.1674],[28.77252,41.16718],[28.77261,41.167],[28.77276,41.16669],[28.77282,41.16656],[28.77304,41.16611],[28.77327,41.1655],[28.77343,41.16506],[28.77352,41.16483],[28.77358,41.16465],[28.77361,41.16443],[28.77366,41.16407],[28.77367,41.16361],[28.77366,41.16308]]}},{"type":"Feature","properties":{"sinif":"primary","ad":null},"geometry":{"type":"LineString","coordinates":[[28.77714,41.179],[28.77709,41.17914],[28.77702,41.17934],[28.7769,41.17964],[28.77677,41.18005]]}},{"type":"Feature","properties":{"sinif":"primary","ad":null},"geometry":{"type":"LineString","coordinates":[[28.77307,41.18292],[28.77343,41.18276],[28.77404,41.18249],[28.77463,41.18225],[28.77587,41.18176],[28.77606,41.1817],[28.77617,41.18166],[28.77631,41.18162],[28.77643,41.18155],[28.77653,41.18148],[28.77664,41.18136],[28.77671,41.18125],[28.77676,41.18111],[28.77677,41.18102],[28.77677,41.18091],[28.77676,41.1808],[28.77675,41.18078],[28.77673,41.18073],[28.77669,41.18058],[28.77668,41.18051],[28.77665,41.18035],[28.77664,41.18022]]}},{"type":"Feature","properties":{"sinif":"tertiary","ad":"İsmet İnönü Caddesi"},"geometry":{"type":"LineString","coordinates":[[28.77215,41.18368],[28.77211,41.18365],[28.77209,41.18362],[28.77205,41.18354]]}},{"type":"Feature","properties":{"sinif":"secondary","ad":"Milli Egemenlik Caddesi"},"geometry":{"type":"LineString","coordinates":[[28.77033,41.18084],[28.77023,41.18081],[28.77005,41.1808],[28.76994,41.18081],[28.76977,41.18083],[28.76973,41.18084],[28.76959,41.18087],[28.76945,41.1809],[28.76932,41.18095],[28.76918,41.18101],[28.76905,41.18106],[28.76888,41.18109],[28.76873,41.18111],[28.76858,41.18111],[28.76846,41.1811],[28.76837,41.18109],[28.76821,41.18103],[28.7679,41.18084]]}},{"type":"Feature","properties":{"sinif":"secondary","ad":"Milli Egemenlik Caddesi"},"geometry":{"type":"LineString","coordinates":[[28.77136,41.18086],[28.77148,41.18088],[28.77181,41.18089]]}},{"type":"Feature","properties":{"sinif":"secondary","ad":null},"geometry":{"type":"LineString","coordinates":[[28.77094,41.18091],[28.77084,41.18091],[28.7708,41.18091],[28.7707,41.18092],[28.77051,41.18096]]}},{"type":"Feature","properties":{"sinif":"secondary","ad":null},"geometry":{"type":"LineString","coordinates":[[28.7713,41.18097],[28.77112,41.18094],[28.77094,41.18091]]}},{"type":"Feature","properties":{"sinif":"primary","ad":null},"geometry":{"type":"LineString","coordinates":[[28.77675,41.18021],[28.77674,41.18026],[28.77675,41.1804],[28.77677,41.18047],[28.77679,41.18053],[28.77683,41.18066],[28.77686,41.18073],[28.77687,41.18079],[28.77688,41.18088],[28.77688,41.18102],[28.77686,41.18114],[28.7768,41.18127],[28.77672,41.1814],[28.77663,41.1815],[28.77652,41.18159],[28.7764,41.18167],[28.77624,41.18174],[28.77609,41.18178],[28.77579,41.18189],[28.77565,41.18195],[28.77511,41.18216],[28.77451,41.1824],[28.77403,41.18259],[28.77371,41.18273],[28.77345,41.18285],[28.77312,41.18299]]}},{"type":"Feature","properties":{"sinif":"primary","ad":null},"geometry":{"type":"LineString","coordinates":[[28.77677,41.18005],[28.77676,41.18012],[28.77675,41.18021]]}},{"type":"Feature","properties":{"sinif":"primary","ad":null},"geometry":{"type":"LineString","coordinates":[[28.77664,41.18022],[28.77665,41.18013],[28.77666,41.18006]]}},{"type":"Feature","properties":{"sinif":"primary","ad":null},"geometry":{"type":"LineString","coordinates":[[28.77666,41.18006],[28.77667,41.18001],[28.77672,41.17984],[28.77691,41.17936],[28.77694,41.17927],[28.77694,41.17918],[28.77694,41.17913],[28.77692,41.17908]]}},{"type":"Feature","properties":{"sinif":"tertiary","ad":"İsmet İnönü Caddesi"},"geometry":{"type":"LineString","coordinates":[[28.77432,41.18037],[28.77469,41.18018],[28.7752,41.17999],[28.77556,41.17981],[28.77589,41.17964],[28.77601,41.17957],[28.77661,41.17923]]}},{"type":"Feature","properties":{"sinif":"primary_link","ad":null},"geometry":{"type":"LineString","coordinates":[[28.78755,41.15241],[28.78746,41.15241],[28.78736,41.15242],[28.7873,41.15244],[28.78729,41.15245],[28.78719,41.15249]]}},{"type":"Feature","properties":{"sinif":"trunk","ad":null},"geometry":{"type":"LineString","coordinates":[[28.64313,41.27842],[28.64368,41.2784],[28.64449,41.27837],[28.64493,41.27835],[28.64538,41.27832],[28.64587,41.27828],[28.64654,41.27822],[28.64736,41.27815],[28.64779,41.27809],[28.64809,41.27805],[28.64844,41.27798],[28.64867,41.27792],[28.64903,41.27782],[28.64928,41.27775],[28.64949,41.27767],[28.64966,41.27761],[28.64987,41.27752],[28.65005,41.27745],[28.65025,41.27736],[28.65037,41.2773],[28.65091,41.27705],[28.65178,41.27665],[28.65243,41.27634],[28.6543,41.27548]]}},{"type":"Feature","properties":{"sinif":"secondary_link","ad":null},"geometry":{"type":"LineString","coordinates":[[28.59792,41.23516],[28.59797,41.2352],[28.59803,41.23521],[28.59809,41.23521]]}},{"type":"Feature","properties":{"sinif":"motorway","ad":"Kuzey Marmara Otoyolu"},"geometry":{"type":"LineString","coordinates":[[28.71915,41.24326],[28.71974,41.24326],[28.72111,41.24326]]}},{"type":"Feature","properties":{"sinif":"motorway","ad":"Kuzey Marmara Otoyolu"},"geometry":{"type":"LineString","coordinates":[[28.7098,41.24365],[28.7103,41.24361],[28.71118,41.24352],[28.71229,41.24343],[28.71329,41.24335],[28.7139,41.24331],[28.71435,41.24329],[28.71464,41.24327],[28.71534,41.24326],[28.7163,41.24327],[28.71726,41.24327],[28.71871,41.24327],[28.71915,41.24326]]}},{"type":"Feature","properties":{"sinif":"motorway","ad":"Kuzey Marmara Otoyolu"},"geometry":{"type":"LineString","coordinates":[[28.7186,41.24347],[28.71796,41.24348],[28.71701,41.24351],[28.71552,41.24357],[28.71476,41.24359],[28.71438,41.24361],[28.71316,41.24368],[28.71196,41.24375],[28.71114,41.24379],[28.71049,41.24381]]}},{"type":"Feature","properties":{"sinif":"motorway","ad":"Kuzey Marmara Otoyolu"},"geometry":{"type":"LineString","coordinates":[[28.67071,41.24702],[28.6694,41.24705],[28.66838,41.24709],[28.6676,41.24708],[28.66683,41.24707],[28.66636,41.24705],[28.66558,41.24698],[28.66503,41.24694],[28.6645,41.2469],[28.66412,41.24686],[28.66375,41.24682],[28.66329,41.24676],[28.66282,41.24668],[28.66144,41.24646],[28.66076,41.24634],[28.65977,41.24621],[28.6589,41.24611],[28.65787,41.246],[28.65698,41.24591],[28.65594,41.24577],[28.65542,41.24568],[28.65494,41.2456],[28.65455,41.24552],[28.65405,41.24544],[28.65351,41.24536],[28.65284,41.24527],[28.65165,41.24514],[28.65079,41.24504],[28.65043,41.245],[28.64967,41.24492],[28.64856,41.24484],[28.64802,41.24479],[28.64735,41.24471],[28.64661,41.24459],[28.64582,41.24446],[28.64541,41.24441],[28.64502,41.24437],[28.64468,41.24434],[28.64399,41.2443],[28.64338,41.24424],[28.64257,41.24416],[28.64157,41.24408],[28.6408,41.24403],[28.64021,41.24398],[28.6399,41.24394],[28.63949,41.24386],[28.63901,41.24374],[28.63846,41.2436],[28.63706,41.24321],[28.63595,41.24291],[28.63516,41.24272],[28.63479,41.24263],[28.63443,41.24253],[28.63399,41.24241],[28.63369,41.24231],[28.63327,41.24216],[28.63291,41.24203],[28.63219,41.24175],[28.63132,41.24142],[28.63048,41.24111],[28.62975,41.24083],[28.6291,41.24059],[28.62867,41.24041],[28.62824,41.24019],[28.62756,41.23987],[28.62712,41.23968],[28.62689,41.23958],[28.62653,41.23944],[28.62621,41.2393],[28.626,41.2392],[28.62573,41.23907],[28.62547,41.23893],[28.62433,41.23835],[28.62401,41.23819],[28.62371,41.23803],[28.62327,41.23775],[28.62213,41.237],[28.62142,41.23652],[28.62087,41.23614],[28.62063,41.23598],[28.6204,41.2358],[28.62027,41.23568],[28.62004,41.23547],[28.61981,41.23525],[28.61927,41.23469],[28.61869,41.23404],[28.61826,41.23357]]}},{"type":"Feature","properties":{"sinif":"primary","ad":null},"geometry":{"type":"LineString","coordinates":[[28.65271,41.10938],[28.65312,41.10915],[28.65364,41.10889],[28.65384,41.10876],[28.65421,41.1085],[28.65441,41.10837],[28.65494,41.10796],[28.655,41.10791],[28.65518,41.10773],[28.65551,41.10743],[28.65578,41.1072],[28.65615,41.10687],[28.65645,41.10661],[28.65734,41.1058],[28.65821,41.10503],[28.6586,41.10471],[28.65904,41.10439],[28.65973,41.10399],[28.6604,41.10366],[28.6615,41.10321],[28.66227,41.10293],[28.66249,41.10284],[28.66285,41.1027],[28.66322,41.1025],[28.66355,41.10232],[28.66385,41.10211],[28.66417,41.10188],[28.6644,41.10165],[28.66474,41.10132],[28.66502,41.10097],[28.66541,41.10043],[28.66587,41.0998],[28.6663,41.09925],[28.66652,41.09901],[28.66695,41.09852],[28.66716,41.09829],[28.66728,41.09815]]}},{"type":"Feature","properties":{"sinif":"primary_link","ad":null},"geometry":{"type":"LineString","coordinates":[[28.655,41.10791],[28.65513,41.10798]]}},{"type":"Feature","properties":{"sinif":"tertiary","ad":null},"geometry":{"type":"LineString","coordinates":[[28.65434,41.11142],[28.65464,41.11142],[28.65482,41.11139],[28.65545,41.11127],[28.65583,41.11119],[28.6561,41.11121],[28.65624,41.11131],[28.65655,41.1118],[28.65662,41.11188],[28.65699,41.11233],[28.6575,41.11296],[28.65773,41.11323]]}},{"type":"Feature","properties":{"sinif":"trunk_link","ad":"Terminal 1 Kavşağı"},"geometry":{"type":"LineString","coordinates":[[28.76801,41.24808],[28.76795,41.24795],[28.76791,41.24787],[28.76785,41.24779],[28.76779,41.24771],[28.7677,41.24762],[28.76761,41.24754],[28.76752,41.24747],[28.76736,41.24736],[28.76661,41.24692],[28.76578,41.24642],[28.76525,41.24611]]}},{"type":"Feature","properties":{"sinif":"primary","ad":null},"geometry":{"type":"LineString","coordinates":[[28.76003,41.2507],[28.75998,41.25074],[28.75992,41.25076],[28.75986,41.25077],[28.75979,41.25077],[28.75972,41.25075],[28.75965,41.25071]]}},{"type":"Feature","properties":{"sinif":"secondary","ad":"Hadımköy Caddesi"},"geometry":{"type":"LineString","coordinates":[[28.58951,41.21207],[28.5893,41.21266]]}},{"type":"Feature","properties":{"sinif":"tertiary","ad":null},"geometry":{"type":"LineString","coordinates":[[28.58972,41.2115],[28.58983,41.21153],[28.58993,41.21155],[28.59012,41.21154],[28.59082,41.21141],[28.59183,41.21121],[28.59216,41.2111],[28.59236,41.21098],[28.59254,41.21081],[28.59294,41.21045],[28.59347,41.20997],[28.59364,41.20982],[28.59399,41.20952],[28.59449,41.20909],[28.59482,41.20882],[28.59504,41.20873],[28.59537,41.20864],[28.59598,41.20847],[28.59716,41.20814],[28.59847,41.20777],[28.59909,41.20759],[28.5995,41.20742],[28.60003,41.20715],[28.6005,41.2069],[28.60156,41.20636],[28.60244,41.20585],[28.60293,41.20554],[28.60313,41.20542],[28.60422,41.20467],[28.60525,41.20397],[28.60658,41.20313],[28.60779,41.20235],[28.60868,41.20176]]}},{"type":"Feature","properties":{"sinif":"motorway_link","ad":"Yassıören Kavşağı"},"geometry":{"type":"LineString","coordinates":[[28.59906,41.21811],[28.59924,41.21742]]}},{"type":"Feature","properties":{"sinif":"secondary","ad":"Eski Edirne Asfaltı Caddesi"},"geometry":{"type":"LineString","coordinates":[[28.59779,41.23563],[28.59769,41.23576],[28.59682,41.23698],[28.59544,41.23891],[28.59273,41.24281],[28.59203,41.24379],[28.59195,41.24391],[28.59111,41.24511]]}},{"type":"Feature","properties":{"sinif":"motorway_link","ad":"Yassıören Kavşağı"},"geometry":{"type":"LineString","coordinates":[[28.59818,41.22134],[28.59824,41.22125],[28.59827,41.22118],[28.5983,41.22105],[28.59839,41.22072],[28.59847,41.22044],[28.59858,41.22001],[28.59865,41.21968],[28.5987,41.21951],[28.5988,41.21912],[28.59906,41.21811]]}},{"type":"Feature","properties":{"sinif":"secondary","ad":"Eski Edirne Asfaltı Caddesi"},"geometry":{"type":"LineString","coordinates":[[28.60014,41.23049],[28.60017,41.23037],[28.60025,41.23013],[28.60035,41.22981],[28.60048,41.22943],[28.60076,41.22862]]}},{"type":"Feature","properties":{"sinif":"secondary","ad":"Eski Edirne Asfaltı Caddesi"},"geometry":{"type":"LineString","coordinates":[[28.60076,41.22862],[28.60089,41.22826]]}},{"type":"Feature","properties":{"sinif":"secondary","ad":"Eski Edirne Asfaltı Caddesi"},"geometry":{"type":"LineString","coordinates":[[28.60089,41.22826],[28.60129,41.2271],[28.60228,41.22396],[28.60264,41.22271],[28.60299,41.22158]]}},{"type":"Feature","properties":{"sinif":"secondary","ad":"Eski Edirne Asfaltı Caddesi"},"geometry":{"type":"LineString","coordinates":[[28.60052,41.22976],[28.60043,41.23004],[28.60034,41.23032],[28.60029,41.23051],[28.60024,41.23074],[28.60016,41.23115],[28.60011,41.23134],[28.60008,41.23141],[28.6,41.23158]]}},{"type":"Feature","properties":{"sinif":"secondary","ad":"Eski Edirne Asfaltı Caddesi"},"geometry":{"type":"LineString","coordinates":[[28.60101,41.22839],[28.60089,41.2287]]}},{"type":"Feature","properties":{"sinif":"motorway_link","ad":"Terminal 2 Kavşağı"},"geometry":{"type":"LineString","coordinates":[[28.739,41.24723],[28.739,41.24709],[28.739,41.24693],[28.73899,41.24665],[28.73896,41.24629]]}},{"type":"Feature","properties":{"sinif":"trunk_link","ad":"Terminal 2 Kavşağı"},"geometry":{"type":"LineString","coordinates":[[28.73884,41.24723],[28.73881,41.24708],[28.73873,41.24678],[28.7386,41.24629]]}},{"type":"Feature","properties":{"sinif":"trunk_link","ad":"Terminal 2 Kavşağı"},"geometry":{"type":"LineString","coordinates":[[28.75733,41.2453],[28.75703,41.2453],[28.75673,41.24532],[28.75637,41.24534],[28.75595,41.24538],[28.75474,41.24549],[28.75408,41.24556],[28.75337,41.24562],[28.75265,41.24569],[28.75203,41.24575],[28.75124,41.24583],[28.7504,41.2459],[28.74925,41.24602],[28.74893,41.24605],[28.74864,41.24608],[28.74848,41.24611],[28.74833,41.24614],[28.74813,41.2462],[28.74796,41.24627],[28.74777,41.24636],[28.7476,41.24645],[28.74741,41.24658],[28.74728,41.2467],[28.74714,41.24683],[28.74703,41.24696],[28.74695,41.24708],[28.74689,41.24717],[28.74683,41.2473],[28.74678,41.24745],[28.74675,41.24755],[28.74673,41.24764],[28.74671,41.24784],[28.74671,41.24801],[28.7467,41.24819]]}},{"type":"Feature","properties":{"sinif":"primary","ad":"Terminal Caddesi"},"geometry":{"type":"LineString","coordinates":[[28.74651,41.25786],[28.74656,41.25805],[28.74661,41.25825],[28.74662,41.25832],[28.74661,41.25836],[28.74659,41.25841]]}},{"type":"Feature","properties":{"sinif":"primary","ad":"Terminal Caddesi"},"geometry":{"type":"LineString","coordinates":[[28.74646,41.25533],[28.74645,41.25603],[28.74645,41.25642],[28.74645,41.25684],[28.74645,41.25703]]}},{"type":"Feature","properties":{"sinif":"primary","ad":"Vecihi Hürkuş Caddesi"},"geometry":{"type":"LineString","coordinates":[[28.72964,41.24776],[28.72981,41.24781],[28.72994,41.24784],[28.73007,41.24786],[28.73021,41.24787],[28.73062,41.24787],[28.73106,41.24786],[28.73192,41.24785],[28.7322,41.24785],[28.73526,41.24781],[28.73634,41.24779],[28.73742,41.24779],[28.73815,41.2478],[28.7391,41.24779],[28.73939,41.24778],[28.7396,41.24778],[28.73992,41.2478],[28.74019,41.24783],[28.74051,41.24788],[28.74089,41.24794],[28.74126,41.24803],[28.74194,41.24821],[28.74278,41.24843],[28.74314,41.24853],[28.7434,41.24859],[28.74365,41.24863],[28.74385,41.24866],[28.74407,41.24869],[28.74427,41.24871],[28.74447,41.24872],[28.74472,41.24873],[28.74484,41.24873],[28.74497,41.24871],[28.74509,41.24868],[28.74516,41.24865],[28.74522,41.24862]]}},{"type":"Feature","properties":{"sinif":"trunk_link","ad":null},"geometry":{"type":"LineString","coordinates":[[28.72694,41.24607],[28.72648,41.24605],[28.7259,41.24599],[28.72541,41.24592],[28.72512,41.24587],[28.7246,41.24579],[28.72437,41.24577],[28.72406,41.24574],[28.72389,41.24574],[28.72371,41.24573],[28.72338,41.24572],[28.72277,41.24574],[28.72256,41.24574],[28.72244,41.24573],[28.72236,41.24572],[28.72227,41.24569],[28.72217,41.24565],[28.72209,41.2456],[28.72201,41.24553],[28.72196,41.24547],[28.72193,41.24542],[28.72189,41.24536],[28.72188,41.24529],[28.72187,41.24522],[28.72188,41.24513],[28.72191,41.24508],[28.72196,41.24498],[28.72201,41.24488],[28.72208,41.24483],[28.72217,41.24478],[28.72229,41.24473],[28.72243,41.2447],[28.72254,41.2447],[28.72263,41.2447],[28.72276,41.24471],[28.72294,41.24477],[28.72327,41.24494],[28.72379,41.24519],[28.72408,41.24531],[28.72424,41.24536],[28.72443,41.24543],[28.72456,41.24546],[28.72477,41.24551],[28.72491,41.24554],[28.72503,41.24556],[28.72539,41.24563],[28.72588,41.24577]]}},{"type":"Feature","properties":{"sinif":"primary","ad":"Vecihi Hürkuş Caddesi"},"geometry":{"type":"LineString","coordinates":[[28.74523,41.24892],[28.74512,41.24889],[28.74499,41.24886],[28.74486,41.24885],[28.74473,41.24885],[28.74456,41.24884],[28.74439,41.24883],[28.74415,41.24882],[28.7439,41.24879],[28.74373,41.24877],[28.74355,41.24874],[28.74339,41.24871],[28.74308,41.24864],[28.7426,41.24851],[28.74195,41.24834],[28.74153,41.24824],[28.74108,41.24812],[28.74092,41.24808],[28.74069,41.24803],[28.7404,41.24798],[28.74014,41.24795],[28.73986,41.24792],[28.73958,41.2479],[28.73925,41.2479],[28.73816,41.24791],[28.73729,41.24791]]}},{"type":"Feature","properties":{"sinif":"motorway_link","ad":"Tayakadın Kavşağı"},"geometry":{"type":"LineString","coordinates":[[28.67754,41.24868],[28.67747,41.24881],[28.67739,41.24897],[28.67733,41.24911],[28.67728,41.24927],[28.67724,41.24942],[28.67721,41.24958],[28.6772,41.24976],[28.67719,41.24997],[28.67719,41.25023],[28.67721,41.25061],[28.67722,41.2509],[28.67725,41.25118],[28.67728,41.25144],[28.67733,41.25171],[28.67739,41.25194],[28.67745,41.25211],[28.67753,41.25232]]}},{"type":"Feature","properties":{"sinif":"trunk_link","ad":null},"geometry":{"type":"LineString","coordinates":[[28.7506,41.17512],[28.75035,41.17533],[28.74994,41.17558],[28.74976,41.17569],[28.74952,41.1758],[28.74915,41.17594],[28.7489,41.17604],[28.74878,41.17611],[28.74869,41.17617],[28.74856,41.17627],[28.74839,41.17646],[28.7482,41.17666]]}},{"type":"Feature","properties":{"sinif":"primary","ad":"Eski Edirne Asfaltı Caddesi"},"geometry":{"type":"LineString","coordinates":[[28.7482,41.17666],[28.7481,41.17687],[28.74798,41.17711],[28.74772,41.17761],[28.74764,41.17774],[28.74756,41.17785],[28.74746,41.178]]}},{"type":"Feature","properties":{"sinif":"trunk_link","ad":null},"geometry":{"type":"LineString","coordinates":[[28.74816,41.17659],[28.74818,41.17643],[28.74818,41.17635],[28.74815,41.17629],[28.7481,41.17625],[28.74802,41.17622],[28.74794,41.17621],[28.74781,41.1762],[28.74752,41.1762],[28.74729,41.17622],[28.74703,41.17626],[28.74695,41.17627],[28.7465,41.17634],[28.74629,41.17639],[28.74608,41.17645],[28.7459,41.17649]]}},{"type":"Feature","properties":{"sinif":"primary_link","ad":null},"geometry":{"type":"LineString","coordinates":[[28.70601,41.18321],[28.70607,41.18318],[28.70614,41.18315],[28.70622,41.18314],[28.70631,41.18314],[28.7064,41.18317],[28.70646,41.18319],[28.70651,41.18322],[28.70655,41.18325]]}},{"type":"Feature","properties":{"sinif":"secondary","ad":null},"geometry":{"type":"LineString","coordinates":[[28.71327,41.18332],[28.71322,41.18335],[28.71312,41.18338],[28.71308,41.1834],[28.71303,41.18344]]}},{"type":"Feature","properties":{"sinif":"secondary","ad":null},"geometry":{"type":"LineString","coordinates":[[28.71303,41.18344],[28.71295,41.18338],[28.71289,41.18336],[28.71283,41.18334]]}},{"type":"Feature","properties":{"sinif":"trunk","ad":"Eski Edirne Asfaltı Caddesi"},"geometry":{"type":"LineString","coordinates":[[28.70784,41.18339],[28.70853,41.18338],[28.70946,41.18336],[28.71026,41.18334],[28.71105,41.18331],[28.71147,41.1833],[28.71163,41.18329],[28.71275,41.18325],[28.71308,41.18323],[28.71341,41.18323],[28.71371,41.18322],[28.71491,41.1832],[28.71538,41.18319],[28.7163,41.18318],[28.71704,41.18317],[28.71782,41.18314]]}},{"type":"Feature","properties":{"sinif":"primary_link","ad":null},"geometry":{"type":"LineString","coordinates":[[28.70636,41.18275],[28.70657,41.18298],[28.70668,41.18309],[28.70678,41.18316],[28.70686,41.1832],[28.70704,41.18328],[28.70722,41.18333],[28.7074,41.18336],[28.70784,41.18339]]}},{"type":"Feature","properties":{"sinif":"primary","ad":"Maltepe Caddesi"},"geometry":{"type":"LineString","coordinates":[[28.70343,41.18788],[28.70325,41.18815],[28.7032,41.18825],[28.70317,41.18833],[28.70314,41.18841],[28.70313,41.1885],[28.70293,41.18971],[28.70293,41.18988],[28.70291,41.19016],[28.70289,41.1907],[28.70289,41.1908],[28.70288,41.19217],[28.70287,41.19363],[28.70288,41.19455],[28.70287,41.19505],[28.70287,41.19578],[28.70287,41.196],[28.70291,41.19642],[28.70294,41.1967],[28.70298,41.19692],[28.70305,41.19727],[28.70312,41.19753],[28.70319,41.19777],[28.70329,41.19809],[28.70349,41.19856],[28.7037,41.19898],[28.70382,41.19928],[28.70386,41.19936],[28.70411,41.19986],[28.7042,41.19999],[28.70433,41.20013]]}},{"type":"Feature","properties":{"sinif":"primary","ad":"Maltepe Caddesi"},"geometry":{"type":"LineString","coordinates":[[28.70413,41.20028],[28.7041,41.20023],[28.70406,41.20014],[28.70403,41.20002],[28.70388,41.19967],[28.7037,41.19929],[28.7036,41.19907],[28.7035,41.19887],[28.70334,41.19846],[28.70323,41.19821],[28.70316,41.19803],[28.70308,41.19781],[28.70301,41.19756],[28.70295,41.19736],[28.70291,41.19717],[28.70284,41.19681],[28.70281,41.19659],[28.70278,41.19634],[28.70276,41.1961],[28.70276,41.19587],[28.70276,41.19563],[28.70276,41.19516],[28.70276,41.19402],[28.70276,41.19305],[28.70276,41.19298],[28.70278,41.19194],[28.70278,41.19182],[28.70279,41.1911],[28.70279,41.19038],[28.70279,41.19016],[28.70279,41.18997],[28.70281,41.1898],[28.70284,41.18954],[28.7029,41.18921],[28.70295,41.18886],[28.703,41.18849]]}},{"type":"Feature","properties":{"sinif":"secondary","ad":null},"geometry":{"type":"LineString","coordinates":[[28.70464,41.18343],[28.70333,41.18345],[28.70322,41.18344],[28.70314,41.18344],[28.703,41.18342]]}},{"type":"Feature","properties":{"sinif":"secondary","ad":"Eski Edirne Asfaltı Caddesi"},"geometry":{"type":"LineString","coordinates":[[28.6771,41.18703],[28.67706,41.18711],[28.6769,41.18737],[28.67675,41.18761],[28.67642,41.18816],[28.67591,41.1891],[28.67562,41.18952],[28.67552,41.18966],[28.67519,41.19018],[28.67503,41.1904],[28.67482,41.19063],[28.67462,41.19084],[28.67438,41.19104],[28.67417,41.19119],[28.67393,41.19132],[28.67262,41.19199],[28.67221,41.19219],[28.67202,41.1923],[28.67189,41.19238],[28.67175,41.19248],[28.67162,41.19259],[28.67148,41.19272],[28.67128,41.19294],[28.67117,41.19305],[28.67096,41.19321],[28.67078,41.19333],[28.67065,41.19339],[28.67049,41.19345],[28.67039,41.19347],[28.67027,41.19349],[28.6701,41.19349],[28.66998,41.19349],[28.66983,41.19345],[28.6697,41.19341],[28.66957,41.19334],[28.66938,41.19323],[28.66764,41.19218],[28.6666,41.19155],[28.66584,41.19109],[28.66236,41.18898],[28.66112,41.18825],[28.66088,41.18812],[28.66072,41.18804],[28.66057,41.18798],[28.66036,41.18791],[28.66007,41.18786],[28.65984,41.18783],[28.65949,41.18783]]}},{"type":"Feature","properties":{"sinif":"secondary","ad":null},"geometry":{"type":"LineString","coordinates":[[28.703,41.18342],[28.70317,41.18339],[28.70321,41.18339],[28.70409,41.18337],[28.70471,41.18336]]}},{"type":"Feature","properties":{"sinif":"secondary_link","ad":null},"geometry":{"type":"LineString","coordinates":[[28.70501,41.18462],[28.70503,41.18452],[28.70507,41.18444],[28.7051,41.1844],[28.70524,41.18425],[28.70537,41.18411],[28.70544,41.18404],[28.70552,41.18396],[28.70558,41.1839],[28.7056,41.18385],[28.70561,41.18379],[28.70561,41.18373],[28.70558,41.18368],[28.70553,41.18363],[28.70546,41.18358],[28.70538,41.18353],[28.70525,41.18349],[28.70515,41.18348],[28.70502,41.18347],[28.70471,41.18345],[28.70464,41.18343]]}},{"type":"Feature","properties":{"sinif":"secondary_link","ad":null},"geometry":{"type":"LineString","coordinates":[[28.70471,41.18336],[28.70481,41.18332],[28.7049,41.18331],[28.70534,41.1833],[28.70545,41.1833],[28.7056,41.18326],[28.70578,41.1832],[28.70591,41.18315],[28.70597,41.1831],[28.70602,41.18305],[28.70608,41.18299],[28.7061,41.18294],[28.70613,41.18289],[28.70614,41.18281],[28.70614,41.18269],[28.70611,41.1826],[28.70608,41.18249]]}},{"type":"Feature","properties":{"sinif":"primary_link","ad":null},"geometry":{"type":"LineString","coordinates":[[28.70776,41.18349],[28.70752,41.1835],[28.70732,41.18351],[28.70719,41.18351],[28.70706,41.18353],[28.70693,41.18356],[28.70685,41.18358],[28.70673,41.18362],[28.70661,41.18368],[28.70646,41.18377],[28.70624,41.18387],[28.70623,41.18387],[28.70608,41.18393],[28.70594,41.18401],[28.70587,41.18403],[28.70578,41.18405]]}},{"type":"Feature","properties":{"sinif":"primary","ad":"Vecihi Hürkuş Caddesi"},"geometry":{"type":"LineString","coordinates":[[28.7505,41.24761],[28.75031,41.24768],[28.74982,41.24785],[28.74907,41.24812],[28.74907,41.24812],[28.74859,41.24827],[28.74825,41.24837],[28.7478,41.24848],[28.74744,41.24856],[28.7471,41.24862],[28.74686,41.24866],[28.74627,41.24874],[28.74616,41.24875],[28.74604,41.24878],[28.74592,41.24881],[28.74581,41.24886],[28.74569,41.24894]]}},{"type":"Feature","properties":{"sinif":"trunk_link","ad":"Terminal 2 Kavşağı"},"geometry":{"type":"LineString","coordinates":[[28.7371,41.24419],[28.73697,41.24415],[28.73681,41.24411],[28.73663,41.24408],[28.73638,41.24404],[28.73618,41.24402],[28.73597,41.24399],[28.73569,41.24397],[28.73539,41.24395],[28.73513,41.24394],[28.73482,41.24394],[28.73457,41.24394],[28.73425,41.24395],[28.73398,41.24397],[28.73374,41.24399],[28.73335,41.24404],[28.7331,41.24408],[28.73293,41.24411],[28.73278,41.24416],[28.73263,41.24423],[28.73252,41.24431],[28.73246,41.24435],[28.73238,41.24443],[28.7323,41.24452],[28.73224,41.24462],[28.73219,41.24473],[28.73217,41.24484],[28.73217,41.24496],[28.7322,41.24509],[28.73224,41.24521],[28.73231,41.24532],[28.7324,41.24542],[28.73249,41.24551],[28.7326,41.24558],[28.73272,41.24565],[28.73284,41.24569],[28.73296,41.24573],[28.7331,41.24576],[28.73323,41.24577],[28.73338,41.24578],[28.73354,41.24578],[28.73367,41.24577],[28.73383,41.24576],[28.73402,41.24575],[28.73424,41.24576],[28.73446,41.24578]]}},{"type":"Feature","properties":{"sinif":"primary","ad":"Tayakadın Bağlantı Yolu"},"geometry":{"type":"LineString","coordinates":[[28.68901,41.26101],[28.68839,41.26079],[28.68763,41.26052],[28.68725,41.26039],[28.68669,41.26017],[28.68603,41.25989],[28.6856,41.25972],[28.68532,41.25961],[28.68461,41.25933],[28.68429,41.2592],[28.68371,41.25894],[28.68321,41.25869],[28.68303,41.2586]]}},{"type":"Feature","properties":{"sinif":"trunk","ad":"Eski Edirne Asfaltı Caddesi"},"geometry":{"type":"LineString","coordinates":[[28.79468,41.14553],[28.79427,41.14575],[28.79387,41.14598],[28.79354,41.14617],[28.79334,41.14629],[28.79312,41.14642],[28.79293,41.14655],[28.79276,41.14666],[28.79226,41.14701],[28.79198,41.14722],[28.79146,41.1476],[28.79099,41.14797],[28.79097,41.14798],[28.79069,41.1482],[28.7904,41.14841],[28.79021,41.14856],[28.79009,41.14864],[28.79004,41.14869],[28.78965,41.14898],[28.78926,41.14928],[28.78881,41.14962],[28.7886,41.14978],[28.78847,41.14988],[28.7883,41.15002],[28.78819,41.15013],[28.78807,41.15027],[28.78798,41.15038],[28.78787,41.15054],[28.78778,41.15069],[28.7877,41.15083],[28.78745,41.15134],[28.78726,41.15172],[28.78723,41.15181],[28.7872,41.15187],[28.78712,41.15211],[28.78711,41.15216],[28.78708,41.15227]]}},{"type":"Feature","properties":{"sinif":"primary","ad":"IGA-1B"},"geometry":{"type":"LineString","coordinates":[[28.76004,41.25046],[28.76014,41.2505],[28.76026,41.25053],[28.76039,41.25054],[28.76074,41.25054],[28.76108,41.25055],[28.76267,41.25056],[28.76327,41.25057],[28.76399,41.25057],[28.76435,41.25058],[28.76532,41.2506],[28.76589,41.2506],[28.76602,41.2506],[28.76623,41.25058],[28.76642,41.25056],[28.76657,41.25052],[28.7667,41.25049],[28.76684,41.25044],[28.76704,41.25036],[28.76718,41.2503],[28.76729,41.25024],[28.76739,41.25018],[28.76752,41.25009],[28.76765,41.24999],[28.76775,41.24989],[28.76785,41.24978],[28.76795,41.24964],[28.76801,41.24955],[28.76804,41.24948]]}},{"type":"Feature","properties":{"sinif":"trunk_link","ad":null},"geometry":{"type":"LineString","coordinates":[[28.72295,41.18383],[28.72247,41.18373],[28.72214,41.18363],[28.72181,41.18352],[28.72155,41.18344],[28.7214,41.18339],[28.72125,41.18335],[28.721,41.18331],[28.72066,41.18328]]}},{"type":"Feature","properties":{"sinif":"trunk_link","ad":null},"geometry":{"type":"LineString","coordinates":[[28.72347,41.18375],[28.7237,41.18377],[28.72383,41.18378],[28.72397,41.18376],[28.72408,41.18373],[28.72416,41.18367],[28.72419,41.18364],[28.72422,41.18362],[28.72427,41.18358],[28.72437,41.18349],[28.72453,41.18341],[28.72467,41.1834],[28.72476,41.18341],[28.72489,41.18347],[28.72501,41.18358],[28.72507,41.1837],[28.7251,41.18391],[28.72508,41.18416],[28.72506,41.18435],[28.72508,41.18456],[28.72509,41.18473],[28.72511,41.18485],[28.72515,41.18494]]}},{"type":"Feature","properties":{"sinif":"trunk_link","ad":null},"geometry":{"type":"LineString","coordinates":[[28.74648,41.17614],[28.74657,41.17607],[28.74673,41.176],[28.74694,41.17597],[28.7471,41.17593],[28.74725,41.17587],[28.74738,41.17576],[28.74745,41.17564],[28.74754,41.1755],[28.74763,41.17539],[28.74773,41.17532],[28.7478,41.17529],[28.7479,41.17526],[28.74801,41.17525],[28.74813,41.17527],[28.74826,41.17531],[28.74836,41.17538],[28.74842,41.17543],[28.74845,41.17545],[28.74851,41.17556],[28.74854,41.17564],[28.74856,41.17573],[28.74855,41.17585],[28.74854,41.17592],[28.74849,41.17609],[28.74846,41.17616],[28.7482,41.17666]]}},{"type":"Feature","properties":{"sinif":"trunk_link","ad":null},"geometry":{"type":"LineString","coordinates":[[28.74816,41.17659],[28.74824,41.17643],[28.74832,41.1763],[28.74837,41.17617],[28.7484,41.17609],[28.74843,41.17588],[28.74844,41.17574],[28.74843,41.17565],[28.74839,41.17555],[28.74832,41.17547],[28.74823,41.1754],[28.74812,41.17534],[28.74801,41.17533],[28.74792,41.17533],[28.74782,41.17536],[28.74772,41.17542],[28.74766,41.1755],[28.74765,41.17557],[28.74764,41.17565],[28.74768,41.17573],[28.74774,41.17578],[28.74783,41.17582],[28.74796,41.17585],[28.74811,41.17586],[28.74826,41.17585],[28.74841,41.17589]]}},{"type":"Feature","properties":{"sinif":"primary","ad":"Fatih Caddesi"},"geometry":{"type":"LineString","coordinates":[[28.70964,41.21695],[28.70968,41.21678],[28.70976,41.21659],[28.70985,41.21634],[28.71042,41.21539],[28.71104,41.21431],[28.7114,41.21364],[28.71188,41.21281],[28.71197,41.21263],[28.71207,41.21247],[28.71217,41.21231],[28.71225,41.2122],[28.71237,41.21203],[28.71252,41.21188],[28.71261,41.2118],[28.71272,41.21169],[28.71318,41.21134]]}},{"type":"Feature","properties":{"sinif":"secondary","ad":"Atatürk Caddesi"},"geometry":{"type":"LineString","coordinates":[[28.71504,41.1987],[28.715,41.19878],[28.71499,41.19887],[28.71497,41.19915],[28.71498,41.19919],[28.71499,41.19933],[28.71505,41.19953],[28.71517,41.19987],[28.71526,41.20011],[28.71574,41.20109],[28.71583,41.20132],[28.71593,41.20155],[28.71601,41.20192],[28.71603,41.20207],[28.71606,41.20243],[28.71607,41.20246],[28.7161,41.20268],[28.71613,41.20295],[28.71614,41.20297]]}},{"type":"Feature","properties":{"sinif":"secondary","ad":"Atatürk Caddesi"},"geometry":{"type":"LineString","coordinates":[[28.71588,41.20316],[28.71583,41.20314],[28.71575,41.20309],[28.71572,41.20303],[28.7157,41.20292],[28.71573,41.20277],[28.71577,41.20266],[28.71577,41.20264],[28.71583,41.20253],[28.71587,41.20245],[28.71589,41.20232],[28.71589,41.20218],[28.71588,41.20209],[28.71583,41.20171],[28.71578,41.20147],[28.71574,41.20136],[28.71562,41.20112],[28.71559,41.20105],[28.71542,41.2007],[28.71512,41.20005],[28.71507,41.19989],[28.71506,41.19986],[28.71496,41.19955],[28.71493,41.19949],[28.71488,41.19934],[28.71478,41.19919],[28.71466,41.1991],[28.71454,41.19901],[28.71439,41.19892],[28.7143,41.19887],[28.71408,41.19877]]}},{"type":"Feature","properties":{"sinif":"secondary_link","ad":null},"geometry":{"type":"LineString","coordinates":[[28.72584,41.19186],[28.72596,41.19188]]}},{"type":"Feature","properties":{"sinif":"trunk_link","ad":null},"geometry":{"type":"LineString","coordinates":[[28.79519,41.14534],[28.79491,41.14545],[28.79468,41.14553]]}},{"type":"Feature","properties":{"sinif":"trunk","ad":"Eski Edirne Asfaltı Caddesi"},"geometry":{"type":"LineString","coordinates":[[28.79695,41.14428],[28.79671,41.14441],[28.79617,41.14471],[28.79577,41.14492],[28.79535,41.14516],[28.79518,41.14525],[28.79468,41.14553]]}},{"type":"Feature","properties":{"sinif":"primary_link","ad":null},"geometry":{"type":"LineString","coordinates":[[28.73917,41.1863],[28.73903,41.18634],[28.7389,41.18636],[28.73859,41.18639]]}},{"type":"Feature","properties":{"sinif":"primary","ad":"Fatih Caddesi"},"geometry":{"type":"LineString","coordinates":[[28.7141,41.21078],[28.71393,41.2109],[28.71285,41.21173],[28.71273,41.21184],[28.71265,41.21191],[28.7125,41.21207],[28.71244,41.21214],[28.71229,41.21233],[28.7121,41.21266],[28.71187,41.21305],[28.71135,41.21395],[28.7107,41.2151],[28.71018,41.21601],[28.71002,41.21628],[28.70996,41.21643],[28.70981,41.21687],[28.70975,41.21706],[28.70963,41.21742],[28.70946,41.21822],[28.70942,41.21844],[28.70908,41.21944],[28.7087,41.2206],[28.70838,41.2215],[28.70829,41.22175],[28.70822,41.22203],[28.7082,41.22223],[28.70817,41.2227],[28.70816,41.2229],[28.70813,41.22301],[28.70804,41.22319],[28.70789,41.22345],[28.70768,41.22384],[28.70755,41.22414],[28.7074,41.22464],[28.70727,41.22504],[28.70712,41.22562],[28.70702,41.22593],[28.70691,41.22619],[28.70673,41.22644],[28.70648,41.22677],[28.70592,41.22747],[28.70551,41.22797],[28.70496,41.22859],[28.70386,41.22973],[28.70377,41.22982],[28.70353,41.23007],[28.70347,41.23013],[28.70327,41.23033],[28.70301,41.23055],[28.7021,41.23123],[28.70091,41.23211],[28.70051,41.2324],[28.70019,41.2327],[28.69996,41.23304],[28.6998,41.23336],[28.69967,41.23366],[28.69964,41.23376],[28.69955,41.23396],[28.69952,41.2341],[28.69948,41.2342],[28.69941,41.23435],[28.69934,41.23446],[28.69923,41.23458]]}},{"type":"Feature","properties":{"sinif":"trunk_link","ad":"Tayakadın 1 Kavşağı"},"geometry":{"type":"LineString","coordinates":[[28.67671,41.26149],[28.67695,41.2613],[28.67744,41.26098],[28.67792,41.26065],[28.67853,41.26021],[28.67912,41.25982],[28.67931,41.25968],[28.67946,41.25957],[28.67959,41.25946],[28.67975,41.25931],[28.67986,41.2592]]}},{"type":"Feature","properties":{"sinif":"motorway_link","ad":"Tayakadın Kavşağı"},"geometry":{"type":"LineString","coordinates":[[28.67829,41.25388],[28.67793,41.25337],[28.67779,41.25317],[28.67772,41.25307],[28.67764,41.25294],[28.67751,41.25273],[28.67734,41.25245]]}},{"type":"Feature","properties":{"sinif":"motorway_link","ad":"Tayakadın Kavşağı"},"geometry":{"type":"LineString","coordinates":[[28.68801,41.2455],[28.68776,41.24559],[28.68751,41.24565],[28.68723,41.24567],[28.68652,41.24574],[28.68624,41.24576],[28.68596,41.24579],[28.68557,41.24585],[28.6852,41.24591],[28.68482,41.24596],[28.68448,41.24602],[28.68414,41.24608],[28.68375,41.24616],[28.68336,41.24624],[28.68282,41.24636],[28.68227,41.24649],[28.68174,41.24663],[28.68115,41.2468],[28.68057,41.24698],[28.68001,41.24717],[28.67954,41.24733],[28.67909,41.2475],[28.67891,41.24759],[28.67874,41.24767],[28.67857,41.24777],[28.67841,41.24787],[28.67827,41.24797],[28.67814,41.24807],[28.678,41.2482],[28.67791,41.2483],[28.67783,41.24838],[28.6777,41.24852],[28.67762,41.24861],[28.67754,41.24868]]}},{"type":"Feature","properties":{"sinif":"primary","ad":"Tayakadın Bağlantı Yolu"},"geometry":{"type":"LineString","coordinates":[[28.68035,41.25638],[28.68065,41.25669],[28.68098,41.25699],[28.68119,41.25718],[28.6814,41.25735],[28.68152,41.25745]]}},{"type":"Feature","properties":{"sinif":"primary","ad":"Tayakadın Bağlantı Yolu"},"geometry":{"type":"LineString","coordinates":[[28.67915,41.25476],[28.67923,41.25492],[28.67931,41.25505],[28.67961,41.25548],[28.67986,41.25581],[28.68,41.256],[28.68021,41.25624],[28.68035,41.25638]]}},{"type":"Feature","properties":{"sinif":"primary","ad":"Tayakadın Bağlantı Yolu"},"geometry":{"type":"LineString","coordinates":[[28.68037,41.2566],[28.6802,41.25642],[28.68004,41.25624],[28.67989,41.25607],[28.67976,41.25591],[28.67951,41.25557],[28.67927,41.25524],[28.6792,41.25515],[28.67908,41.255]]}},{"type":"Feature","properties":{"sinif":"primary","ad":"Tayakadın Bağlantı Yolu"},"geometry":{"type":"LineString","coordinates":[[28.6814,41.25751],[28.68119,41.25735],[28.6809,41.2571],[28.68037,41.2566]]}},{"type":"Feature","properties":{"sinif":"trunk_link","ad":"Tayakadın 1 Kavşağı"},"geometry":{"type":"LineString","coordinates":[[28.68256,41.25861],[28.68224,41.25878],[28.68182,41.25901],[28.68162,41.25912],[28.6814,41.25922],[28.68105,41.25936],[28.68084,41.25944],[28.68063,41.25951],[28.68036,41.25961],[28.68019,41.25967],[28.68,41.25973],[28.67982,41.25977]]}},{"type":"Feature","properties":{"sinif":"trunk_link","ad":null},"geometry":{"type":"LineString","coordinates":[[28.69938,41.24859],[28.6989,41.249],[28.69863,41.24923],[28.69845,41.24937],[28.69831,41.24946],[28.69815,41.24955]]}},{"type":"Feature","properties":{"sinif":"primary_link","ad":null},"geometry":{"type":"LineString","coordinates":[[28.70769,41.22312],[28.70776,41.22305],[28.70785,41.223],[28.70793,41.22301],[28.70798,41.22304],[28.70801,41.22308],[28.70804,41.22319]]}},{"type":"Feature","properties":{"sinif":"primary_link","ad":null},"geometry":{"type":"LineString","coordinates":[[28.70817,41.2227],[28.70811,41.2228],[28.70803,41.22285],[28.70795,41.22284],[28.70789,41.22281],[28.70786,41.22276],[28.70785,41.22264]]}},{"type":"Feature","properties":{"sinif":"primary","ad":"Fatih Caddesi"},"geometry":{"type":"LineString","coordinates":[[28.69884,41.23457],[28.69888,41.23444],[28.69895,41.23427],[28.699,41.23417],[28.69909,41.23402],[28.69926,41.23381],[28.6994,41.23362],[28.69961,41.23333],[28.69983,41.23301],[28.70006,41.23268],[28.70027,41.23244],[28.70042,41.2323],[28.70059,41.23218]]}},{"type":"Feature","properties":{"sinif":"primary_link","ad":null},"geometry":{"type":"LineString","coordinates":[[28.69955,41.23396],[28.69947,41.2341],[28.69941,41.23415],[28.69933,41.23416],[28.69926,41.23415],[28.69921,41.23412],[28.69918,41.23407],[28.69916,41.23403],[28.69917,41.234],[28.6992,41.23394],[28.69923,41.23388],[28.69926,41.23381]]}},{"type":"Feature","properties":{"sinif":"primary_link","ad":null},"geometry":{"type":"LineString","coordinates":[[28.69884,41.23457],[28.69894,41.23443],[28.699,41.23436],[28.69905,41.2343],[28.69911,41.23429],[28.69916,41.23429],[28.6992,41.23431],[28.69924,41.23434],[28.69927,41.23437],[28.69927,41.23441],[28.69927,41.23446],[28.69925,41.23452],[28.69923,41.23458]]}},{"type":"Feature","properties":{"sinif":"trunk","ad":null},"geometry":{"type":"LineString","coordinates":[[28.70545,41.24558],[28.70637,41.24545],[28.70728,41.24531],[28.70997,41.24491],[28.71249,41.24454],[28.71365,41.24436],[28.71412,41.2443],[28.71449,41.24427],[28.71484,41.24424],[28.7153,41.24422],[28.71563,41.2442],[28.71598,41.2442],[28.71634,41.2442],[28.71673,41.24422],[28.71723,41.24425],[28.71774,41.2443],[28.7183,41.24438],[28.7188,41.24447],[28.72003,41.24469]]}},{"type":"Feature","properties":{"sinif":"motorway_link","ad":null},"geometry":{"type":"LineString","coordinates":[[28.73027,41.24361],[28.72948,41.24361],[28.72829,41.24361],[28.72773,41.24361],[28.7272,41.2436],[28.72664,41.24356],[28.72622,41.2435]]}},{"type":"Feature","properties":{"sinif":"motorway_link","ad":"Kargo Kavşağı"},"geometry":{"type":"LineString","coordinates":[[28.77924,41.24154],[28.77881,41.24159],[28.77851,41.24163],[28.77818,41.24166],[28.77791,41.24169],[28.7776,41.24171],[28.77732,41.24173],[28.77705,41.24175],[28.77679,41.24176],[28.77632,41.24177],[28.77569,41.24179],[28.77472,41.24181],[28.77395,41.24184]]}},{"type":"Feature","properties":{"sinif":"motorway_link","ad":"Terminal 1 Kavşağı"},"geometry":{"type":"LineString","coordinates":[[28.77395,41.24184],[28.77353,41.24183],[28.77309,41.24184],[28.77275,41.24184],[28.7724,41.24185],[28.77195,41.24187],[28.7715,41.24189],[28.77122,41.24191],[28.77077,41.24194],[28.77023,41.24198],[28.76978,41.24202],[28.76933,41.24206],[28.76895,41.2421],[28.76809,41.2422],[28.76737,41.24229],[28.76698,41.24234],[28.76659,41.24239],[28.76588,41.24248],[28.7655,41.24253]]}},{"type":"Feature","properties":{"sinif":"trunk_link","ad":"Kargo Kavşağı"},"geometry":{"type":"LineString","coordinates":[[28.78177,41.24381],[28.78123,41.2439],[28.78045,41.24404],[28.77991,41.24413],[28.77903,41.24428],[28.77796,41.24447]]}},{"type":"Feature","properties":{"sinif":"trunk_link","ad":"Terminal 1 Kavşağı"},"geometry":{"type":"LineString","coordinates":[[28.76879,41.24484],[28.76904,41.24484],[28.76929,41.24483],[28.7697,41.24482],[28.77014,41.2448],[28.77076,41.24477],[28.77129,41.24473],[28.77153,41.24471],[28.77177,41.24469]]}},{"type":"Feature","properties":{"sinif":"trunk_link","ad":"Terminal 2 Kavşağı"},"geometry":{"type":"LineString","coordinates":[[28.76384,41.24537],[28.7606,41.2453]]}},{"type":"Feature","properties":{"sinif":"motorway_link","ad":"Terminal 1 Kavşağı"},"geometry":{"type":"LineString","coordinates":[[28.76553,41.24182],[28.76607,41.24175],[28.76662,41.24168],[28.76699,41.24163],[28.76737,41.24159],[28.76804,41.2415],[28.76875,41.24141],[28.76961,41.24133],[28.77001,41.24129],[28.7704,41.24126],[28.77079,41.24123],[28.77116,41.24121],[28.77163,41.24118],[28.77223,41.24112]]}},{"type":"Feature","properties":{"sinif":"motorway_link","ad":"Terminal 2 Kavşağı"},"geometry":{"type":"LineString","coordinates":[[28.7614,41.24295],[28.76118,41.24295],[28.76076,41.24295],[28.76032,41.24295],[28.75991,41.24293],[28.75942,41.24292],[28.75829,41.24287],[28.75781,41.24285],[28.75648,41.2428]]}},{"type":"Feature","properties":{"sinif":"trunk_link","ad":"Terminal 1 Kavşağı"},"geometry":{"type":"LineString","coordinates":[[28.76889,41.24763],[28.76874,41.24793],[28.76867,41.24808],[28.76861,41.24825],[28.76857,41.24837],[28.76854,41.24847],[28.76849,41.24863],[28.76846,41.24878],[28.76843,41.24893],[28.7684,41.24908],[28.76837,41.2492],[28.76834,41.24928],[28.7683,41.24935],[28.76824,41.24944]]}},{"type":"Feature","properties":{"sinif":"primary_link","ad":null},"geometry":{"type":"LineString","coordinates":[[28.75172,41.24742],[28.75172,41.2476],[28.7517,41.24876]]}},{"type":"Feature","properties":{"sinif":"primary","ad":"Terminal Caddesi"},"geometry":{"type":"LineString","coordinates":[[28.74663,41.25151],[28.74662,41.25164],[28.74662,41.25183],[28.74662,41.25191]]}},{"type":"Feature","properties":{"sinif":"primary","ad":"Terminal Caddesi"},"geometry":{"type":"LineString","coordinates":[[28.74661,41.24979],[28.74659,41.25112],[28.74659,41.25121],[28.74659,41.25133],[28.7466,41.25142],[28.74663,41.25151]]}},{"type":"Feature","properties":{"sinif":"motorway_link","ad":"Terminal 2 Kavşağı"},"geometry":{"type":"LineString","coordinates":[[28.75237,41.24272],[28.75204,41.24272],[28.75182,41.24272],[28.75146,41.24274],[28.75083,41.24279],[28.75003,41.24284],[28.74965,41.24286],[28.74909,41.24289],[28.74879,41.24292],[28.74859,41.24295],[28.74839,41.24299],[28.74819,41.24304],[28.74799,41.24312],[28.74779,41.24321],[28.74765,41.24329],[28.74755,41.24338]]}},{"type":"Feature","properties":{"sinif":"motorway_link","ad":"Terminal 2 Kavşağı"},"geometry":{"type":"LineString","coordinates":[[28.74857,41.24191],[28.74868,41.24191],[28.74888,41.24192],[28.74916,41.24192],[28.74947,41.24192],[28.74981,41.24192],[28.75053,41.2419],[28.75084,41.2419],[28.75108,41.24189],[28.75148,41.24191]]}},{"type":"Feature","properties":{"sinif":"motorway_link","ad":"Terminal 2 Kavşağı"},"geometry":{"type":"LineString","coordinates":[[28.73893,41.24458],[28.73896,41.24441],[28.73901,41.2442],[28.73907,41.24402],[28.73913,41.24387],[28.7392,41.24371],[28.73928,41.24358]]}},{"type":"Feature","properties":{"sinif":"motorway_link","ad":"Terminal 2 Kavşağı"},"geometry":{"type":"LineString","coordinates":[[28.73222,41.24314],[28.7325,41.2431],[28.7328,41.24306],[28.73327,41.24303],[28.73389,41.243],[28.73423,41.24298],[28.73477,41.24294],[28.73505,41.24293],[28.73532,41.2429],[28.73562,41.24287],[28.73593,41.24282],[28.7362,41.24277]]}},{"type":"Feature","properties":{"sinif":"primary_link","ad":null},"geometry":{"type":"LineString","coordinates":[[28.69886,41.26301],[28.69894,41.26303],[28.69897,41.26306],[28.69899,41.26309],[28.69901,41.26314],[28.69899,41.26317],[28.69896,41.26321],[28.69892,41.26324]]}},{"type":"Feature","properties":{"sinif":"primary","ad":"Vecihi Hürkuş Caddesi"},"geometry":{"type":"LineString","coordinates":[[28.71155,41.2513],[28.71139,41.25139],[28.71121,41.25148],[28.71108,41.25155],[28.71095,41.25164],[28.71069,41.2518]]}},{"type":"Feature","properties":{"sinif":"primary","ad":"Vecihi Hürkuş Caddesi"},"geometry":{"type":"LineString","coordinates":[[28.71069,41.2518],[28.71054,41.25188],[28.71035,41.25201],[28.71009,41.25218],[28.70979,41.25238],[28.70939,41.25264],[28.7088,41.25303],[28.70852,41.25321],[28.70825,41.25339]]}},{"type":"Feature","properties":{"sinif":"primary","ad":"Vecihi Hürkuş Caddesi"},"geometry":{"type":"LineString","coordinates":[[28.70817,41.25333],[28.70914,41.25269],[28.70987,41.25221],[28.71006,41.25209],[28.71027,41.25192]]}},{"type":"Feature","properties":{"sinif":"primary","ad":"Terminal Caddesi"},"geometry":{"type":"LineString","coordinates":[[28.73864,41.25594],[28.73865,41.25553],[28.73866,41.2551],[28.73867,41.25454],[28.73868,41.25425],[28.73867,41.25409]]}},{"type":"Feature","properties":{"sinif":"primary","ad":"Terminal Caddesi"},"geometry":{"type":"LineString","coordinates":[[28.73912,41.25919],[28.73901,41.25919],[28.73888,41.25919],[28.73875,41.25917],[28.73862,41.25914],[28.73849,41.25911],[28.73836,41.25905],[28.73827,41.259],[28.73819,41.25893],[28.7381,41.25884],[28.73805,41.25876],[28.73801,41.25869],[28.73798,41.2586],[28.73797,41.25853],[28.73798,41.2584],[28.738,41.25831]]}},{"type":"Feature","properties":{"sinif":"primary","ad":"Terminal Caddesi"},"geometry":{"type":"LineString","coordinates":[[28.74614,41.25928],[28.74277,41.25923],[28.74255,41.25923]]}},{"type":"Feature","properties":{"sinif":"primary","ad":"Terminal Caddesi"},"geometry":{"type":"LineString","coordinates":[[28.73917,41.25903],[28.73899,41.25903],[28.7388,41.25902],[28.73864,41.25899],[28.73852,41.25896],[28.7384,41.2589],[28.73831,41.25884],[28.73825,41.25878],[28.73818,41.2587],[28.73814,41.25863],[28.73811,41.25854],[28.73809,41.25845],[28.73809,41.25837],[28.73811,41.25829],[28.73815,41.2582],[28.73826,41.25798],[28.73838,41.25775],[28.73849,41.25751],[28.73852,41.25743]]}},{"type":"Feature","properties":{"sinif":"primary","ad":"Terminal Caddesi"},"geometry":{"type":"LineString","coordinates":[[28.747,41.25835],[28.74702,41.25844],[28.74704,41.25855],[28.74703,41.25862],[28.747,41.2587],[28.74697,41.25877],[28.74692,41.25884],[28.74686,41.25891],[28.74677,41.25898],[28.74667,41.25903]]}},{"type":"Feature","properties":{"sinif":"primary","ad":"Terminal Caddesi"},"geometry":{"type":"LineString","coordinates":[[28.73917,41.25893],[28.739,41.25893],[28.73881,41.25891],[28.73864,41.25888],[28.73852,41.25883],[28.73841,41.25877],[28.73832,41.25868],[28.73825,41.25859],[28.73822,41.25853],[28.73821,41.25846],[28.73821,41.25838],[28.73822,41.2583],[28.73829,41.25814],[28.7384,41.25794],[28.73849,41.25773]]}},{"type":"Feature","properties":{"sinif":"primary","ad":"Terminal Caddesi"},"geometry":{"type":"LineString","coordinates":[[28.74688,41.25834],[28.74691,41.25842],[28.74692,41.25849],[28.74691,41.25854],[28.74691,41.25859],[28.74689,41.25865],[28.74686,41.25869],[28.74683,41.25874],[28.7468,41.25878],[28.74676,41.25882],[28.74669,41.25887],[28.74661,41.25892],[28.7465,41.25896],[28.74637,41.25899],[28.74624,41.259],[28.74612,41.259]]}},{"type":"Feature","properties":{"sinif":"primary","ad":"Terminal Caddesi"},"geometry":{"type":"LineString","coordinates":[[28.746,41.25874],[28.7453,41.25873],[28.74523,41.25873],[28.74511,41.25873],[28.74453,41.25873],[28.74445,41.25872],[28.74437,41.25872],[28.74423,41.25872],[28.74361,41.25872],[28.74358,41.25871],[28.74351,41.25871],[28.74338,41.25871],[28.74276,41.25871],[28.74274,41.25871],[28.74266,41.2587],[28.74254,41.2587],[28.74198,41.2587],[28.7418,41.25869],[28.74163,41.25869],[28.74102,41.25869],[28.74092,41.25869],[28.7408,41.25868],[28.74073,41.25868],[28.74016,41.25868],[28.74014,41.25868],[28.74007,41.25868],[28.7399,41.25868],[28.73912,41.25866],[28.73907,41.25866]]}},{"type":"Feature","properties":{"sinif":"primary","ad":"Terminal Caddesi"},"geometry":{"type":"LineString","coordinates":[[28.73881,41.25595],[28.73883,41.25455],[28.73885,41.25389],[28.73886,41.25353],[28.73886,41.25336]]}},{"type":"Feature","properties":{"sinif":"trunk_link","ad":"Terminal 2 Kavşağı"},"geometry":{"type":"LineString","coordinates":[[28.7606,41.2453],[28.75864,41.24526]]}},{"type":"Feature","properties":{"sinif":"trunk_link","ad":"Terminal 2 Kavşağı"},"geometry":{"type":"LineString","coordinates":[[28.72835,41.24596],[28.72877,41.24598],[28.72921,41.24601],[28.72961,41.24602],[28.72998,41.24603],[28.7303,41.24603],[28.73063,41.24603],[28.73093,41.24602],[28.73128,41.24601],[28.73176,41.24597],[28.7327,41.2459],[28.73389,41.24582],[28.73446,41.24578]]}},{"type":"Feature","properties":{"sinif":"primary","ad":"Terminal Caddesi"},"geometry":{"type":"LineString","coordinates":[[28.73862,41.25819],[28.73865,41.25808],[28.7387,41.25792],[28.73875,41.25774],[28.73879,41.25754]]}},{"type":"Feature","properties":{"sinif":"primary","ad":"Terminal Caddesi"},"geometry":{"type":"LineString","coordinates":[[28.73907,41.25866],[28.739,41.25866],[28.73891,41.25864],[28.73882,41.25862],[28.73876,41.25859],[28.73869,41.25854],[28.73865,41.25851],[28.7386,41.25847],[28.73857,41.25842],[28.73854,41.25837],[28.73853,41.25833],[28.73851,41.25827],[28.73852,41.25821],[28.73865,41.25778],[28.73873,41.25751],[28.73878,41.25733],[28.73881,41.25712]]}},{"type":"Feature","properties":{"sinif":"primary","ad":"Terminal Caddesi"},"geometry":{"type":"LineString","coordinates":[[28.7465,41.25746],[28.74651,41.25755],[28.74653,41.25765],[28.74655,41.2577],[28.7466,41.25787],[28.74667,41.25807],[28.74671,41.25821],[28.74672,41.25827],[28.74673,41.25833],[28.74673,41.2584],[28.7467,41.25846],[28.74666,41.25853],[28.74662,41.25858],[28.74656,41.25863],[28.7465,41.25866],[28.74642,41.25869],[28.74634,41.25872],[28.74626,41.25873],[28.74616,41.25874],[28.746,41.25874]]}},{"type":"Feature","properties":{"sinif":"primary","ad":"Terminal Caddesi"},"geometry":{"type":"LineString","coordinates":[[28.74645,41.25703],[28.74648,41.25734],[28.7465,41.25746]]}},{"type":"Feature","properties":{"sinif":"primary","ad":"Terminal Caddesi"},"geometry":{"type":"LineString","coordinates":[[28.7465,41.25375],[28.74649,41.25392],[28.74649,41.25409],[28.74649,41.25454],[28.74648,41.25494],[28.74646,41.25533]]}},{"type":"Feature","properties":{"sinif":"primary","ad":"Terminal Caddesi"},"geometry":{"type":"LineString","coordinates":[[28.74669,41.25297],[28.74667,41.25423]]}},{"type":"Feature","properties":{"sinif":"primary","ad":"Terminal Caddesi"},"geometry":{"type":"LineString","coordinates":[[28.73881,41.25712],[28.73881,41.25595]]}},{"type":"Feature","properties":{"sinif":"trunk","ad":null},"geometry":{"type":"LineString","coordinates":[[28.63488,41.28028],[28.63463,41.28034],[28.63428,41.28042],[28.63401,41.28048],[28.63381,41.28051],[28.63362,41.28053],[28.63342,41.28055],[28.63318,41.28055],[28.63298,41.28055],[28.63283,41.28053]]}},{"type":"Feature","properties":{"sinif":"trunk","ad":null},"geometry":{"type":"LineString","coordinates":[[28.63674,41.27986],[28.63568,41.2801],[28.63488,41.28028]]}},{"type":"Feature","properties":{"sinif":"trunk","ad":null},"geometry":{"type":"LineString","coordinates":[[28.64286,41.2787],[28.6424,41.27873],[28.64194,41.27877],[28.64173,41.27879],[28.64149,41.27882],[28.64124,41.27886],[28.64099,41.27891],[28.64053,41.279],[28.63981,41.27917],[28.6391,41.27933],[28.63854,41.27946],[28.63791,41.2796],[28.63674,41.27986]]}},{"type":"Feature","properties":{"sinif":"trunk","ad":null},"geometry":{"type":"LineString","coordinates":[[28.65435,41.27558],[28.654,41.27574],[28.65245,41.27646],[28.65092,41.27717],[28.65041,41.2774],[28.6503,41.27745],[28.64996,41.27761],[28.64964,41.27774],[28.64928,41.27786],[28.64903,41.27793],[28.64877,41.278],[28.64841,41.27809],[28.64803,41.27816],[28.64762,41.27822],[28.64712,41.27828],[28.64662,41.27832],[28.64595,41.27837],[28.6455,41.27841],[28.64492,41.27847]]}},{"type":"Feature","properties":{"sinif":"trunk","ad":null},"geometry":{"type":"LineString","coordinates":[[28.67057,41.26697],[28.67032,41.26732],[28.67012,41.26761],[28.6698,41.26808],[28.66943,41.26864],[28.66931,41.26884],[28.66918,41.26903],[28.66909,41.26915],[28.66904,41.26922],[28.66896,41.26932]]}},{"type":"Feature","properties":{"sinif":"trunk","ad":null},"geometry":{"type":"LineString","coordinates":[[28.67982,41.25977],[28.67962,41.25986],[28.67943,41.25995],[28.67916,41.2601],[28.67887,41.26027],[28.67802,41.2608],[28.67678,41.26158],[28.67605,41.26204],[28.67487,41.26278],[28.6741,41.26326],[28.67383,41.26344],[28.67325,41.26385],[28.67291,41.2641],[28.67274,41.26422],[28.67264,41.26429],[28.67254,41.26439],[28.67239,41.26455],[28.67207,41.26496],[28.67181,41.26525]]}},{"type":"Feature","properties":{"sinif":"primary","ad":null},"geometry":{"type":"LineString","coordinates":[[28.72904,41.1958],[28.72907,41.19577],[28.72913,41.19571],[28.72967,41.19515],[28.73012,41.1947],[28.73063,41.19416],[28.73124,41.1936],[28.73169,41.19323],[28.73225,41.19282],[28.73285,41.1924],[28.73356,41.19191],[28.73367,41.19185],[28.73408,41.19159],[28.73452,41.19131],[28.73493,41.19103],[28.73509,41.19089],[28.73523,41.19075],[28.73551,41.19032],[28.7362,41.18916],[28.73676,41.18825],[28.73679,41.1882],[28.737,41.18792],[28.73728,41.18763],[28.7374,41.18751],[28.73788,41.18711],[28.73872,41.18654],[28.73873,41.18649],[28.73872,41.18646],[28.73866,41.18641],[28.73859,41.18639]]}},{"type":"Feature","properties":{"sinif":"primary","ad":"Kazım Karabekir Caddesi"},"geometry":{"type":"LineString","coordinates":[[28.72917,41.19582],[28.72904,41.1958]]}},{"type":"Feature","properties":{"sinif":"trunk_link","ad":null},"geometry":{"type":"LineString","coordinates":[[28.72347,41.18375],[28.72372,41.18383],[28.72399,41.18388],[28.72442,41.18394],[28.72456,41.18395],[28.72484,41.18396]]}},{"type":"Feature","properties":{"sinif":"primary_link","ad":null},"geometry":{"type":"LineString","coordinates":[[28.72042,41.18326],[28.72037,41.18322],[28.72034,41.18318],[28.72033,41.18313],[28.72033,41.18309],[28.72035,41.18304],[28.72039,41.183],[28.72044,41.18297]]}},{"type":"Feature","properties":{"sinif":"primary_link","ad":null},"geometry":{"type":"LineString","coordinates":[[28.72066,41.18328],[28.7206,41.18329],[28.72054,41.18329],[28.72048,41.18328],[28.72042,41.18326]]}},{"type":"Feature","properties":{"sinif":"primary_link","ad":null},"geometry":{"type":"LineString","coordinates":[[28.72044,41.18297],[28.72049,41.18295],[28.72055,41.18295],[28.72061,41.18295]]}},{"type":"Feature","properties":{"sinif":"primary","ad":"Vecihi Hürkuş Caddesi"},"geometry":{"type":"LineString","coordinates":[[28.7512,41.24736],[28.7505,41.24761]]}},{"type":"Feature","properties":{"sinif":"primary","ad":null},"geometry":{"type":"LineString","coordinates":[[28.7517,41.24876],[28.75189,41.24876],[28.75232,41.24876],[28.75246,41.24877],[28.75251,41.24877],[28.75263,41.24878],[28.75281,41.24882],[28.7529,41.24885],[28.75303,41.24891],[28.7532,41.249],[28.75363,41.24927],[28.75375,41.24936]]}},{"type":"Feature","properties":{"sinif":"primary","ad":null},"geometry":{"type":"LineString","coordinates":[[28.75368,41.24942],[28.75352,41.24932]]}},{"type":"Feature","properties":{"sinif":"primary_link","ad":null},"geometry":{"type":"LineString","coordinates":[[28.75368,41.24942],[28.75375,41.24936]]}},{"type":"Feature","properties":{"sinif":"primary","ad":"Vecihi Hürkuş Caddesi"},"geometry":{"type":"LineString","coordinates":[[28.72962,41.24807],[28.72957,41.24811],[28.72948,41.24814],[28.72938,41.24814],[28.72927,41.24813],[28.7292,41.24811],[28.72915,41.24808]]}},{"type":"Feature","properties":{"sinif":"primary_link","ad":null},"geometry":{"type":"LineString","coordinates":[[28.72964,41.24776],[28.72968,41.24783],[28.7297,41.24788],[28.72971,41.24794],[28.72968,41.248],[28.72965,41.24804],[28.72962,41.24807]]}},{"type":"Feature","properties":{"sinif":"primary_link","ad":null},"geometry":{"type":"LineString","coordinates":[[28.72915,41.24808],[28.72912,41.24805],[28.7291,41.24802],[28.72909,41.24799],[28.72907,41.24793],[28.72907,41.24789],[28.72908,41.24784],[28.72911,41.24778]]}},{"type":"Feature","properties":{"sinif":"trunk","ad":null},"geometry":{"type":"LineString","coordinates":[[28.72694,41.24607],[28.72646,41.24601],[28.72597,41.24594],[28.72557,41.24588],[28.72516,41.24581],[28.72386,41.24558]]}},{"type":"Feature","properties":{"sinif":"trunk","ad":null},"geometry":{"type":"LineString","coordinates":[[28.72391,41.24542],[28.7246,41.24555],[28.72528,41.24567],[28.72555,41.24572],[28.72588,41.24577]]}},{"type":"Feature","properties":{"sinif":"trunk_link","ad":"Terminal 1 Kavşağı"},"geometry":{"type":"LineString","coordinates":[[28.74658,41.24506],[28.74685,41.24506],[28.74733,41.24504],[28.74803,41.245],[28.74934,41.24493],[28.75047,41.24487],[28.75157,41.24482],[28.75301,41.24474],[28.75364,41.24471],[28.75418,41.24468],[28.75466,41.24465],[28.7552,41.24463],[28.75569,41.24462],[28.75617,41.24461],[28.75667,41.24461],[28.75714,41.24462],[28.75787,41.24463]]}},{"type":"Feature","properties":{"sinif":"primary","ad":"Vecihi Hürkuş Caddesi"},"geometry":{"type":"LineString","coordinates":[[28.73729,41.24791],[28.737,41.24791],[28.73584,41.24792],[28.73376,41.24795],[28.73249,41.24796],[28.7322,41.24797],[28.73119,41.24798],[28.73014,41.24799],[28.72999,41.24799],[28.72988,41.248],[28.72982,41.24802],[28.72974,41.24804],[28.72962,41.24807]]}},{"type":"Feature","properties":{"sinif":"primary","ad":"Vecihi Hürkuş Caddesi"},"geometry":{"type":"LineString","coordinates":[[28.74522,41.24862],[28.74528,41.24858],[28.74536,41.24855],[28.74545,41.24853],[28.74554,41.24854],[28.74558,41.24855],[28.74562,41.24857],[28.74565,41.24859]]}},{"type":"Feature","properties":{"sinif":"primary_link","ad":null},"geometry":{"type":"LineString","coordinates":[[28.74523,41.24892],[28.74518,41.24887],[28.74516,41.24881],[28.74516,41.24874],[28.74518,41.24868],[28.74522,41.24862]]}},{"type":"Feature","properties":{"sinif":"primary_link","ad":null},"geometry":{"type":"LineString","coordinates":[[28.74565,41.24859],[28.74571,41.24862],[28.74576,41.24867],[28.74578,41.24873],[28.74579,41.24879],[28.74577,41.24884],[28.74574,41.2489],[28.74569,41.24894]]}},{"type":"Feature","properties":{"sinif":"trunk","ad":null},"geometry":{"type":"LineString","coordinates":[[28.71998,41.24485],[28.71856,41.24459],[28.71819,41.24453],[28.71797,41.2445],[28.71751,41.24444],[28.71706,41.2444],[28.71655,41.24437],[28.71608,41.24436],[28.71561,41.24436],[28.71523,41.24438],[28.71474,41.24441],[28.71421,41.24445],[28.71375,41.24451],[28.71261,41.24468],[28.71088,41.24494],[28.70913,41.2452],[28.70754,41.24544],[28.70592,41.24567],[28.70532,41.24576]]}},{"type":"Feature","properties":{"sinif":"trunk_link","ad":null},"geometry":{"type":"LineString","coordinates":[[28.69425,41.24668],[28.69456,41.24607],[28.69468,41.24581],[28.69474,41.24567],[28.69479,41.24554]]}},{"type":"Feature","properties":{"sinif":"primary","ad":null},"geometry":{"type":"LineString","coordinates":[[28.7476,41.24913],[28.74745,41.24928],[28.74731,41.24945],[28.74722,41.24958],[28.74709,41.24979],[28.74703,41.24993],[28.74696,41.25008],[28.74692,41.25022],[28.74687,41.2504],[28.74681,41.25065],[28.7468,41.25069],[28.74678,41.25078],[28.74676,41.25091],[28.74675,41.25102],[28.74674,41.2512],[28.74673,41.25129],[28.7467,41.25139],[28.74667,41.25145],[28.74663,41.25151]]}},{"type":"Feature","properties":{"sinif":"primary_link","ad":null},"geometry":{"type":"LineString","coordinates":[[28.75965,41.25071],[28.75961,41.25067],[28.75959,41.25062],[28.75959,41.25056],[28.7596,41.25051],[28.75964,41.25046]]}},{"type":"Feature","properties":{"sinif":"tertiary","ad":null},"geometry":{"type":"LineString","coordinates":[[28.76379,41.19968],[28.76381,41.19967],[28.76384,41.19967],[28.76386,41.19968],[28.76388,41.19969],[28.7639,41.19971],[28.7639,41.19972],[28.76391,41.19974]]}},{"type":"Feature","properties":{"sinif":"tertiary","ad":"Abdullah Gül Caddesi"},"geometry":{"type":"LineString","coordinates":[[28.76508,41.19817],[28.765,41.19826],[28.76494,41.19835],[28.76489,41.19842],[28.76483,41.19851],[28.76477,41.19857],[28.76469,41.19866],[28.76459,41.19877],[28.76439,41.19897],[28.76433,41.19905],[28.76425,41.19918],[28.76411,41.19941],[28.76407,41.19948],[28.76399,41.19962],[28.76391,41.19974]]}},{"type":"Feature","properties":{"sinif":"tertiary","ad":null},"geometry":{"type":"LineString","coordinates":[[28.72518,41.16269],[28.72527,41.16281]]}},{"type":"Feature","properties":{"sinif":"secondary","ad":"Eski Edirne Asfaltı Caddesi"},"geometry":{"type":"LineString","coordinates":[[28.703,41.18342],[28.70272,41.18344],[28.70167,41.1835],[28.70055,41.18357],[28.69849,41.18372]]}},{"type":"Feature","properties":{"sinif":"secondary","ad":"Eski Edirne Asfaltı Caddesi"},"geometry":{"type":"LineString","coordinates":[[28.69706,41.1838],[28.69668,41.18383]]}},{"type":"Feature","properties":{"sinif":"tertiary","ad":null},"geometry":{"type":"LineString","coordinates":[[28.69799,41.17759],[28.69757,41.17732]]}},{"type":"Feature","properties":{"sinif":"tertiary","ad":null},"geometry":{"type":"LineString","coordinates":[[28.69817,41.17769],[28.69799,41.17759]]}},{"type":"Feature","properties":{"sinif":"secondary","ad":"Haraççı - Hadımköy Yolu"},"geometry":{"type":"LineString","coordinates":[[28.70229,41.17618],[28.70273,41.17571],[28.70289,41.17547],[28.70306,41.17521],[28.7032,41.17495],[28.70318,41.17465],[28.70301,41.17391],[28.70286,41.17338],[28.70282,41.17325],[28.70272,41.17306],[28.70253,41.17286]]}},{"type":"Feature","properties":{"sinif":"secondary","ad":"Haraççı - Hadımköy Yolu"},"geometry":{"type":"LineString","coordinates":[[28.70253,41.17286],[28.70242,41.17277],[28.70227,41.17266]]}},{"type":"Feature","properties":{"sinif":"primary","ad":"Pazarkapı Sokak"},"geometry":{"type":"LineString","coordinates":[[28.71969,41.19215],[28.71962,41.19205],[28.71954,41.19192],[28.7195,41.19181]]}},{"type":"Feature","properties":{"sinif":"trunk_link","ad":"Eski Edirne Asfaltı Caddesi"},"geometry":{"type":"LineString","coordinates":[[28.72499,41.18485],[28.72491,41.18477],[28.7248,41.18462],[28.72465,41.1845],[28.72449,41.18442],[28.7243,41.18435],[28.72353,41.18407],[28.72337,41.18399],[28.72328,41.18394]]}},{"type":"Feature","properties":{"sinif":"trunk","ad":"Gazi Fahrettin Paşa Caddesi"},"geometry":{"type":"LineString","coordinates":[[28.72485,41.1842],[28.72458,41.18419],[28.72433,41.18416],[28.7241,41.18413],[28.72389,41.1841],[28.72371,41.18406],[28.72353,41.18401],[28.72328,41.18394]]}},{"type":"Feature","properties":{"sinif":"trunk","ad":"Eski Edirne Asfaltı Caddesi"},"geometry":{"type":"LineString","coordinates":[[28.72328,41.18394],[28.72311,41.18388],[28.72295,41.18383]]}},{"type":"Feature","properties":{"sinif":"trunk","ad":"Eski Edirne Asfaltı Caddesi"},"geometry":{"type":"LineString","coordinates":[[28.78712,41.15167],[28.78738,41.15114],[28.78763,41.15065],[28.7877,41.15054],[28.7878,41.15038],[28.78792,41.15023],[28.78809,41.15004],[28.78823,41.14991],[28.78837,41.14978],[28.78851,41.14968],[28.78877,41.14948],[28.78915,41.14919],[28.78973,41.14876],[28.78991,41.14861],[28.79014,41.14845],[28.79035,41.14829],[28.79054,41.14814],[28.79058,41.14811],[28.79088,41.14788],[28.79132,41.14755],[28.79175,41.14722],[28.79225,41.14686],[28.7928,41.14648],[28.79303,41.14633],[28.79319,41.14623],[28.79361,41.14598],[28.79381,41.14586],[28.79436,41.14555]]}},{"type":"Feature","properties":{"sinif":"trunk","ad":"Eski Edirne Asfaltı Caddesi"},"geometry":{"type":"LineString","coordinates":[[28.78708,41.15227],[28.78706,41.15242],[28.78705,41.15252],[28.78705,41.15265],[28.78706,41.15279],[28.78707,41.1529],[28.78709,41.15306]]}},{"type":"Feature","properties":{"sinif":"trunk","ad":"Eski Edirne Asfaltı Caddesi"},"geometry":{"type":"LineString","coordinates":[[28.78692,41.15299],[28.78691,41.15291],[28.7869,41.15278],[28.7869,41.15259],[28.7869,41.15247],[28.78691,41.15237],[28.78692,41.15229],[28.78694,41.1522]]}},{"type":"Feature","properties":{"sinif":"primary_link","ad":null},"geometry":{"type":"LineString","coordinates":[[28.63468,41.09048],[28.63475,41.09068],[28.63485,41.09131]]}},{"type":"Feature","properties":{"sinif":"secondary","ad":"Yavuz Selim Caddesi"},"geometry":{"type":"LineString","coordinates":[[28.7534,41.1825],[28.75353,41.18256],[28.7537,41.18264],[28.75386,41.18272]]}},{"type":"Feature","properties":{"sinif":"primary","ad":"Gaziosmanpaşa Caddesi"},"geometry":{"type":"LineString","coordinates":[[28.74504,41.18118],[28.74504,41.18122],[28.74506,41.18168],[28.74508,41.18171],[28.74511,41.18178],[28.74513,41.1818],[28.74516,41.18184],[28.74521,41.18191],[28.74531,41.18203],[28.74555,41.18238],[28.74559,41.18244],[28.7456,41.18246],[28.74564,41.18254]]}},{"type":"Feature","properties":{"sinif":"primary_link","ad":null},"geometry":{"type":"LineString","coordinates":[[28.78708,41.15227],[28.78714,41.15238],[28.78719,41.15249]]}},{"type":"Feature","properties":{"sinif":"trunk","ad":"Eski Edirne Asfaltı Caddesi"},"geometry":{"type":"LineString","coordinates":[[28.78694,41.1522],[28.78696,41.15211],[28.78702,41.15192],[28.78703,41.1519],[28.78707,41.15179],[28.78712,41.15167]]}},{"type":"Feature","properties":{"sinif":"primary","ad":"Hadımköy - İstanbul Caddesi"},"geometry":{"type":"LineString","coordinates":[[28.63324,41.08998],[28.63365,41.0903],[28.63383,41.09044],[28.63405,41.0906],[28.63441,41.09086]]}},{"type":"Feature","properties":{"sinif":"primary","ad":"Hadımköy - İstanbul Caddesi"},"geometry":{"type":"LineString","coordinates":[[28.63441,41.09086],[28.63462,41.09102],[28.63471,41.0911],[28.63478,41.09119],[28.63485,41.09131]]}},{"type":"Feature","properties":{"sinif":"primary","ad":"Hadımköy - İstanbul Caddesi"},"geometry":{"type":"LineString","coordinates":[[28.6349,41.09293],[28.63491,41.09285],[28.635,41.0924],[28.63503,41.09224],[28.63503,41.09215],[28.63502,41.09205],[28.635,41.09196],[28.63498,41.09186],[28.63497,41.09184],[28.63493,41.09174],[28.63478,41.09143],[28.63469,41.09127],[28.63464,41.09119],[28.63457,41.09112],[28.6345,41.09106],[28.63421,41.09084],[28.63363,41.0904],[28.63341,41.09024],[28.63317,41.09006]]}},{"type":"Feature","properties":{"sinif":"primary","ad":"Hadımköy - İstanbul Caddesi"},"geometry":{"type":"LineString","coordinates":[[28.63485,41.09131],[28.63488,41.09138],[28.63495,41.0915],[28.63501,41.09163],[28.63506,41.09176],[28.63509,41.09184],[28.63528,41.09244],[28.63534,41.09261]]}},{"type":"Feature","properties":{"sinif":"primary","ad":"Hadımköy-İstanbul Caddesi"},"geometry":{"type":"LineString","coordinates":[[28.63563,41.10092],[28.63553,41.1013],[28.63539,41.1017],[28.63531,41.10196],[28.63518,41.10234],[28.63473,41.10375],[28.63466,41.10399]]}},{"type":"Feature","properties":{"sinif":"primary","ad":"Hadımköy - İstanbul Caddesi"},"geometry":{"type":"LineString","coordinates":[[28.62771,41.11876],[28.62826,41.11805],[28.62839,41.11788],[28.62842,41.11785],[28.62891,41.11718],[28.62963,41.11625],[28.62971,41.11616],[28.63076,41.11486],[28.63127,41.11411],[28.63158,41.11348],[28.63189,41.11262],[28.63265,41.11016],[28.63353,41.10716],[28.63363,41.10684],[28.63397,41.10572],[28.63404,41.10551],[28.63405,41.10546],[28.6341,41.1053],[28.63435,41.10453],[28.6344,41.10434]]}},{"type":"Feature","properties":{"sinif":"tertiary","ad":null},"geometry":{"type":"LineString","coordinates":[[28.63876,41.11527],[28.63844,41.11548],[28.6383,41.11559],[28.63821,41.11566],[28.6381,41.11575],[28.6378,41.11613],[28.63771,41.1162]]}},{"type":"Feature","properties":{"sinif":"primary","ad":"Hadımköy-İstanbul Caddesi"},"geometry":{"type":"LineString","coordinates":[[28.62583,41.12107],[28.62745,41.11907],[28.62771,41.11876]]}},{"type":"Feature","properties":{"sinif":"primary_link","ad":null},"geometry":{"type":"LineString","coordinates":[[28.62527,41.12233],[28.62526,41.12215],[28.62527,41.122],[28.62531,41.12181],[28.6254,41.12167]]}},{"type":"Feature","properties":{"sinif":"primary","ad":"Hadımköy-İstanbul Caddesi"},"geometry":{"type":"LineString","coordinates":[[28.62809,41.11845],[28.62594,41.12116]]}},{"type":"Feature","properties":{"sinif":"primary_link","ad":null},"geometry":{"type":"LineString","coordinates":[[28.62587,41.1216],[28.62583,41.12187],[28.62577,41.12207],[28.62572,41.12225]]}},{"type":"Feature","properties":{"sinif":"primary_link","ad":null},"geometry":{"type":"LineString","coordinates":[[28.62298,41.14016],[28.62297,41.14009],[28.62296,41.14001],[28.62296,41.13991],[28.62299,41.13964],[28.62299,41.13916]]}},{"type":"Feature","properties":{"sinif":"tertiary","ad":"Nurettin Sözen Caddesi"},"geometry":{"type":"LineString","coordinates":[[28.62634,41.14787],[28.62639,41.14796],[28.6264,41.14802],[28.62638,41.14817],[28.62574,41.14998],[28.62556,41.1505],[28.62549,41.15069],[28.62534,41.15105],[28.62528,41.1513]]}},{"type":"Feature","properties":{"sinif":"secondary","ad":null},"geometry":{"type":"LineString","coordinates":[[28.62157,41.15606],[28.62185,41.1559],[28.62195,41.15584],[28.62225,41.15568],[28.62226,41.15567],[28.62227,41.15567],[28.62233,41.15562]]}},{"type":"Feature","properties":{"sinif":"tertiary","ad":null},"geometry":{"type":"LineString","coordinates":[[28.61862,41.15237],[28.61849,41.15218],[28.61845,41.15213],[28.61837,41.15199],[28.61833,41.1519]]}},{"type":"Feature","properties":{"sinif":"primary_link","ad":null},"geometry":{"type":"LineString","coordinates":[[28.61806,41.15133],[28.61807,41.15121]]}},{"type":"Feature","properties":{"sinif":"primary","ad":"Hadımköy-İstanbul Caddesi"},"geometry":{"type":"LineString","coordinates":[[28.61721,41.152],[28.61725,41.15193],[28.61733,41.15185],[28.61746,41.15171],[28.61794,41.15132],[28.61807,41.15121]]}},{"type":"Feature","properties":{"sinif":"primary","ad":"Hadımköy-İstanbul Caddesi"},"geometry":{"type":"LineString","coordinates":[[28.61793,41.15144],[28.61728,41.15195],[28.61721,41.152]]}},{"type":"Feature","properties":{"sinif":"primary","ad":"Hadımköy-İstanbul Caddesi"},"geometry":{"type":"LineString","coordinates":[[28.61721,41.152],[28.61713,41.15207],[28.61707,41.15212],[28.61689,41.15229],[28.61659,41.15256],[28.61647,41.15268],[28.61631,41.15282],[28.61613,41.15298],[28.61605,41.15305],[28.6157,41.15337],[28.61556,41.15349],[28.61519,41.15383],[28.61421,41.1547],[28.61372,41.15514],[28.61354,41.1553],[28.61339,41.15547]]}},{"type":"Feature","properties":{"sinif":"secondary","ad":null},"geometry":{"type":"LineString","coordinates":[[28.61357,41.15841],[28.61399,41.15819]]}},{"type":"Feature","properties":{"sinif":"secondary","ad":"Haraççı - Hadımköy Yolu"},"geometry":{"type":"LineString","coordinates":[[28.61459,41.15793],[28.61488,41.15785],[28.61515,41.15779],[28.61543,41.15775],[28.61558,41.15774]]}},{"type":"Feature","properties":{"sinif":"secondary","ad":null},"geometry":{"type":"LineString","coordinates":[[28.61558,41.15774],[28.61465,41.15799],[28.61444,41.15808],[28.61434,41.15812]]}},{"type":"Feature","properties":{"sinif":"tertiary","ad":"Şeyh Şamil Caddesi"},"geometry":{"type":"LineString","coordinates":[[28.6142,41.15774],[28.61427,41.15784]]}},{"type":"Feature","properties":{"sinif":"secondary","ad":null},"geometry":{"type":"LineString","coordinates":[[28.61434,41.15812],[28.61413,41.15821]]}},{"type":"Feature","properties":{"sinif":"tertiary","ad":"Şeyh Şamil Caddesi"},"geometry":{"type":"LineString","coordinates":[[28.61428,41.15806],[28.61424,41.15801],[28.6142,41.15796],[28.61418,41.15783]]}},{"type":"Feature","properties":{"sinif":"secondary","ad":null},"geometry":{"type":"LineString","coordinates":[[28.61399,41.15819],[28.61428,41.15806]]}},{"type":"Feature","properties":{"sinif":"tertiary","ad":"Şeyh Şamil Caddesi"},"geometry":{"type":"LineString","coordinates":[[28.61427,41.15784],[28.61434,41.15804]]}},{"type":"Feature","properties":{"sinif":"secondary","ad":"Haraççı-Hadımköy"},"geometry":{"type":"LineString","coordinates":[[28.61434,41.15804],[28.6144,41.15801],[28.61459,41.15793]]}},{"type":"Feature","properties":{"sinif":"secondary","ad":"Haraççı - Hadımköy Yolu"},"geometry":{"type":"LineString","coordinates":[[28.61692,41.15751],[28.61641,41.1576],[28.6163,41.15762],[28.6156,41.15773],[28.61558,41.15774]]}},{"type":"Feature","properties":{"sinif":"tertiary","ad":null},"geometry":{"type":"LineString","coordinates":[[28.61847,41.15813],[28.61851,41.1581],[28.61858,41.15807],[28.61984,41.15802]]}},{"type":"Feature","properties":{"sinif":"secondary","ad":null},"geometry":{"type":"LineString","coordinates":[[28.61891,41.16037],[28.61973,41.1599],[28.62028,41.15956],[28.62062,41.1593],[28.6208,41.15913],[28.62097,41.15895],[28.62111,41.15873],[28.62114,41.15868]]}},{"type":"Feature","properties":{"sinif":"tertiary","ad":"Mevlana Caddesi"},"geometry":{"type":"LineString","coordinates":[[28.60813,41.18047],[28.6081,41.18054],[28.60771,41.18119],[28.60771,41.18119],[28.60753,41.18149],[28.60734,41.18183],[28.60696,41.18248],[28.6069,41.18258],[28.60662,41.18303],[28.60659,41.1831]]}},{"type":"Feature","properties":{"sinif":"tertiary","ad":"Mevlana Caddesi"},"geometry":{"type":"LineString","coordinates":[[28.61009,41.17614],[28.61005,41.17623],[28.61003,41.17628],[28.61,41.17632],[28.60995,41.17638],[28.60951,41.17696],[28.60921,41.17737],[28.60901,41.17768],[28.60871,41.17842],[28.60846,41.17906],[28.60835,41.17942],[28.60828,41.17965],[28.60819,41.18001],[28.60815,41.18032],[28.60813,41.18047]]}},{"type":"Feature","properties":{"sinif":"tertiary","ad":null},"geometry":{"type":"LineString","coordinates":[[28.60568,41.19333],[28.61271,41.196]]}},{"type":"Feature","properties":{"sinif":"secondary","ad":null},"geometry":{"type":"LineString","coordinates":[[28.62123,41.15857],[28.62125,41.15857],[28.62126,41.15857],[28.62128,41.15859],[28.6213,41.15861],[28.6213,41.15863],[28.6213,41.15865],[28.62129,41.15867],[28.62127,41.15869],[28.62125,41.1587],[28.62122,41.1587],[28.62119,41.1587],[28.62116,41.1587],[28.62114,41.15868],[28.62112,41.15866],[28.62112,41.15864],[28.62112,41.15862],[28.62113,41.1586],[28.62115,41.15858],[28.62117,41.15857],[28.6212,41.15856],[28.62123,41.15857]]}},{"type":"Feature","properties":{"sinif":"primary_link","ad":"İsmet İnönü Caddesi"},"geometry":{"type":"LineString","coordinates":[[28.77661,41.17923],[28.7767,41.17916],[28.77673,41.17912],[28.77675,41.17909],[28.77679,41.17904],[28.77681,41.17898],[28.77683,41.17886]]}},{"type":"Feature","properties":{"sinif":"primary_link","ad":"İsmet İnönü Caddesi"},"geometry":{"type":"LineString","coordinates":[[28.77692,41.17908],[28.77683,41.17913],[28.77671,41.17919],[28.77661,41.17923]]}},{"type":"Feature","properties":{"sinif":"primary_link","ad":"İsmet İnönü Caddesi"},"geometry":{"type":"LineString","coordinates":[[28.77684,41.17823],[28.77691,41.1783],[28.77697,41.17838],[28.77703,41.17845],[28.77705,41.17849],[28.77707,41.17852],[28.77711,41.17861],[28.77714,41.17868],[28.77716,41.17876],[28.77716,41.17885],[28.77716,41.17888],[28.77716,41.17892],[28.77714,41.179]]}},{"type":"Feature","properties":{"sinif":"primary_link","ad":null},"geometry":{"type":"LineString","coordinates":[[28.77685,41.17863],[28.77689,41.17859],[28.77695,41.17858],[28.777,41.17857],[28.77706,41.17858],[28.77711,41.17861]]}},{"type":"Feature","properties":{"sinif":"primary_link","ad":"İsmet İnönü Caddesi"},"geometry":{"type":"LineString","coordinates":[[28.77714,41.179],[28.77708,41.17903],[28.777,41.17906],[28.77692,41.17908]]}},{"type":"Feature","properties":{"sinif":"primary_link","ad":null},"geometry":{"type":"LineString","coordinates":[[28.77692,41.17908],[28.77689,41.17899],[28.77683,41.17886]]}},{"type":"Feature","properties":{"sinif":"primary_link","ad":"İsmet İnönü Caddesi"},"geometry":{"type":"LineString","coordinates":[[28.77683,41.17886],[28.77682,41.17878],[28.77683,41.17869],[28.77685,41.17863],[28.77686,41.17856],[28.77687,41.17848],[28.77686,41.17835],[28.77684,41.17823]]}},{"type":"Feature","properties":{"sinif":"primary","ad":null},"geometry":{"type":"LineString","coordinates":[[28.77213,41.18487],[28.77209,41.18466],[28.77205,41.18419],[28.77206,41.18412]]}},{"type":"Feature","properties":{"sinif":"primary","ad":null},"geometry":{"type":"LineString","coordinates":[[28.77223,41.18374],[28.77221,41.18379],[28.77217,41.18389],[28.77215,41.18403],[28.77214,41.18408],[28.77214,41.18414]]}},{"type":"Feature","properties":{"sinif":"primary","ad":null},"geometry":{"type":"LineString","coordinates":[[28.7728,41.18305],[28.77307,41.18292]]}},{"type":"Feature","properties":{"sinif":"primary","ad":null},"geometry":{"type":"LineString","coordinates":[[28.77312,41.18299],[28.77284,41.18313]]}},{"type":"Feature","properties":{"sinif":"primary_link","ad":null},"geometry":{"type":"LineString","coordinates":[[28.77257,41.18332],[28.7725,41.18343],[28.77245,41.18354],[28.77242,41.18364],[28.77239,41.18373],[28.77238,41.18379],[28.77238,41.18386],[28.77237,41.18395],[28.77235,41.18403],[28.77229,41.1841],[28.77221,41.18413],[28.77214,41.18414]]}},{"type":"Feature","properties":{"sinif":"primary","ad":"İsmet İnönü Caddesi"},"geometry":{"type":"LineString","coordinates":[[28.77213,41.18487],[28.77214,41.18512],[28.77214,41.18531],[28.77215,41.18548],[28.77217,41.18565],[28.77219,41.18577],[28.77221,41.1859],[28.77222,41.18599],[28.77223,41.18608],[28.77223,41.18617],[28.77222,41.18627],[28.77218,41.18639],[28.77212,41.18658],[28.77205,41.18677],[28.77178,41.18728],[28.77167,41.18746],[28.77158,41.18759],[28.77145,41.18776],[28.77125,41.18804],[28.77099,41.18839],[28.77057,41.18896],[28.77023,41.18942],[28.77016,41.18953],[28.77009,41.18962],[28.76993,41.18991],[28.76979,41.1902],[28.76941,41.191],[28.76922,41.19138],[28.76907,41.19165],[28.76874,41.19226],[28.76851,41.19269],[28.76823,41.1932],[28.76809,41.19342],[28.76808,41.19343],[28.76802,41.19352],[28.76797,41.19359],[28.76781,41.1938],[28.76741,41.19427],[28.76718,41.19454],[28.76689,41.19487],[28.76658,41.19526],[28.76636,41.19553],[28.76623,41.1957],[28.76611,41.19587],[28.76599,41.19607],[28.76587,41.19632],[28.76579,41.19646],[28.76569,41.19669],[28.76566,41.19683],[28.76563,41.197],[28.7656,41.19712],[28.76558,41.1972],[28.76555,41.19732],[28.7655,41.19742],[28.76544,41.19754]]}},{"type":"Feature","properties":{"sinif":"primary","ad":null},"geometry":{"type":"LineString","coordinates":[[28.76516,41.19788],[28.76528,41.19773],[28.76529,41.19772],[28.76534,41.19765],[28.76538,41.19758],[28.76541,41.19756],[28.76544,41.19754]]}},{"type":"Feature","properties":{"sinif":"secondary","ad":null},"geometry":{"type":"LineString","coordinates":[[28.76508,41.19817],[28.76503,41.19817],[28.76497,41.19816],[28.76493,41.19814],[28.7649,41.19812]]}},{"type":"Feature","properties":{"sinif":"secondary","ad":null},"geometry":{"type":"LineString","coordinates":[[28.76504,41.19796],[28.76516,41.19788]]}},{"type":"Feature","properties":{"sinif":"secondary","ad":null},"geometry":{"type":"LineString","coordinates":[[28.7649,41.19812],[28.76504,41.19796]]}},{"type":"Feature","properties":{"sinif":"secondary","ad":"Mavigöl Caddesi"},"geometry":{"type":"LineString","coordinates":[[28.78041,41.22196],[28.7804,41.22183],[28.78043,41.22171],[28.78048,41.22153]]}},{"type":"Feature","properties":{"sinif":"secondary","ad":"Mavigöl Caddesi"},"geometry":{"type":"LineString","coordinates":[[28.7813,41.22219],[28.78141,41.22226],[28.78156,41.22232],[28.78176,41.22238],[28.78228,41.22253],[28.78267,41.22265],[28.78297,41.22277],[28.78318,41.22288],[28.78429,41.22345],[28.78462,41.22363],[28.78514,41.22388],[28.78566,41.22407],[28.78614,41.2242],[28.78669,41.22432],[28.78718,41.2244],[28.78758,41.22446],[28.78801,41.22452],[28.78854,41.22465],[28.78907,41.22481],[28.78982,41.22509],[28.79024,41.22524],[28.79055,41.22542],[28.79095,41.22567],[28.79141,41.22602],[28.79166,41.22625],[28.79187,41.22649],[28.79203,41.2267],[28.79213,41.22689],[28.79216,41.2271],[28.79217,41.22736],[28.79215,41.22768],[28.79211,41.228],[28.7921,41.22821],[28.79213,41.22838],[28.79219,41.22859],[28.79229,41.22882],[28.79264,41.22953],[28.79277,41.22976],[28.79296,41.23003],[28.79321,41.23036],[28.7934,41.2306],[28.79355,41.23074],[28.79373,41.23086],[28.7939,41.23095],[28.79417,41.23101],[28.79442,41.23101],[28.79468,41.23098],[28.79484,41.23094],[28.79491,41.23092]]}},{"type":"Feature","properties":{"sinif":"secondary","ad":"Mavigöl Caddesi"},"geometry":{"type":"LineString","coordinates":[[28.78117,41.2225],[28.78102,41.22247],[28.78091,41.22243],[28.78082,41.22239],[28.78066,41.22229],[28.7806,41.22224],[28.78053,41.22217],[28.78047,41.22208],[28.78041,41.22196]]}},{"type":"Feature","properties":{"sinif":"secondary","ad":"Mavigöl Caddesi"},"geometry":{"type":"LineString","coordinates":[[28.78098,41.22154],[28.781,41.22169],[28.78103,41.22182],[28.78106,41.22192],[28.78111,41.222],[28.7812,41.22211],[28.7813,41.22219]]}},{"type":"Feature","properties":{"sinif":"secondary","ad":"Mavigöl Caddesi"},"geometry":{"type":"LineString","coordinates":[[28.79498,41.23118],[28.79484,41.2312],[28.7948,41.2312],[28.79471,41.2312],[28.79449,41.23118],[28.79427,41.23115],[28.79409,41.23112],[28.7939,41.23107],[28.79371,41.231],[28.79354,41.23091],[28.79336,41.23079],[28.79321,41.23065],[28.79302,41.2304],[28.79277,41.23008],[28.79259,41.22981],[28.79246,41.22958],[28.79211,41.22887],[28.79201,41.22864],[28.79194,41.22843],[28.79191,41.22825],[28.79192,41.22805],[28.79196,41.22773],[28.79198,41.22741],[28.79197,41.22715],[28.79194,41.22694],[28.79184,41.22675],[28.79168,41.22653],[28.79147,41.2263],[28.79122,41.22607],[28.79076,41.22572],[28.79036,41.22546],[28.79005,41.22529],[28.78963,41.22513],[28.78888,41.22486],[28.78835,41.2247],[28.78782,41.22457],[28.78739,41.22451],[28.78699,41.22445],[28.7865,41.22437],[28.78595,41.22425],[28.78547,41.22412],[28.78495,41.22393],[28.78443,41.22368],[28.7841,41.2235],[28.78318,41.22301],[28.78285,41.22285],[28.78263,41.22276],[28.78242,41.22269],[28.7821,41.22259],[28.7819,41.22255],[28.78174,41.22254],[28.7815,41.22252],[28.78132,41.22251],[28.78117,41.2225]]}},{"type":"Feature","properties":{"sinif":"secondary_link","ad":null},"geometry":{"type":"LineString","coordinates":[[28.79498,41.23118],[28.79489,41.23116],[28.79484,41.23113],[28.79481,41.2311],[28.79481,41.23106],[28.79482,41.23101],[28.79485,41.23097],[28.79491,41.23092]]}},{"type":"Feature","properties":{"sinif":"secondary_link","ad":null},"geometry":{"type":"LineString","coordinates":[[28.79516,41.23087],[28.79522,41.2309],[28.79527,41.23092],[28.79529,41.23095],[28.7953,41.23099],[28.79529,41.23102],[28.79527,41.23106],[28.79524,41.23109],[28.79518,41.23113]]}},{"type":"Feature","properties":{"sinif":"secondary","ad":"Mavigöl Caddesi"},"geometry":{"type":"LineString","coordinates":[[28.79516,41.23087],[28.79528,41.23085],[28.79539,41.23084],[28.79549,41.23085],[28.79558,41.23087]]}},{"type":"Feature","properties":{"sinif":"secondary","ad":"Mavigöl Caddesi"},"geometry":{"type":"LineString","coordinates":[[28.79491,41.23092],[28.79504,41.2309],[28.79516,41.23087]]}},{"type":"Feature","properties":{"sinif":"secondary","ad":"Mavigöl Caddesi"},"geometry":{"type":"LineString","coordinates":[[28.79618,41.23093],[28.79601,41.23095],[28.7958,41.231],[28.79559,41.23104],[28.79536,41.23109],[28.79518,41.23113]]}},{"type":"Feature","properties":{"sinif":"secondary","ad":"Mavigöl Caddesi"},"geometry":{"type":"LineString","coordinates":[[28.79518,41.23113],[28.79515,41.23114],[28.79498,41.23118]]}},{"type":"Feature","properties":{"sinif":"secondary","ad":"Mavigöl Caddesi"},"geometry":{"type":"LineString","coordinates":[[28.77599,41.21204],[28.7767,41.21293],[28.77774,41.21426],[28.77788,41.21447],[28.77798,41.21465],[28.77855,41.21584],[28.77926,41.21732],[28.77937,41.21752],[28.77947,41.21768],[28.78013,41.21875],[28.78039,41.21928],[28.7805,41.21953],[28.78064,41.21995],[28.7808,41.22051],[28.7809,41.22093],[28.78093,41.22113],[28.78096,41.22134],[28.78098,41.22154]]}},{"type":"Feature","properties":{"sinif":"secondary","ad":"Mavigöl Caddesi"},"geometry":{"type":"LineString","coordinates":[[28.78048,41.22153],[28.78061,41.22127],[28.78068,41.22113],[28.78071,41.2209],[28.78048,41.21992],[28.78035,41.21954],[28.7802,41.2192],[28.77982,41.2185],[28.77946,41.2179],[28.77936,41.21772],[28.77926,41.21756],[28.77914,41.21736],[28.77893,41.21691],[28.77874,41.21652],[28.7784,41.21583],[28.77826,41.21553],[28.77788,41.21472],[28.77776,41.2145],[28.77764,41.21431],[28.77738,41.214],[28.77629,41.21265],[28.77612,41.21244],[28.77586,41.2121]]}},{"type":"Feature","properties":{"sinif":"trunk","ad":"Eski Edirne Asfaltı Caddesi"},"geometry":{"type":"LineString","coordinates":[[28.80388,41.13991],[28.80269,41.14071]]}},{"type":"Feature","properties":{"sinif":"trunk","ad":"Eski Edirne Asfaltı Caddesi"},"geometry":{"type":"LineString","coordinates":[[28.80269,41.14071],[28.80221,41.14103],[28.80152,41.14149],[28.80082,41.14196],[28.80053,41.14216]]}},{"type":"Feature","properties":{"sinif":"secondary","ad":null},"geometry":{"type":"LineString","coordinates":[[28.75129,41.17444],[28.75139,41.17439],[28.75144,41.17437],[28.75156,41.17433],[28.75186,41.17422],[28.75213,41.17417],[28.75243,41.17412],[28.75261,41.17409],[28.75277,41.17405],[28.75297,41.17398],[28.75314,41.17392],[28.75318,41.17392]]}},{"type":"Feature","properties":{"sinif":"trunk_link","ad":null},"geometry":{"type":"LineString","coordinates":[[28.75111,41.1747],[28.75122,41.17455],[28.75129,41.17444]]}},{"type":"Feature","properties":{"sinif":"trunk_link","ad":null},"geometry":{"type":"LineString","coordinates":[[28.75383,41.1746],[28.75367,41.17447],[28.75361,41.17441],[28.75357,41.17436],[28.75356,41.17431],[28.75353,41.17418]]}},{"type":"Feature","properties":{"sinif":"trunk_link","ad":null},"geometry":{"type":"LineString","coordinates":[[28.75318,41.17392],[28.75332,41.17389],[28.75341,41.1739],[28.7535,41.17391],[28.75358,41.17394],[28.75368,41.17401],[28.75371,41.17403]]}},{"type":"Feature","properties":{"sinif":"trunk_link","ad":null},"geometry":{"type":"LineString","coordinates":[[28.75318,41.1741],[28.75323,41.17407],[28.75327,41.17403],[28.75328,41.17399],[28.75326,41.17396],[28.75323,41.17394],[28.75318,41.17392]]}},{"type":"Feature","properties":{"sinif":"trunk","ad":"Eski Edirne Asfaltı Caddesi"},"geometry":{"type":"LineString","coordinates":[[28.75111,41.1747],[28.7513,41.17461],[28.75144,41.17454],[28.7516,41.17447],[28.7518,41.1744],[28.75191,41.17436],[28.75202,41.17433],[28.7522,41.17429],[28.75246,41.17423],[28.75267,41.17419],[28.75318,41.1741]]}},{"type":"Feature","properties":{"sinif":"trunk_link","ad":null},"geometry":{"type":"LineString","coordinates":[[28.77334,41.16247],[28.7733,41.16242],[28.77323,41.16236],[28.7732,41.16231],[28.77318,41.16225],[28.77314,41.16217]]}},{"type":"Feature","properties":{"sinif":"trunk_link","ad":null},"geometry":{"type":"LineString","coordinates":[[28.77336,41.16207],[28.77343,41.16213],[28.77347,41.16218],[28.77352,41.16224],[28.77357,41.16231],[28.77362,41.16236]]}},{"type":"Feature","properties":{"sinif":"trunk_link","ad":null},"geometry":{"type":"LineString","coordinates":[[28.77414,41.16174],[28.77395,41.16187],[28.77386,41.16194],[28.77379,41.162],[28.77373,41.16208],[28.7737,41.16215],[28.77367,41.16226],[28.77362,41.16236]]}},{"type":"Feature","properties":{"sinif":"trunk_link","ad":null},"geometry":{"type":"LineString","coordinates":[[28.77334,41.16247],[28.77326,41.16246],[28.77313,41.16242],[28.77304,41.16241],[28.77294,41.1624],[28.77278,41.16242],[28.77254,41.16247],[28.77239,41.16252]]}},{"type":"Feature","properties":{"sinif":"trunk_link","ad":null},"geometry":{"type":"LineString","coordinates":[[28.77362,41.16236],[28.77358,41.16239],[28.77349,41.16243],[28.77342,41.16245],[28.77334,41.16247]]}},{"type":"Feature","properties":{"sinif":"primary","ad":"İsmet İnönü Caddesi"},"geometry":{"type":"LineString","coordinates":[[28.77362,41.16236],[28.77366,41.16248],[28.77368,41.16262],[28.77366,41.16308]]}},{"type":"Feature","properties":{"sinif":"primary","ad":"İsmet İnönü Caddesi"},"geometry":{"type":"LineString","coordinates":[[28.77366,41.16308],[28.77359,41.16273],[28.77353,41.16266],[28.77347,41.16259],[28.77334,41.16247]]}},{"type":"Feature","properties":{"sinif":"trunk_link","ad":null},"geometry":{"type":"LineString","coordinates":[[28.75349,41.17406],[28.75344,41.17399],[28.75339,41.17395],[28.75334,41.17393],[28.75318,41.17392]]}},{"type":"Feature","properties":{"sinif":"trunk","ad":"Eski Edirne Asfaltı Caddesi"},"geometry":{"type":"LineString","coordinates":[[28.75349,41.17406],[28.75371,41.17403]]}},{"type":"Feature","properties":{"sinif":"trunk_link","ad":null},"geometry":{"type":"LineString","coordinates":[[28.75371,41.17403],[28.75377,41.17414]]}},{"type":"Feature","properties":{"sinif":"trunk","ad":"Eski Edirne Asfaltı Caddesi"},"geometry":{"type":"LineString","coordinates":[[28.75377,41.17414],[28.75353,41.17418]]}},{"type":"Feature","properties":{"sinif":"trunk_link","ad":null},"geometry":{"type":"LineString","coordinates":[[28.75377,41.17414],[28.75381,41.17426],[28.75382,41.17434],[28.75383,41.17441],[28.75384,41.17448],[28.75383,41.1746]]}},{"type":"Feature","properties":{"sinif":"trunk","ad":"Eski Edirne Asfaltı Caddesi"},"geometry":{"type":"LineString","coordinates":[[28.75318,41.1741],[28.75332,41.17408],[28.75349,41.17406]]}},{"type":"Feature","properties":{"sinif":"trunk_link","ad":null},"geometry":{"type":"LineString","coordinates":[[28.75353,41.17418],[28.75349,41.17406]]}},{"type":"Feature","properties":{"sinif":"trunk","ad":"Eski Edirne Asfaltı Caddesi"},"geometry":{"type":"LineString","coordinates":[[28.7524,41.17436],[28.75212,41.17444],[28.75189,41.17451],[28.75171,41.17457],[28.75144,41.17469],[28.7512,41.17481],[28.7506,41.17512]]}},{"type":"Feature","properties":{"sinif":"trunk","ad":"Eski Edirne Asfaltı Caddesi"},"geometry":{"type":"LineString","coordinates":[[28.75353,41.17418],[28.75308,41.17425],[28.75262,41.17433],[28.7524,41.17436]]}},{"type":"Feature","properties":{"sinif":"trunk","ad":"Eski Edirne Asfaltı Caddesi"},"geometry":{"type":"LineString","coordinates":[[28.75743,41.17227],[28.75709,41.17266],[28.75698,41.17278],[28.75685,41.17291],[28.75668,41.17306],[28.75652,41.17319],[28.75635,41.17332],[28.75614,41.17345],[28.75592,41.17356],[28.75572,41.17365],[28.75553,41.17373],[28.75527,41.17383],[28.7551,41.17389],[28.75483,41.17396],[28.7546,41.17401],[28.75426,41.17407],[28.75394,41.17412],[28.75377,41.17414]]}},{"type":"Feature","properties":{"sinif":"trunk","ad":"Eski Edirne Asfaltı Caddesi"},"geometry":{"type":"LineString","coordinates":[[28.72019,41.18321],[28.71945,41.18322],[28.71912,41.18322],[28.71862,41.18324],[28.71803,41.18325]]}},{"type":"Feature","properties":{"sinif":"trunk","ad":"Eski Edirne Asfaltı Caddesi"},"geometry":{"type":"LineString","coordinates":[[28.71782,41.18314],[28.71881,41.18312],[28.71918,41.18311],[28.71953,41.18311],[28.72018,41.18311]]}},{"type":"Feature","properties":{"sinif":"primary","ad":"Gaziosmanpaşa Caddesi"},"geometry":{"type":"LineString","coordinates":[[28.74578,41.18011],[28.74572,41.18021],[28.7457,41.18025],[28.74543,41.18056],[28.74527,41.1807],[28.74513,41.18081],[28.74509,41.18085],[28.74506,41.18093],[28.74505,41.181],[28.74504,41.18112],[28.74504,41.18118]]}},{"type":"Feature","properties":{"sinif":"tertiary","ad":null},"geometry":{"type":"LineString","coordinates":[[28.66048,41.11596],[28.66014,41.11613],[28.66001,41.1162],[28.65759,41.11744],[28.6574,41.11756]]}},{"type":"Feature","properties":{"sinif":"tertiary","ad":null},"geometry":{"type":"LineString","coordinates":[[28.6576,41.12209],[28.65761,41.12092],[28.65767,41.11937],[28.65752,41.11898],[28.6571,41.11797],[28.65699,41.11783]]}},{"type":"Feature","properties":{"sinif":"tertiary","ad":null},"geometry":{"type":"LineString","coordinates":[[28.65736,41.1177],[28.65742,41.1179],[28.65779,41.11871],[28.65782,41.11894],[28.65784,41.12005],[28.65773,41.12187],[28.65771,41.12212]]}},{"type":"Feature","properties":{"sinif":"tertiary","ad":null},"geometry":{"type":"LineString","coordinates":[[28.65246,41.1186],[28.65587,41.11769],[28.65654,41.11751],[28.65677,41.11745]]}},{"type":"Feature","properties":{"sinif":"tertiary","ad":null},"geometry":{"type":"LineString","coordinates":[[28.65724,41.11736],[28.65867,41.11669],[28.65998,41.11605],[28.66078,41.11567],[28.66457,41.11389],[28.66469,41.1138],[28.66473,41.11377]]}},{"type":"Feature","properties":{"sinif":"tertiary","ad":null},"geometry":{"type":"LineString","coordinates":[[28.65689,41.11736],[28.65696,41.11733],[28.65703,41.11732],[28.65711,41.11732],[28.65718,41.11733],[28.65724,41.11736],[28.6573,41.11739],[28.65735,41.11744],[28.65738,41.11748],[28.6574,41.11754],[28.6574,41.11756],[28.6574,41.11759],[28.65739,41.11765],[28.65736,41.1177],[28.65732,41.11775],[28.65727,41.11778],[28.6572,41.11781],[28.65713,41.11783],[28.65706,41.11783],[28.65699,41.11783],[28.65692,41.11781],[28.65685,41.11778],[28.6568,41.11774],[28.65676,41.11769],[28.65673,41.11764],[28.65672,41.11759],[28.65673,41.11753],[28.65675,41.11748],[28.65677,41.11745],[28.65678,41.11743],[28.65683,41.11739],[28.65689,41.11736]]}},{"type":"Feature","properties":{"sinif":"tertiary","ad":null},"geometry":{"type":"LineString","coordinates":[[28.65685,41.11778],[28.65662,41.11778],[28.65621,41.11786],[28.65569,41.11797],[28.65448,41.11823],[28.65401,41.11832],[28.65247,41.11872]]}},{"type":"Feature","properties":{"sinif":"secondary_link","ad":null},"geometry":{"type":"LineString","coordinates":[[28.63619,41.15645],[28.63609,41.15642],[28.63601,41.15641],[28.63589,41.15643],[28.63582,41.15645],[28.63577,41.15649],[28.63571,41.15654]]}},{"type":"Feature","properties":{"sinif":"trunk_link","ad":null},"geometry":{"type":"LineString","coordinates":[[28.78694,41.1522],[28.78708,41.15227]]}},{"type":"Feature","properties":{"sinif":"primary_link","ad":"İstiklal Caddesi"},"geometry":{"type":"LineString","coordinates":[[28.78419,41.15097],[28.78386,41.15086],[28.78359,41.15077],[28.7833,41.15069],[28.78317,41.15064],[28.78307,41.15058],[28.78302,41.15051],[28.78301,41.15044],[28.78304,41.15038],[28.78307,41.15034]]}},{"type":"Feature","properties":{"sinif":"primary_link","ad":"İstiklal Caddesi"},"geometry":{"type":"LineString","coordinates":[[28.78307,41.15034],[28.78318,41.15023]]}},{"type":"Feature","properties":{"sinif":"primary","ad":"İstiklal Caddesi"},"geometry":{"type":"LineString","coordinates":[[28.78307,41.15034],[28.78301,41.15031],[28.78248,41.15001],[28.7815,41.14947],[28.7813,41.14936],[28.78127,41.14934],[28.78121,41.14931]]}},{"type":"Feature","properties":{"sinif":"primary","ad":"İstiklal Caddesi"},"geometry":{"type":"LineString","coordinates":[[28.78318,41.15023],[28.78376,41.15055],[28.78404,41.15071],[28.78543,41.1515],[28.78562,41.1516],[28.78586,41.15173],[28.78618,41.15188]]}},{"type":"Feature","properties":{"sinif":"primary_link","ad":"İstiklal Caddesi"},"geometry":{"type":"LineString","coordinates":[[28.78135,41.14922],[28.78121,41.14931]]}},{"type":"Feature","properties":{"sinif":"primary","ad":"İstiklal Caddesi"},"geometry":{"type":"LineString","coordinates":[[28.78135,41.14922],[28.7814,41.14925],[28.78161,41.14936],[28.78258,41.1499],[28.78308,41.15017],[28.78313,41.1502],[28.78318,41.15023]]}},{"type":"Feature","properties":{"sinif":"primary","ad":"İstiklal Caddesi"},"geometry":{"type":"LineString","coordinates":[[28.78121,41.14931],[28.7811,41.14924],[28.7808,41.14905],[28.78047,41.1488],[28.77999,41.14837],[28.77964,41.14803],[28.77933,41.14774],[28.77926,41.14767],[28.77851,41.14692],[28.77784,41.14625],[28.77654,41.14492],[28.77628,41.14465],[28.77622,41.14459],[28.77587,41.14422],[28.77554,41.14384],[28.77523,41.14355],[28.77507,41.14337],[28.77494,41.14319],[28.77481,41.14301],[28.77472,41.14287],[28.77461,41.14272],[28.77446,41.14257],[28.7743,41.14242],[28.77427,41.14238],[28.77423,41.14233],[28.7741,41.14219],[28.77397,41.14201],[28.77389,41.14182],[28.77376,41.1416],[28.77363,41.14141],[28.77347,41.14124],[28.77323,41.14104],[28.773,41.14086],[28.7724,41.14037],[28.77223,41.14025],[28.77215,41.14018]]}},{"type":"Feature","properties":{"sinif":"primary","ad":"İstiklal Caddesi"},"geometry":{"type":"LineString","coordinates":[[28.78618,41.15188],[28.78649,41.15201],[28.78674,41.15212],[28.78679,41.15214],[28.78694,41.1522]]}},{"type":"Feature","properties":{"sinif":"primary","ad":"Hadımköy-İstanbul Caddesi"},"geometry":{"type":"LineString","coordinates":[[28.62875,41.11761],[28.62857,41.11785],[28.62853,41.11789],[28.62838,41.11809],[28.62831,41.11816],[28.62809,41.11845]]}},{"type":"Feature","properties":{"sinif":"primary_link","ad":null},"geometry":{"type":"LineString","coordinates":[[28.62572,41.12225],[28.62563,41.12231],[28.62553,41.12236],[28.62546,41.12237],[28.6254,41.12237],[28.62533,41.12235],[28.62527,41.12233]]}},{"type":"Feature","properties":{"sinif":"primary_link","ad":null},"geometry":{"type":"LineString","coordinates":[[28.6253,41.12269],[28.62527,41.12237],[28.62527,41.12233]]}},{"type":"Feature","properties":{"sinif":"primary_link","ad":null},"geometry":{"type":"LineString","coordinates":[[28.62572,41.12225],[28.62564,41.12241],[28.62545,41.12276]]}},{"type":"Feature","properties":{"sinif":"secondary","ad":null},"geometry":{"type":"LineString","coordinates":[[28.63873,41.11142],[28.63863,41.11221]]}},{"type":"Feature","properties":{"sinif":"secondary","ad":null},"geometry":{"type":"LineString","coordinates":[[28.63863,41.11221],[28.63844,41.11205],[28.63811,41.11175],[28.6377,41.11141]]}},{"type":"Feature","properties":{"sinif":"tertiary","ad":null},"geometry":{"type":"LineString","coordinates":[[28.6651,41.11376],[28.66717,41.11328]]}},{"type":"Feature","properties":{"sinif":"tertiary","ad":"Şeker Caddesi"},"geometry":{"type":"LineString","coordinates":[[28.64877,41.11925],[28.64874,41.11897],[28.6487,41.11875],[28.64862,41.11849],[28.64851,41.11818],[28.64843,41.118],[28.64817,41.11752],[28.64792,41.11711],[28.64755,41.11666],[28.64683,41.11586],[28.64652,41.1155],[28.64612,41.11507],[28.64579,41.11467],[28.64554,41.11435],[28.64536,41.11412]]}},{"type":"Feature","properties":{"sinif":"secondary","ad":"Şeker Caddesi"},"geometry":{"type":"LineString","coordinates":[[28.64437,41.11297],[28.64362,41.11204],[28.64333,41.11177],[28.64323,41.11171],[28.64322,41.1117],[28.64313,41.11168]]}},{"type":"Feature","properties":{"sinif":"secondary","ad":"Şeker Caddesi"},"geometry":{"type":"LineString","coordinates":[[28.64507,41.11378],[28.64475,41.1134],[28.64454,41.11316]]}},{"type":"Feature","properties":{"sinif":"tertiary","ad":"Şeker Caddesi"},"geometry":{"type":"LineString","coordinates":[[28.64547,41.11402],[28.64582,41.11448],[28.64613,41.11488],[28.64646,41.11526],[28.64691,41.11577],[28.64808,41.11713],[28.64822,41.11735],[28.64835,41.11756],[28.64854,41.11792],[28.64864,41.11811],[28.64872,41.11832],[28.6488,41.11858],[28.64885,41.1187],[28.64892,41.11882],[28.64902,41.11893],[28.64924,41.11911]]}},{"type":"Feature","properties":{"sinif":"secondary","ad":"Şeker Caddesi"},"geometry":{"type":"LineString","coordinates":[[28.64462,41.11304],[28.64518,41.11368]]}},{"type":"Feature","properties":{"sinif":"secondary","ad":"Şeker Caddesi"},"geometry":{"type":"LineString","coordinates":[[28.64334,41.11146],[28.64348,41.11164],[28.64428,41.11265],[28.64462,41.11304]]}},{"type":"Feature","properties":{"sinif":"secondary","ad":"Şeker Caddesi"},"geometry":{"type":"LineString","coordinates":[[28.64454,41.11316],[28.64443,41.11303],[28.64437,41.11297]]}},{"type":"Feature","properties":{"sinif":"secondary","ad":"Şeker Caddesi"},"geometry":{"type":"LineString","coordinates":[[28.64307,41.11167],[28.6429,41.11164],[28.64001,41.1114],[28.63915,41.11135],[28.63893,41.11134],[28.63881,41.11136],[28.63873,41.11142]]}},{"type":"Feature","properties":{"sinif":"primary","ad":null},"geometry":{"type":"LineString","coordinates":[[28.65277,41.10948],[28.65261,41.10956],[28.65224,41.10973],[28.65072,41.11048],[28.64988,41.11091],[28.64952,41.11111],[28.64857,41.11173]]}},{"type":"Feature","properties":{"sinif":"primary","ad":null},"geometry":{"type":"LineString","coordinates":[[28.64849,41.11164],[28.6489,41.11137],[28.64946,41.11099],[28.65028,41.11055],[28.65124,41.11008],[28.65172,41.10987]]}},{"type":"Feature","properties":{"sinif":"primary_link","ad":null},"geometry":{"type":"LineString","coordinates":[[28.64536,41.11412],[28.64518,41.11391]]}},{"type":"Feature","properties":{"sinif":"primary_link","ad":null},"geometry":{"type":"LineString","coordinates":[[28.64857,41.11173],[28.6481,41.11212],[28.64603,41.11355],[28.64579,41.11372],[28.64547,41.11402],[28.64536,41.11412]]}},{"type":"Feature","properties":{"sinif":"primary_link","ad":null},"geometry":{"type":"LineString","coordinates":[[28.64529,41.1138],[28.64547,41.11402]]}},{"type":"Feature","properties":{"sinif":"primary_link","ad":null},"geometry":{"type":"LineString","coordinates":[[28.64529,41.1138],[28.64553,41.11356],[28.64595,41.11324],[28.64633,41.113],[28.64662,41.11281],[28.6472,41.11244],[28.64766,41.11217],[28.64849,41.11164]]}},{"type":"Feature","properties":{"sinif":"secondary","ad":null},"geometry":{"type":"LineString","coordinates":[[28.64518,41.11368],[28.64529,41.1138]]}},{"type":"Feature","properties":{"sinif":"tertiary","ad":null},"geometry":{"type":"LineString","coordinates":[[28.65308,41.1098],[28.65315,41.1099],[28.65341,41.11027],[28.65363,41.11057],[28.65393,41.11093],[28.65415,41.1112],[28.65424,41.11131],[28.65434,41.11142]]}},{"type":"Feature","properties":{"sinif":"tertiary","ad":null},"geometry":{"type":"LineString","coordinates":[[28.66065,41.11387],[28.66122,41.11386],[28.66225,41.11381],[28.66373,41.11373],[28.66388,41.11372],[28.66453,41.11368],[28.66478,41.11364]]}},{"type":"Feature","properties":{"sinif":"tertiary","ad":null},"geometry":{"type":"LineString","coordinates":[[28.65862,41.11426],[28.65917,41.11414],[28.66034,41.11389],[28.66053,41.11387],[28.66065,41.11387]]}},{"type":"Feature","properties":{"sinif":"tertiary","ad":null},"geometry":{"type":"LineString","coordinates":[[28.66473,41.11377],[28.66454,41.11377],[28.66426,41.11376],[28.66218,41.1139],[28.66164,41.11392],[28.66105,41.11393],[28.66075,41.11394],[28.66053,41.11387]]}},{"type":"Feature","properties":{"sinif":"tertiary","ad":null},"geometry":{"type":"LineString","coordinates":[[28.66496,41.11366],[28.66489,41.11377]]}},{"type":"Feature","properties":{"sinif":"tertiary","ad":null},"geometry":{"type":"LineString","coordinates":[[28.6651,41.11376],[28.66489,41.11377]]}},{"type":"Feature","properties":{"sinif":"tertiary","ad":null},"geometry":{"type":"LineString","coordinates":[[28.66496,41.11366],[28.6651,41.11376]]}},{"type":"Feature","properties":{"sinif":"secondary_link","ad":null},"geometry":{"type":"LineString","coordinates":[[28.71614,41.20297],[28.71611,41.20302],[28.71606,41.20307],[28.716,41.20312],[28.71594,41.20315],[28.71588,41.20316]]}},{"type":"Feature","properties":{"sinif":"secondary_link","ad":null},"geometry":{"type":"LineString","coordinates":[[28.71577,41.20266],[28.71583,41.20262],[28.71589,41.20261],[28.71594,41.20261],[28.716,41.20262],[28.7161,41.20268]]}},{"type":"Feature","properties":{"sinif":"tertiary","ad":null},"geometry":{"type":"LineString","coordinates":[[28.71588,41.20316],[28.71578,41.20317],[28.71568,41.20319],[28.71562,41.20322],[28.71556,41.20327],[28.71548,41.20331]]}},{"type":"Feature","properties":{"sinif":"tertiary","ad":null},"geometry":{"type":"LineString","coordinates":[[28.71548,41.20331],[28.71554,41.20323],[28.71559,41.20317],[28.71563,41.2031],[28.71566,41.20304],[28.71568,41.203],[28.7157,41.20292]]}},{"type":"Feature","properties":{"sinif":"secondary_link","ad":"Yavuz Selim Caddesi"},"geometry":{"type":"LineString","coordinates":[[28.75407,41.18286],[28.75386,41.18272]]}},{"type":"Feature","properties":{"sinif":"secondary","ad":"Haraççı - Hadımköy Yolu"},"geometry":{"type":"LineString","coordinates":[[28.68657,41.16483],[28.68589,41.16504],[28.68502,41.16529],[28.68465,41.16538],[28.6842,41.16543],[28.68389,41.16542],[28.68361,41.16537],[28.68313,41.16528],[28.68274,41.16514],[28.68246,41.16499]]}},{"type":"Feature","properties":{"sinif":"secondary","ad":"Haraççı - Hadımköy Yolu"},"geometry":{"type":"LineString","coordinates":[[28.67832,41.16195],[28.67762,41.1616],[28.67739,41.16144],[28.6773,41.16134],[28.67708,41.16105],[28.67682,41.16071],[28.67677,41.16065],[28.67655,41.16041],[28.67596,41.15977],[28.67571,41.15948],[28.67546,41.15909],[28.6752,41.15854],[28.67509,41.15827],[28.67504,41.1582],[28.6749,41.15802],[28.67468,41.15786],[28.67442,41.15769],[28.6742,41.15757],[28.67394,41.15743],[28.67371,41.15734],[28.67355,41.15728],[28.67286,41.15707],[28.67231,41.15694],[28.6721,41.1569],[28.67198,41.1569]]}},{"type":"Feature","properties":{"sinif":"primary","ad":null},"geometry":{"type":"LineString","coordinates":[[28.70232,41.17906],[28.7023,41.17903],[28.70229,41.17899],[28.7023,41.17896],[28.70233,41.17893],[28.70236,41.1789],[28.70237,41.1789],[28.7024,41.17889],[28.70244,41.17888]]}},{"type":"Feature","properties":{"sinif":"primary","ad":null},"geometry":{"type":"LineString","coordinates":[[28.70244,41.17888],[28.70249,41.17889],[28.70253,41.1789],[28.70255,41.17891],[28.70256,41.17893],[28.70259,41.17895],[28.7026,41.17899]]}},{"type":"Feature","properties":{"sinif":"primary_link","ad":null},"geometry":{"type":"LineString","coordinates":[[28.70636,41.18275],[28.70647,41.18298],[28.70649,41.18302],[28.70654,41.18314],[28.70655,41.1832],[28.70655,41.18325]]}},{"type":"Feature","properties":{"sinif":"primary","ad":null},"geometry":{"type":"LineString","coordinates":[[28.70655,41.18325],[28.70679,41.18332],[28.70693,41.18336],[28.70704,41.18338],[28.70719,41.18339],[28.70738,41.1834],[28.70762,41.1834],[28.70784,41.18339]]}},{"type":"Feature","properties":{"sinif":"primary_link","ad":null},"geometry":{"type":"LineString","coordinates":[[28.70647,41.18363],[28.70639,41.18366],[28.7063,41.18367],[28.7062,41.18367],[28.70611,41.18366],[28.70603,41.18363],[28.70596,41.18358],[28.70591,41.18353]]}},{"type":"Feature","properties":{"sinif":"tertiary","ad":null},"geometry":{"type":"LineString","coordinates":[[28.62439,41.16072],[28.62439,41.16076],[28.62437,41.16078],[28.62434,41.1608],[28.62431,41.16082]]}},{"type":"Feature","properties":{"sinif":"primary_link","ad":null},"geometry":{"type":"LineString","coordinates":[[28.63521,41.10178],[28.63532,41.1016],[28.63547,41.10108],[28.6356,41.10058],[28.63562,41.10051],[28.63565,41.10047],[28.63568,41.10046],[28.63569,41.10045],[28.6357,41.10044],[28.63574,41.10042],[28.63586,41.10037],[28.63607,41.1003],[28.63614,41.10026]]}},{"type":"Feature","properties":{"sinif":"primary_link","ad":"Mercedes Bulvarı"},"geometry":{"type":"LineString","coordinates":[[28.63604,41.10039],[28.63589,41.10045],[28.63584,41.10046],[28.63579,41.10046],[28.63572,41.10046],[28.6357,41.10045],[28.63569,41.10045],[28.63565,41.10043],[28.6356,41.10039],[28.63555,41.10035]]}},{"type":"Feature","properties":{"sinif":"primary_link","ad":"Mercedes Bulvarı"},"geometry":{"type":"LineString","coordinates":[[28.63669,41.10001],[28.63604,41.10039]]}},{"type":"Feature","properties":{"sinif":"primary","ad":"Hadımköy İstnabul Caddesi"},"geometry":{"type":"LineString","coordinates":[[28.63466,41.10399],[28.63458,41.10424],[28.63451,41.10445]]}},{"type":"Feature","properties":{"sinif":"tertiary","ad":"Falih Rıfhı Atay Caddesi"},"geometry":{"type":"LineString","coordinates":[[28.76058,41.18135],[28.7606,41.18116],[28.76063,41.1808],[28.76065,41.18049],[28.76071,41.18005],[28.76072,41.17941]]}},{"type":"Feature","properties":{"sinif":"primary_link","ad":null},"geometry":{"type":"LineString","coordinates":[[28.7743,41.14172],[28.77436,41.14184],[28.77436,41.14192],[28.77433,41.14198],[28.77428,41.14201],[28.77418,41.14202],[28.77408,41.14199],[28.774,41.14194],[28.77389,41.14182]]}},{"type":"Feature","properties":{"sinif":"primary_link","ad":null},"geometry":{"type":"LineString","coordinates":[[28.77427,41.14238],[28.77422,41.14225],[28.77421,41.14217],[28.77425,41.14211],[28.7743,41.14208],[28.7744,41.14207],[28.7745,41.1421],[28.77459,41.14216],[28.77471,41.14228]]}},{"type":"Feature","properties":{"sinif":"tertiary","ad":"Genç Osman Caddesi"},"geometry":{"type":"LineString","coordinates":[[28.7367,41.18018],[28.73688,41.1803],[28.73731,41.18054],[28.73736,41.18057],[28.7378,41.18081],[28.73782,41.18083],[28.73791,41.18089],[28.73814,41.18108],[28.73836,41.18128],[28.73863,41.18151],[28.73873,41.1816],[28.73929,41.18212],[28.73981,41.18251],[28.73988,41.18257],[28.74058,41.1831],[28.74064,41.18315]]}},{"type":"Feature","properties":{"sinif":"secondary","ad":"Koruiçi Sk."},"geometry":{"type":"LineString","coordinates":[[28.70648,41.18556],[28.70739,41.18558],[28.70804,41.1856],[28.70826,41.18565],[28.70841,41.18569]]}},{"type":"Feature","properties":{"sinif":"primary_link","ad":null},"geometry":{"type":"LineString","coordinates":[[28.70501,41.18462],[28.70511,41.18449],[28.70534,41.18426],[28.70552,41.18412],[28.70564,41.184],[28.70572,41.18391],[28.7058,41.18379],[28.70584,41.18364],[28.70587,41.18358],[28.70591,41.18353]]}},{"type":"Feature","properties":{"sinif":"primary","ad":null},"geometry":{"type":"LineString","coordinates":[[28.70647,41.18363],[28.70623,41.18378],[28.70617,41.18381],[28.70597,41.18394],[28.70578,41.18405]]}},{"type":"Feature","properties":{"sinif":"secondary_link","ad":"Enginalp Sokak"},"geometry":{"type":"LineString","coordinates":[[28.75434,41.18286],[28.75423,41.18289]]}},{"type":"Feature","properties":{"sinif":"secondary_link","ad":"Gaziemir Sokağı"},"geometry":{"type":"LineString","coordinates":[[28.75421,41.18291],[28.7542,41.18307]]}},{"type":"Feature","properties":{"sinif":"primary","ad":"Gaziosmanpaşa Caddesi"},"geometry":{"type":"LineString","coordinates":[[28.74562,41.18392],[28.74551,41.184],[28.74542,41.18404],[28.74534,41.18406],[28.74522,41.18408],[28.74499,41.18413],[28.74479,41.18416]]}},{"type":"Feature","properties":{"sinif":"secondary","ad":"Hoca Ahmet Yesevi Caddesi"},"geometry":{"type":"LineString","coordinates":[[28.74436,41.18489],[28.74436,41.1847],[28.74437,41.18461],[28.74439,41.18452],[28.74443,41.18444],[28.74449,41.18434],[28.74448,41.1843],[28.74446,41.18427],[28.74441,41.18425],[28.74434,41.18423]]}},{"type":"Feature","properties":{"sinif":"secondary","ad":"Hoca Ahmet Yesevi Caddesi"},"geometry":{"type":"LineString","coordinates":[[28.74479,41.18416],[28.74466,41.18425],[28.7446,41.18432],[28.74454,41.18441],[28.74448,41.18453],[28.74446,41.1846],[28.74444,41.1847],[28.74436,41.18489]]}},{"type":"Feature","properties":{"sinif":"secondary","ad":"Hoca Ahmet Yesevi Caddesi"},"geometry":{"type":"LineString","coordinates":[[28.74419,41.18755],[28.74423,41.18772],[28.74426,41.1878],[28.7443,41.18787],[28.74434,41.18795],[28.7445,41.18813],[28.74464,41.18826],[28.74491,41.18848]]}},{"type":"Feature","properties":{"sinif":"primary","ad":"Necip Fazıl Caddesi"},"geometry":{"type":"LineString","coordinates":[[28.74141,41.1846],[28.74125,41.18459],[28.74117,41.18461],[28.7411,41.18464]]}},{"type":"Feature","properties":{"sinif":"secondary","ad":"Yıldırım Beyazıt Caddesi"},"geometry":{"type":"LineString","coordinates":[[28.74141,41.1846],[28.74139,41.18465],[28.74138,41.1847],[28.74138,41.18475],[28.74145,41.18493],[28.74149,41.18508],[28.7415,41.18529],[28.74149,41.18554]]}},{"type":"Feature","properties":{"sinif":"tertiary","ad":"Peri Sokağı"},"geometry":{"type":"LineString","coordinates":[[28.74155,41.18852],[28.74172,41.18829],[28.74176,41.18822],[28.74186,41.18806],[28.74197,41.18798],[28.74206,41.18798],[28.74217,41.188],[28.74227,41.18805]]}},{"type":"Feature","properties":{"sinif":"secondary","ad":"Yıldırım Beyazıt Caddesi"},"geometry":{"type":"LineString","coordinates":[[28.74244,41.18823],[28.7425,41.18831],[28.74261,41.18855],[28.74273,41.18889],[28.74275,41.18894]]}},{"type":"Feature","properties":{"sinif":"secondary","ad":"Hoca Ahmet Yesevi Caddesi"},"geometry":{"type":"LineString","coordinates":[[28.74441,41.18702],[28.74433,41.18718],[28.74424,41.18741],[28.74419,41.18755]]}},{"type":"Feature","properties":{"sinif":"secondary","ad":null},"geometry":{"type":"LineString","coordinates":[[28.75734,41.18602],[28.7573,41.18603],[28.75725,41.18604],[28.75721,41.18603],[28.75717,41.18602],[28.75714,41.186]]}},{"type":"Feature","properties":{"sinif":"secondary","ad":null},"geometry":{"type":"LineString","coordinates":[[28.75734,41.18602],[28.75728,41.18609],[28.75717,41.1862]]}},{"type":"Feature","properties":{"sinif":"secondary","ad":null},"geometry":{"type":"LineString","coordinates":[[28.75717,41.1862],[28.75718,41.18615],[28.75718,41.18609],[28.75714,41.186]]}},{"type":"Feature","properties":{"sinif":"secondary","ad":null},"geometry":{"type":"LineString","coordinates":[[28.75714,41.186],[28.75703,41.18596],[28.75688,41.18596],[28.75671,41.18594]]}},{"type":"Feature","properties":{"sinif":"secondary","ad":null},"geometry":{"type":"LineString","coordinates":[[28.75671,41.18594],[28.75686,41.1859],[28.75703,41.18589],[28.75713,41.18589]]}},{"type":"Feature","properties":{"sinif":"secondary","ad":null},"geometry":{"type":"LineString","coordinates":[[28.75769,41.18583],[28.75756,41.18587],[28.75754,41.18587],[28.75747,41.1859],[28.75739,41.18596]]}},{"type":"Feature","properties":{"sinif":"secondary","ad":null},"geometry":{"type":"LineString","coordinates":[[28.75733,41.18585],[28.75744,41.18584],[28.75769,41.18583]]}},{"type":"Feature","properties":{"sinif":"secondary","ad":null},"geometry":{"type":"LineString","coordinates":[[28.75714,41.186],[28.75712,41.18596],[28.75712,41.18592],[28.75713,41.18589],[28.75716,41.18586],[28.7572,41.18584],[28.75724,41.18583],[28.75729,41.18583],[28.75733,41.18585]]}},{"type":"Feature","properties":{"sinif":"secondary","ad":null},"geometry":{"type":"LineString","coordinates":[[28.75733,41.18585],[28.75736,41.18587],[28.75738,41.1859],[28.75739,41.18593],[28.75739,41.18596]]}},{"type":"Feature","properties":{"sinif":"secondary","ad":null},"geometry":{"type":"LineString","coordinates":[[28.75739,41.18596],[28.75737,41.18599],[28.75734,41.18602]]}},{"type":"Feature","properties":{"sinif":"secondary","ad":null},"geometry":{"type":"LineString","coordinates":[[28.76251,41.18573],[28.76251,41.18575],[28.7625,41.18577],[28.76249,41.18579],[28.76247,41.18581],[28.76244,41.18581],[28.76241,41.18581]]}},{"type":"Feature","properties":{"sinif":"secondary","ad":"Türksoy Caddesi"},"geometry":{"type":"LineString","coordinates":[[28.76966,41.1835],[28.76978,41.18335],[28.76983,41.18323],[28.76984,41.18313],[28.7698,41.18276],[28.76976,41.18245],[28.76975,41.18219],[28.76979,41.18206],[28.76992,41.18178],[28.77015,41.18136],[28.77017,41.18134],[28.7704,41.18098]]}},{"type":"Feature","properties":{"sinif":"secondary","ad":null},"geometry":{"type":"LineString","coordinates":[[28.7704,41.18098],[28.77036,41.18097],[28.77033,41.18095],[28.77031,41.18092],[28.77031,41.18089],[28.77031,41.18086],[28.77033,41.18084]]}},{"type":"Feature","properties":{"sinif":"secondary","ad":null},"geometry":{"type":"LineString","coordinates":[[28.76072,41.17941],[28.76092,41.17942]]}},{"type":"Feature","properties":{"sinif":"tertiary","ad":"Harmanlık Caddesi"},"geometry":{"type":"LineString","coordinates":[[28.6047,41.13005],[28.60354,41.13044],[28.60352,41.13044],[28.60294,41.13072],[28.60184,41.13124],[28.60136,41.13143],[28.60077,41.13175],[28.60055,41.13187]]}},{"type":"Feature","properties":{"sinif":"tertiary","ad":"Cami Caddesi"},"geometry":{"type":"LineString","coordinates":[[28.60819,41.13004],[28.60802,41.12995],[28.6077,41.12978],[28.60758,41.12967],[28.60748,41.12954],[28.60741,41.12945],[28.60739,41.12943],[28.60728,41.12935]]}},{"type":"Feature","properties":{"sinif":"tertiary","ad":"Yeşilbayır Caddesi"},"geometry":{"type":"LineString","coordinates":[[28.5954,41.1374],[28.5954,41.13721],[28.59542,41.13703],[28.59546,41.13689],[28.59553,41.13675],[28.59563,41.1366],[28.59576,41.13647],[28.59595,41.13629],[28.59636,41.13593],[28.59645,41.13585],[28.59703,41.13535],[28.5971,41.13529],[28.5972,41.13521],[28.59735,41.13513],[28.59751,41.13506],[28.59776,41.13498],[28.59825,41.13487],[28.59901,41.13472],[28.5993,41.13464],[28.59938,41.1346],[28.59956,41.1345],[28.59976,41.13435],[28.60089,41.13328],[28.6014,41.1329],[28.60152,41.13282],[28.60187,41.1327],[28.6025,41.13259],[28.60409,41.13221],[28.60481,41.132],[28.60519,41.13186],[28.60571,41.13165],[28.60639,41.1314],[28.60691,41.13121],[28.60756,41.13096],[28.60801,41.1308],[28.60813,41.13076],[28.60827,41.13073],[28.60833,41.13073],[28.60837,41.13075]]}},{"type":"Feature","properties":{"sinif":"primary_link","ad":null},"geometry":{"type":"LineString","coordinates":[[28.6254,41.12167],[28.62553,41.12148],[28.62554,41.12146],[28.62583,41.12107]]}},{"type":"Feature","properties":{"sinif":"primary_link","ad":null},"geometry":{"type":"LineString","coordinates":[[28.62587,41.1216],[28.62611,41.12164]]}},{"type":"Feature","properties":{"sinif":"primary_link","ad":null},"geometry":{"type":"LineString","coordinates":[[28.62594,41.12116],[28.62591,41.12138],[28.62589,41.12148],[28.62587,41.1216]]}},{"type":"Feature","properties":{"sinif":"primary","ad":"Hadımköy-İstanbul Caddesi"},"geometry":{"type":"LineString","coordinates":[[28.6253,41.12269],[28.62538,41.12247],[28.6254,41.12237],[28.62549,41.12202],[28.62552,41.12187],[28.6256,41.12155],[28.62563,41.12148],[28.62583,41.12107]]}},{"type":"Feature","properties":{"sinif":"primary","ad":"Hadımköy-İstanbul Caddesi"},"geometry":{"type":"LineString","coordinates":[[28.62594,41.12116],[28.62578,41.12145],[28.62573,41.12155],[28.62569,41.12168],[28.62561,41.12193],[28.62556,41.1222],[28.62553,41.12236],[28.62548,41.12261],[28.62545,41.12276]]}},{"type":"Feature","properties":{"sinif":"primary","ad":"Hadımköy-İstanbul Caddesi"},"geometry":{"type":"LineString","coordinates":[[28.61807,41.15121],[28.6182,41.15109]]}},{"type":"Feature","properties":{"sinif":"primary","ad":"Hadımköy-İstanbul Caddesi"},"geometry":{"type":"LineString","coordinates":[[28.61806,41.15133],[28.61795,41.15142],[28.61793,41.15144]]}},{"type":"Feature","properties":{"sinif":"primary_link","ad":null},"geometry":{"type":"LineString","coordinates":[[28.61807,41.15121],[28.6181,41.15104],[28.6181,41.15098],[28.61808,41.15084],[28.61807,41.15078],[28.61808,41.15074],[28.61809,41.15069]]}},{"type":"Feature","properties":{"sinif":"tertiary","ad":null},"geometry":{"type":"LineString","coordinates":[[28.62425,41.16065],[28.6243,41.16065],[28.62433,41.16065],[28.62435,41.16066],[28.62438,41.16069],[28.62439,41.16072]]}},{"type":"Feature","properties":{"sinif":"tertiary","ad":null},"geometry":{"type":"LineString","coordinates":[[28.62431,41.16082],[28.62427,41.16082],[28.62423,41.1608],[28.62421,41.16079],[28.62419,41.16076]]}},{"type":"Feature","properties":{"sinif":"tertiary","ad":"Hadımköy Dursunköy Caddesi"},"geometry":{"type":"LineString","coordinates":[[28.63491,41.16313],[28.63493,41.16305],[28.63501,41.16267],[28.63524,41.1617],[28.63533,41.16129],[28.63538,41.16105],[28.63538,41.16091],[28.63537,41.1606],[28.63534,41.16024],[28.63521,41.15891],[28.63516,41.15828],[28.63516,41.15811],[28.63518,41.15792],[28.63523,41.15772],[28.63526,41.1576],[28.63538,41.15729],[28.63552,41.15697],[28.63571,41.15654]]}},{"type":"Feature","properties":{"sinif":"tertiary","ad":"Tayakadın-Yassıören Caddesi"},"geometry":{"type":"LineString","coordinates":[[28.66186,41.2734],[28.66217,41.27332],[28.66235,41.27328],[28.66265,41.27319],[28.66295,41.2731]]}},{"type":"Feature","properties":{"sinif":"tertiary","ad":"Tayakadın-Yassıören Caddesi"},"geometry":{"type":"LineString","coordinates":[[28.66133,41.27352],[28.66141,41.27351],[28.6615,41.27349],[28.66186,41.2734]]}},{"type":"Feature","properties":{"sinif":"tertiary","ad":"Yeniköy Caddesi"},"geometry":{"type":"LineString","coordinates":[[28.72298,41.31802],[28.72275,41.31803]]}},{"type":"Feature","properties":{"sinif":"tertiary","ad":"Yeniköy Caddesi"},"geometry":{"type":"LineString","coordinates":[[28.72307,41.31796],[28.72298,41.31802]]}},{"type":"Feature","properties":{"sinif":"tertiary","ad":"Maden Yolu Caddesi"},"geometry":{"type":"LineString","coordinates":[[28.72856,41.32437],[28.72611,41.32515],[28.72475,41.32558],[28.72402,41.32581],[28.72368,41.32591],[28.72366,41.32592],[28.72297,41.32614],[28.72245,41.32633]]}},{"type":"Feature","properties":{"sinif":"tertiary","ad":"Liman Caddesi"},"geometry":{"type":"LineString","coordinates":[[28.67987,41.3403],[28.68003,41.34038],[28.6804,41.34058],[28.68083,41.34081],[28.68124,41.34105],[28.68167,41.34129],[28.68202,41.34149],[28.68221,41.3416],[28.68261,41.34181],[28.68284,41.34193],[28.68308,41.34207],[28.68321,41.34215],[28.68365,41.3424],[28.68409,41.34264]]}},{"type":"Feature","properties":{"sinif":"tertiary","ad":null},"geometry":{"type":"LineString","coordinates":[[28.68315,41.34642],[28.68297,41.34637],[28.68289,41.34634],[28.68284,41.34632],[28.68278,41.34629],[28.68271,41.34623],[28.68267,41.34619],[28.68263,41.34616],[28.68255,41.34613],[28.68245,41.3461],[28.68232,41.34607],[28.68216,41.34601],[28.68199,41.34597],[28.68185,41.34595]]}},{"type":"Feature","properties":{"sinif":"tertiary","ad":"Terkos-Karaburun Caddesi"},"geometry":{"type":"LineString","coordinates":[[28.68009,41.33914],[28.67992,41.33931],[28.67988,41.33934],[28.67981,41.33941],[28.67976,41.33946],[28.67972,41.33952],[28.67971,41.33957],[28.6797,41.33975],[28.6797,41.33984],[28.6797,41.33993],[28.67972,41.34001],[28.67973,41.34008],[28.67975,41.34014],[28.67978,41.34019],[28.67982,41.34025],[28.67987,41.3403]]}},{"type":"Feature","properties":{"sinif":"tertiary","ad":null},"geometry":{"type":"LineString","coordinates":[[28.61115,41.19903],[28.61194,41.19932]]}},{"type":"Feature","properties":{"sinif":"secondary","ad":"Eski Edirne Asfaltı Caddesi"},"geometry":{"type":"LineString","coordinates":[[28.61337,41.19786],[28.61335,41.19788],[28.61315,41.19804],[28.613,41.19817],[28.61276,41.19841],[28.61244,41.19879],[28.61194,41.19932],[28.6112,41.20011],[28.60963,41.20177]]}},{"type":"Feature","properties":{"sinif":"tertiary","ad":"Hadımköy Dursunköy Caddesi"},"geometry":{"type":"LineString","coordinates":[[28.63851,41.20183],[28.63855,41.20153],[28.63863,41.20076],[28.63874,41.19968],[28.63888,41.19846],[28.63909,41.19626],[28.63933,41.19408],[28.63946,41.19337],[28.63946,41.19295],[28.63939,41.19237],[28.6391,41.19115]]}},{"type":"Feature","properties":{"sinif":"secondary","ad":"Eski Edirne Asfaltı Caddesi"},"geometry":{"type":"LineString","coordinates":[[28.63146,41.18845],[28.63143,41.18846],[28.6313,41.18852],[28.63116,41.18861],[28.63103,41.18871],[28.63012,41.1896],[28.6293,41.19037],[28.62904,41.19059],[28.62893,41.19068],[28.62883,41.19074],[28.62872,41.19078],[28.62852,41.19083],[28.62833,41.19087],[28.6281,41.19089],[28.62763,41.19092],[28.6274,41.19094],[28.62723,41.19096],[28.62712,41.19099],[28.62698,41.19104],[28.62668,41.19117],[28.62622,41.19139],[28.62593,41.19151],[28.62584,41.19153],[28.62566,41.19158],[28.6255,41.1916],[28.62529,41.19161],[28.62507,41.1916],[28.62487,41.19158],[28.62475,41.19157],[28.62401,41.19148],[28.62326,41.19136],[28.62305,41.19133],[28.62289,41.19132],[28.62279,41.19132],[28.62267,41.19133],[28.62258,41.19135],[28.62245,41.19139],[28.62233,41.19144],[28.62221,41.19151],[28.62183,41.19177],[28.62088,41.19245],[28.61822,41.19433],[28.6168,41.19535],[28.61651,41.19556],[28.61404,41.19735],[28.61371,41.19762]]}},{"type":"Feature","properties":{"sinif":"secondary_link","ad":null},"geometry":{"type":"LineString","coordinates":[[28.74449,41.18434],[28.74455,41.18425],[28.74458,41.18418]]}},{"type":"Feature","properties":{"sinif":"primary_link","ad":null},"geometry":{"type":"LineString","coordinates":[[28.73872,41.18654],[28.73881,41.18647],[28.73886,41.18645],[28.7389,41.18644],[28.73901,41.18642]]}},{"type":"Feature","properties":{"sinif":"primary_link","ad":null},"geometry":{"type":"LineString","coordinates":[[28.78709,41.15306],[28.787,41.15304],[28.78692,41.15299]]}},{"type":"Feature","properties":{"sinif":"primary_link","ad":null},"geometry":{"type":"LineString","coordinates":[[28.78719,41.15249],[28.78722,41.15263],[28.78724,41.15277],[28.78726,41.1529],[28.78726,41.15296],[28.78721,41.15301],[28.78717,41.15303],[28.78709,41.15306]]}},{"type":"Feature","properties":{"sinif":"trunk_link","ad":"K-81"},"geometry":{"type":"LineString","coordinates":[[28.76815,41.24885],[28.76815,41.24858],[28.76816,41.24831],[28.76816,41.24795],[28.76817,41.24761]]}},{"type":"Feature","properties":{"sinif":"primary_link","ad":null},"geometry":{"type":"LineString","coordinates":[[28.75158,41.24764],[28.7516,41.24753],[28.75161,41.2473],[28.75162,41.2472]]}},{"type":"Feature","properties":{"sinif":"primary","ad":null},"geometry":{"type":"LineString","coordinates":[[28.74916,41.24879],[28.74923,41.24875],[28.7493,41.24873],[28.74943,41.24873],[28.75156,41.24875],[28.7517,41.24876]]}},{"type":"Feature","properties":{"sinif":"primary_link","ad":null},"geometry":{"type":"LineString","coordinates":[[28.7517,41.24876],[28.7517,41.24882]]}},{"type":"Feature","properties":{"sinif":"primary_link","ad":null},"geometry":{"type":"LineString","coordinates":[[28.75156,41.24882],[28.75156,41.24875]]}},{"type":"Feature","properties":{"sinif":"motorway_link","ad":"Terminal 2 Kavşağı"},"geometry":{"type":"LineString","coordinates":[[28.74654,41.24821],[28.74652,41.24881]]}},{"type":"Feature","properties":{"sinif":"primary","ad":"Terminal Caddesi"},"geometry":{"type":"LineString","coordinates":[[28.74667,41.25423],[28.74665,41.25453],[28.74665,41.25485],[28.74664,41.25533],[28.74662,41.25604],[28.74661,41.25661],[28.74659,41.25713],[28.74659,41.25728],[28.7466,41.25734]]}},{"type":"Feature","properties":{"sinif":"trunk_link","ad":"Terminal 2 Kavşağı"},"geometry":{"type":"LineString","coordinates":[[28.73886,41.25057],[28.73887,41.25013],[28.73887,41.24992]]}},{"type":"Feature","properties":{"sinif":"trunk_link","ad":"Terminal 2 Kavşağı"},"geometry":{"type":"LineString","coordinates":[[28.73136,41.24638],[28.73118,41.24638],[28.73097,41.24638],[28.7303,41.24636],[28.7297,41.24634],[28.72932,41.24632],[28.72899,41.24628],[28.72885,41.24627],[28.72874,41.24625],[28.72848,41.24621]]}},{"type":"Feature","properties":{"sinif":"primary","ad":"Terminal Caddesi"},"geometry":{"type":"LineString","coordinates":[[28.7466,41.25734],[28.7466,41.25743],[28.74662,41.25753],[28.74667,41.25772],[28.74671,41.25782]]}},{"type":"Feature","properties":{"sinif":"primary_link","ad":null},"geometry":{"type":"LineString","coordinates":[[28.70883,41.25316],[28.70873,41.2532],[28.70861,41.25327],[28.70839,41.25341],[28.7083,41.25347],[28.70823,41.25353],[28.70817,41.25359],[28.70812,41.25366]]}},{"type":"Feature","properties":{"sinif":"primary_link","ad":null},"geometry":{"type":"LineString","coordinates":[[28.74453,41.25873],[28.74445,41.2586]]}},{"type":"Feature","properties":{"sinif":"primary_link","ad":null},"geometry":{"type":"LineString","coordinates":[[28.74073,41.25868],[28.74056,41.25856]]}},{"type":"Feature","properties":{"sinif":"primary","ad":"Vecihi Hürkuş Caddesi"},"geometry":{"type":"LineString","coordinates":[[28.7048,41.25557],[28.70506,41.25539],[28.70658,41.25438],[28.70725,41.25394]]}},{"type":"Feature","properties":{"sinif":"primary","ad":"Tayakadın Bağlantı Yolu"},"geometry":{"type":"LineString","coordinates":[[28.6918,41.26203],[28.69017,41.26143],[28.68964,41.26124]]}},{"type":"Feature","properties":{"sinif":"secondary","ad":null},"geometry":{"type":"LineString","coordinates":[[28.68899,41.25725],[28.68876,41.25758],[28.68858,41.25788],[28.68841,41.25819],[28.68823,41.25856],[28.68806,41.25897],[28.68788,41.25946],[28.68773,41.2599],[28.68769,41.26],[28.68764,41.26014]]}},{"type":"Feature","properties":{"sinif":"tertiary","ad":null},"geometry":{"type":"LineString","coordinates":[[28.65434,41.11142],[28.65427,41.11184],[28.65452,41.11238],[28.65482,41.11289],[28.65479,41.11302],[28.65477,41.11308],[28.6548,41.11328],[28.65517,41.11407]]}},{"type":"Feature","properties":{"sinif":"tertiary","ad":null},"geometry":{"type":"LineString","coordinates":[[28.64437,41.11297],[28.64381,41.11322],[28.64335,41.11331],[28.6431,41.11335],[28.64248,41.11332],[28.64233,41.1133]]}},{"type":"Feature","properties":{"sinif":"tertiary","ad":null},"geometry":{"type":"LineString","coordinates":[[28.63863,41.11221],[28.63868,41.11227],[28.63873,41.11235],[28.63889,41.11263]]}},{"type":"Feature","properties":{"sinif":"secondary","ad":null},"geometry":{"type":"LineString","coordinates":[[28.6378,41.11119],[28.63876,41.11126]]}},{"type":"Feature","properties":{"sinif":"secondary","ad":null},"geometry":{"type":"LineString","coordinates":[[28.63644,41.11044],[28.63666,41.1106],[28.63726,41.11104],[28.63729,41.11106]]}},{"type":"Feature","properties":{"sinif":"primary","ad":"Hadımköy-İstanbul Caddesi"},"geometry":{"type":"LineString","coordinates":[[28.63521,41.10178],[28.63547,41.10085],[28.63552,41.10056],[28.63553,41.10051],[28.63555,41.10035]]}},{"type":"Feature","properties":{"sinif":"primary","ad":"Hadımköy-İstanbul Caddesi"},"geometry":{"type":"LineString","coordinates":[[28.63578,41.10005],[28.63573,41.10032],[28.6357,41.10044],[28.6357,41.10045],[28.6357,41.10046],[28.63563,41.10092]]}},{"type":"Feature","properties":{"sinif":"trunk_link","ad":null},"geometry":{"type":"LineString","coordinates":[[28.66896,41.26932],[28.66888,41.26931],[28.66878,41.26929],[28.6687,41.26925],[28.66864,41.2692]]}},{"type":"Feature","properties":{"sinif":"tertiary","ad":null},"geometry":{"type":"LineString","coordinates":[[28.6741,41.26392],[28.67373,41.26404],[28.67346,41.26416],[28.67322,41.2643],[28.67305,41.26443],[28.67286,41.26458],[28.67261,41.26482],[28.67252,41.2649],[28.67235,41.26502],[28.67213,41.26513],[28.67199,41.2652],[28.67192,41.26523],[28.67181,41.26525]]}},{"type":"Feature","properties":{"sinif":"tertiary","ad":null},"geometry":{"type":"LineString","coordinates":[[28.60572,41.18513],[28.60558,41.18512],[28.60515,41.18508],[28.60497,41.18504],[28.60461,41.18492],[28.60393,41.1847],[28.60366,41.18463],[28.60342,41.18457],[28.60323,41.18455],[28.60296,41.18456],[28.60279,41.18456],[28.60259,41.18452],[28.60204,41.18433],[28.60191,41.1843],[28.60143,41.18421],[28.6011,41.18415],[28.60085,41.18408],[28.59967,41.18365],[28.59839,41.18316],[28.59829,41.18313],[28.59776,41.18295],[28.59742,41.1829],[28.59728,41.1829],[28.59717,41.18293],[28.59712,41.18299],[28.5971,41.1831]]}},{"type":"Feature","properties":{"sinif":"primary","ad":null},"geometry":{"type":"LineString","coordinates":[[28.75964,41.25046],[28.75969,41.25043],[28.75975,41.2504],[28.75983,41.25039],[28.75991,41.2504],[28.75998,41.25042],[28.76004,41.25046]]}},{"type":"Feature","properties":{"sinif":"primary","ad":"Fatih Caddesi"},"geometry":{"type":"LineString","coordinates":[[28.7411,41.18464],[28.74103,41.18472],[28.74089,41.18487],[28.74078,41.18499],[28.74062,41.18515]]}},{"type":"Feature","properties":{"sinif":"trunk_link","ad":"Kargo Kavşağı"},"geometry":{"type":"LineString","coordinates":[[28.77777,41.24383],[28.77876,41.24366],[28.77964,41.24351],[28.78053,41.24335],[28.7811,41.24326],[28.78165,41.24317]]}},{"type":"Feature","properties":{"sinif":"motorway_link","ad":"Terminal 1 Kavşağı"},"geometry":{"type":"LineString","coordinates":[[28.7682,41.24601],[28.7682,41.24572],[28.76821,41.24537],[28.76821,41.24499]]}},{"type":"Feature","properties":{"sinif":"primary","ad":"Terminal Caddesi"},"geometry":{"type":"LineString","coordinates":[[28.74645,41.25703],[28.74643,41.25712],[28.74642,41.25723],[28.74642,41.25733],[28.74642,41.2574],[28.74643,41.25747],[28.74645,41.25758],[28.74648,41.25773],[28.74651,41.25786]]}},{"type":"Feature","properties":{"sinif":"primary","ad":null},"geometry":{"type":"LineString","coordinates":[[28.76824,41.24944],[28.76818,41.24955],[28.76812,41.24965],[28.76802,41.24978],[28.76783,41.24999],[28.76772,41.25009],[28.76758,41.2502],[28.76743,41.25029],[28.76731,41.25036],[28.76717,41.25043],[28.76698,41.2505]]}},{"type":"Feature","properties":{"sinif":"tertiary","ad":null},"geometry":{"type":"LineString","coordinates":[[28.66473,41.11377],[28.66478,41.11364]]}},{"type":"Feature","properties":{"sinif":"tertiary","ad":null},"geometry":{"type":"LineString","coordinates":[[28.66489,41.11377],[28.66473,41.11377]]}},{"type":"Feature","properties":{"sinif":"primary","ad":"Eski Edirne Asfaltı Caddesi"},"geometry":{"type":"LineString","coordinates":[[28.74691,41.17855],[28.74702,41.17842]]}},{"type":"Feature","properties":{"sinif":"secondary","ad":"Yavuz Selim Caddesi"},"geometry":{"type":"LineString","coordinates":[[28.74578,41.18011],[28.74585,41.18014],[28.74632,41.18032],[28.74644,41.18038]]}},{"type":"Feature","properties":{"sinif":"secondary_link","ad":null},"geometry":{"type":"LineString","coordinates":[[28.75411,41.18281],[28.75416,41.18281],[28.75419,41.18282],[28.75421,41.18283]]}},{"type":"Feature","properties":{"sinif":"secondary","ad":"30 Ağustos Caddesi"},"geometry":{"type":"LineString","coordinates":[[28.75677,41.18133],[28.75695,41.18138],[28.75703,41.18148],[28.75708,41.18159],[28.75712,41.18174],[28.75723,41.18226],[28.75723,41.18235],[28.75727,41.18243],[28.75732,41.1825],[28.75741,41.18261],[28.75747,41.18267],[28.75759,41.18275],[28.75777,41.18287],[28.75793,41.18295],[28.75811,41.18305],[28.75818,41.18309],[28.75835,41.18319],[28.75855,41.18333],[28.75874,41.1835],[28.75897,41.1837],[28.7591,41.18383],[28.75915,41.1839],[28.75936,41.18408],[28.75953,41.18423],[28.75961,41.18433],[28.75969,41.18441],[28.75994,41.18463],[28.76025,41.18488],[28.76054,41.1851],[28.7606,41.18514],[28.76065,41.18518],[28.76076,41.18524],[28.76086,41.1853],[28.76101,41.18538],[28.76108,41.18541],[28.7613,41.18549],[28.7616,41.18559],[28.76184,41.18565],[28.76207,41.1857],[28.76234,41.18574]]}},{"type":"Feature","properties":{"sinif":"primary","ad":"Terminal Caddesi"},"geometry":{"type":"LineString","coordinates":[[28.74255,41.25923],[28.7418,41.25922],[28.73912,41.25919]]}},{"type":"Feature","properties":{"sinif":"secondary","ad":"Eski Edirne Asfaltı Caddesi"},"geometry":{"type":"LineString","coordinates":[[28.69849,41.18372],[28.69825,41.18374],[28.69706,41.1838]]}},{"type":"Feature","properties":{"sinif":"primary_link","ad":null},"geometry":{"type":"LineString","coordinates":[[28.70591,41.18353],[28.7059,41.1835],[28.70588,41.18347],[28.70588,41.18342],[28.70588,41.18338],[28.7059,41.18332],[28.70593,41.18327],[28.70597,41.18324],[28.70601,41.18321]]}},{"type":"Feature","properties":{"sinif":"primary_link","ad":null},"geometry":{"type":"LineString","coordinates":[[28.70655,41.18325],[28.70658,41.1833],[28.7066,41.18336],[28.70661,41.18343],[28.7066,41.18347],[28.70658,41.18351],[28.70654,41.18357],[28.70647,41.18363]]}},{"type":"Feature","properties":{"sinif":"tertiary","ad":"Dursunköy-Baklalı Caddesi"},"geometry":{"type":"LineString","coordinates":[[28.6386,41.20505],[28.63921,41.2051],[28.63981,41.20527],[28.64024,41.20547],[28.64068,41.20586],[28.64086,41.20618],[28.64157,41.20755],[28.64185,41.20812],[28.64257,41.20959],[28.64266,41.20984],[28.64279,41.21028],[28.64283,41.21086],[28.64281,41.21093],[28.64287,41.21158],[28.64305,41.2119],[28.64382,41.21238],[28.6443,41.21269]]}},{"type":"Feature","properties":{"sinif":"trunk","ad":null},"geometry":{"type":"LineString","coordinates":[[28.63284,41.28027],[28.63297,41.28028],[28.63343,41.28031],[28.63378,41.28033],[28.63401,41.28032],[28.63425,41.28029],[28.63451,41.28025],[28.63487,41.28018],[28.63534,41.28007],[28.63582,41.27996],[28.63741,41.27961],[28.6391,41.27922]]}},{"type":"Feature","properties":{"sinif":"trunk_link","ad":null},"geometry":{"type":"LineString","coordinates":[[28.63284,41.28027],[28.63286,41.28032],[28.63288,41.28039],[28.63287,41.28044],[28.63286,41.28049],[28.63283,41.28053]]}},{"type":"Feature","properties":{"sinif":"tertiary","ad":null},"geometry":{"type":"LineString","coordinates":[[28.63271,41.28096],[28.63263,41.28073],[28.63254,41.28052]]}},{"type":"Feature","properties":{"sinif":"tertiary","ad":"Boyalık Caddesi"},"geometry":{"type":"LineString","coordinates":[[28.61355,41.31198],[28.61354,41.31249]]}},{"type":"Feature","properties":{"sinif":"motorway_link","ad":"Yassıören 1 Kavşağı"},"geometry":{"type":"LineString","coordinates":[[28.59762,41.22527],[28.59767,41.22537],[28.59771,41.22551],[28.59776,41.2257],[28.59782,41.22587],[28.59793,41.22612],[28.59804,41.2263],[28.59815,41.22646],[28.59824,41.22655],[28.59831,41.22663],[28.59846,41.22674],[28.59858,41.22682],[28.59873,41.2269],[28.59887,41.22696],[28.59904,41.22701],[28.59926,41.22707],[28.5995,41.2271],[28.59971,41.22711],[28.59993,41.2271],[28.60018,41.22706],[28.60038,41.22701],[28.60053,41.22695],[28.60067,41.22689],[28.60086,41.22678],[28.60101,41.22668],[28.60115,41.22655],[28.60124,41.22645],[28.60136,41.22628],[28.60147,41.22606],[28.60156,41.22584],[28.60168,41.22544],[28.60178,41.22512],[28.60188,41.22481],[28.60193,41.22467],[28.60202,41.22439],[28.60215,41.22403],[28.60222,41.22381],[28.6023,41.2236],[28.60239,41.2233],[28.6024,41.22326],[28.60245,41.22307],[28.60248,41.22299],[28.60255,41.22285],[28.60264,41.22271]]}},{"type":"Feature","properties":{"sinif":"motorway_link","ad":"Yassıören 1 Kavşağı"},"geometry":{"type":"LineString","coordinates":[[28.60014,41.23049],[28.60013,41.23038],[28.60016,41.23018],[28.60019,41.22996],[28.60022,41.22979],[28.60023,41.22959],[28.60022,41.22945],[28.6002,41.22933],[28.60018,41.22922],[28.60014,41.2291],[28.60009,41.22901],[28.60002,41.22888],[28.59994,41.22876],[28.59981,41.22861],[28.59968,41.22848],[28.59954,41.22835],[28.59938,41.22822],[28.5992,41.22808],[28.59892,41.22786],[28.59872,41.2277],[28.59856,41.22754],[28.59847,41.22745],[28.59837,41.22735],[28.59822,41.22718],[28.59813,41.22704],[28.59804,41.22693],[28.59799,41.22685],[28.5979,41.22669],[28.59781,41.22654],[28.59774,41.22641],[28.59765,41.22623],[28.59757,41.22606],[28.59753,41.22595],[28.5975,41.22587],[28.59749,41.22578],[28.59748,41.22568]]}},{"type":"Feature","properties":{"sinif":"secondary","ad":"Eski Edirne Asfaltı Caddesi"},"geometry":{"type":"LineString","coordinates":[[28.60325,41.22124],[28.60299,41.22206],[28.60265,41.22325]]}},{"type":"Feature","properties":{"sinif":"secondary","ad":"Eski Edirne Asfaltı Caddesi"},"geometry":{"type":"LineString","coordinates":[[28.60089,41.2287],[28.6006,41.22953],[28.60052,41.22976]]}},{"type":"Feature","properties":{"sinif":"motorway_link","ad":"Yassıören 1 Kavşağı"},"geometry":{"type":"LineString","coordinates":[[28.59748,41.22568],[28.59746,41.2256],[28.59743,41.22546],[28.59741,41.22537],[28.5974,41.22528],[28.59739,41.2252],[28.59738,41.22504],[28.59738,41.2249],[28.59739,41.22477],[28.59739,41.22466],[28.59742,41.22452]]}},{"type":"Feature","properties":{"sinif":"motorway_link","ad":"Yassıören 1 Kavşağı"},"geometry":{"type":"LineString","coordinates":[[28.59742,41.22452],[28.59745,41.22439],[28.59748,41.22425],[28.59751,41.22414],[28.59763,41.22369],[28.59771,41.22336],[28.59777,41.22311]]}},{"type":"Feature","properties":{"sinif":"motorway_link","ad":"Yassıören 1 Kavşağı"},"geometry":{"type":"LineString","coordinates":[[28.59771,41.22421],[28.59768,41.22435],[28.59764,41.2245],[28.59763,41.2246],[28.59761,41.22471],[28.59761,41.22487],[28.59761,41.22501]]}},{"type":"Feature","properties":{"sinif":"motorway_link","ad":"Yassıören Kavşağı"},"geometry":{"type":"LineString","coordinates":[[28.59822,41.22213],[28.59815,41.22246],[28.59811,41.22263],[28.59798,41.22315]]}},{"type":"Feature","properties":{"sinif":"motorway_link","ad":"Yassıören Kavşağı"},"geometry":{"type":"LineString","coordinates":[[28.59799,41.22218],[28.59804,41.22196],[28.59807,41.22177],[28.59818,41.22134]]}},{"type":"Feature","properties":{"sinif":"trunk_link","ad":"Tayakadın 1 Kavşağı"},"geometry":{"type":"LineString","coordinates":[[28.68356,41.25801],[28.68331,41.25816],[28.68256,41.25861]]}},{"type":"Feature","properties":{"sinif":"trunk_link","ad":"Terminal 2 Kavşağı"},"geometry":{"type":"LineString","coordinates":[[28.7326,41.24636],[28.73193,41.24638],[28.73166,41.24638],[28.73136,41.24638]]}},{"type":"Feature","properties":{"sinif":"motorway_link","ad":"Tayakadın Kavşağı"},"geometry":{"type":"LineString","coordinates":[[28.67753,41.25232],[28.67757,41.25241],[28.67766,41.25258],[28.67778,41.25278],[28.67789,41.25295],[28.67799,41.25311],[28.67813,41.25332],[28.67835,41.25362],[28.67847,41.25377]]}},{"type":"Feature","properties":{"sinif":"motorway_link","ad":"Tayakadın Kavşağı"},"geometry":{"type":"LineString","coordinates":[[28.67734,41.25245],[28.67729,41.25234],[28.67721,41.25214],[28.67715,41.25194],[28.6771,41.25169],[28.67705,41.25145]]}},{"type":"Feature","properties":{"sinif":"secondary","ad":"Eski Edirne Asfaltı Caddesi"},"geometry":{"type":"LineString","coordinates":[[28.6503,41.19212],[28.6501,41.19226],[28.64994,41.19237],[28.64969,41.19251],[28.64948,41.1926],[28.64919,41.1927],[28.64892,41.19278],[28.64863,41.19285],[28.64839,41.19289],[28.64812,41.19292],[28.64779,41.19293],[28.64747,41.19292],[28.64714,41.19289],[28.6469,41.19284],[28.64664,41.19278],[28.64612,41.19263],[28.64364,41.19193],[28.63929,41.19072],[28.63905,41.19065]]}},{"type":"Feature","properties":{"sinif":"primary_link","ad":null},"geometry":{"type":"LineString","coordinates":[[28.76004,41.25046],[28.76007,41.25049],[28.76009,41.25053],[28.76009,41.25057],[28.76009,41.2506],[28.76008,41.25064],[28.76006,41.25067],[28.76003,41.2507]]}},{"type":"Feature","properties":{"sinif":"trunk","ad":"Eski Edirne Asfaltı Caddesi"},"geometry":{"type":"LineString","coordinates":[[28.81041,41.13639],[28.81001,41.13648],[28.80943,41.13663],[28.80913,41.13672],[28.80872,41.13688],[28.80827,41.13709],[28.80781,41.13732],[28.80726,41.13762],[28.8069,41.13788],[28.80591,41.13854]]}},{"type":"Feature","properties":{"sinif":"primary","ad":"Terminal Caddesi"},"geometry":{"type":"LineString","coordinates":[[28.73862,41.25661],[28.73863,41.25634],[28.73863,41.25615],[28.73864,41.25594]]}},{"type":"Feature","properties":{"sinif":"primary","ad":"Terminal Caddesi"},"geometry":{"type":"LineString","coordinates":[[28.73852,41.25743],[28.73856,41.25733],[28.73858,41.25723],[28.73859,41.25713],[28.73859,41.25688],[28.7386,41.25675],[28.73862,41.25661]]}},{"type":"Feature","properties":{"sinif":"primary","ad":"Terminal Caddesi"},"geometry":{"type":"LineString","coordinates":[[28.73863,41.25732],[28.73865,41.25723],[28.73865,41.25712],[28.73865,41.25687],[28.73864,41.25674],[28.73862,41.25661]]}},{"type":"Feature","properties":{"sinif":"primary_link","ad":null},"geometry":{"type":"LineString","coordinates":[[28.78745,41.15237],[28.78755,41.15241]]}},{"type":"Feature","properties":{"sinif":"tertiary","ad":null},"geometry":{"type":"LineString","coordinates":[[28.70233,41.17893],[28.702,41.17885],[28.70172,41.17878],[28.70138,41.17873],[28.70093,41.17868],[28.70079,41.17865],[28.70071,41.17863],[28.70066,41.1786],[28.70058,41.17852],[28.70055,41.17841],[28.70056,41.17831],[28.70057,41.17823],[28.70056,41.17818],[28.70049,41.17813],[28.70024,41.17805],[28.70005,41.17801],[28.69993,41.178],[28.69984,41.17803],[28.69973,41.17809],[28.69959,41.17817],[28.69949,41.17819],[28.69931,41.17818],[28.69916,41.17813],[28.69865,41.17793],[28.69828,41.17775],[28.69817,41.17769]]}},{"type":"Feature","properties":{"sinif":"tertiary","ad":null},"geometry":{"type":"LineString","coordinates":[[28.70822,41.1551],[28.7081,41.15524],[28.70792,41.15541],[28.70765,41.15574],[28.70749,41.15594],[28.7074,41.1561],[28.70735,41.1563],[28.70735,41.15661],[28.70729,41.15694],[28.70732,41.15711],[28.70733,41.1573],[28.70731,41.15747],[28.70727,41.1577],[28.70726,41.15789],[28.70723,41.15806],[28.70715,41.15823],[28.70687,41.15855],[28.70674,41.15877],[28.70656,41.15929],[28.70616,41.16028],[28.70608,41.16079],[28.70604,41.16145],[28.7059,41.16177],[28.70562,41.16227],[28.70559,41.16234],[28.70556,41.16242],[28.7055,41.16267],[28.70548,41.16275],[28.70546,41.16285],[28.70545,41.16293],[28.70544,41.16311],[28.70546,41.16321],[28.70561,41.16357],[28.7057,41.16376],[28.70575,41.16394],[28.70572,41.16411],[28.70567,41.16421],[28.70555,41.16443],[28.70546,41.1646],[28.70528,41.16493],[28.70519,41.1651],[28.70512,41.16532],[28.70501,41.16565],[28.70436,41.1674],[28.70428,41.16772],[28.70426,41.16797],[28.70428,41.16835],[28.7043,41.16876],[28.70415,41.16953],[28.70407,41.16972],[28.70399,41.16982],[28.70386,41.17006],[28.70371,41.17033],[28.70372,41.17061]]}},{"type":"Feature","properties":{"sinif":"trunk","ad":null},"geometry":{"type":"LineString","coordinates":[[28.66129,41.27425],[28.66158,41.27422],[28.66196,41.27416],[28.66228,41.27409],[28.66267,41.27399]]}},{"type":"Feature","properties":{"sinif":"trunk","ad":null},"geometry":{"type":"LineString","coordinates":[[28.66254,41.27414],[28.66218,41.27422],[28.6618,41.27429],[28.66154,41.27432],[28.66128,41.27435]]}},{"type":"Feature","properties":{"sinif":"secondary","ad":"Durusu Yeniköy Caddesi"},"geometry":{"type":"LineString","coordinates":[[28.67331,41.29972],[28.67358,41.29985],[28.67388,41.29998],[28.67411,41.30014],[28.67415,41.30035],[28.67408,41.30083],[28.67408,41.30087],[28.67405,41.3011],[28.67403,41.30127],[28.67402,41.30131]]}},{"type":"Feature","properties":{"sinif":"tertiary","ad":null},"geometry":{"type":"LineString","coordinates":[[28.7315,41.32335],[28.73145,41.32337],[28.73105,41.32352],[28.73096,41.32356],[28.73072,41.32364],[28.73033,41.32377],[28.72991,41.32391],[28.72948,41.32406],[28.72856,41.32437]]}},{"type":"Feature","properties":{"sinif":"primary","ad":null},"geometry":{"type":"LineString","coordinates":[[28.70776,41.18349],[28.70754,41.18347],[28.70718,41.18346],[28.70704,41.18347],[28.70693,41.18348],[28.70682,41.1835],[28.70671,41.18353],[28.70661,41.18357],[28.70647,41.18363]]}},{"type":"Feature","properties":{"sinif":"primary","ad":null},"geometry":{"type":"LineString","coordinates":[[28.72515,41.18494],[28.72517,41.18497],[28.72541,41.18539]]}},{"type":"Feature","properties":{"sinif":"tertiary","ad":"Ziyade Sokak"},"geometry":{"type":"LineString","coordinates":[[28.81432,41.17074],[28.81449,41.17076],[28.81491,41.17084],[28.8153,41.17097],[28.81639,41.17148],[28.81695,41.17169],[28.81751,41.17182],[28.81787,41.17187],[28.81869,41.17192],[28.81926,41.17194]]}},{"type":"Feature","properties":{"sinif":"secondary","ad":"Eski Edirne Asfaltı Caddesi"},"geometry":{"type":"LineString","coordinates":[[28.69668,41.18383],[28.69638,41.18384],[28.69536,41.18393],[28.69432,41.184],[28.69396,41.18403],[28.69387,41.18403],[28.69321,41.18408],[28.69241,41.18413],[28.69176,41.18417],[28.69037,41.1843],[28.68813,41.18445],[28.68737,41.18451],[28.68714,41.18453],[28.68695,41.18455],[28.6868,41.18459],[28.68665,41.18463],[28.68653,41.18469],[28.68641,41.18475],[28.68629,41.18484],[28.6862,41.18493],[28.68614,41.185],[28.68605,41.18512],[28.68597,41.18528],[28.6859,41.18546],[28.68579,41.18563],[28.68572,41.18573],[28.68562,41.18581],[28.68552,41.18588],[28.6854,41.18593],[28.68529,41.18596],[28.6852,41.18597],[28.68511,41.18597],[28.685,41.18597],[28.68487,41.18594],[28.68473,41.18589],[28.68455,41.18582],[28.6844,41.18574],[28.68181,41.18417],[28.68167,41.18409],[28.68155,41.18404],[28.6814,41.18399],[28.68129,41.18396],[28.68114,41.18394],[28.68099,41.18394],[28.68085,41.18394],[28.68074,41.18396],[28.68058,41.18399],[28.68043,41.18403],[28.68033,41.18407],[28.68024,41.18412],[28.68008,41.18423],[28.67989,41.18439],[28.67896,41.18526],[28.6776,41.18641],[28.6774,41.18664],[28.67719,41.18686],[28.6771,41.18703]]}},{"type":"Feature","properties":{"sinif":"tertiary","ad":"İşler Caddesi"},"geometry":{"type":"LineString","coordinates":[[28.7155,41.32924],[28.71521,41.32857],[28.71461,41.32763],[28.71415,41.32689]]}},{"type":"Feature","properties":{"sinif":"primary_link","ad":null},"geometry":{"type":"LineString","coordinates":[[28.74198,41.2587],[28.74185,41.25857]]}},{"type":"Feature","properties":{"sinif":"tertiary","ad":null},"geometry":{"type":"LineString","coordinates":[[28.72164,41.1812],[28.72142,41.18172],[28.72096,41.18278],[28.72089,41.18283]]}},{"type":"Feature","properties":{"sinif":"primary_link","ad":null},"geometry":{"type":"LineString","coordinates":[[28.72061,41.18295],[28.72065,41.1829],[28.72067,41.18284],[28.72066,41.18278],[28.72065,41.18273]]}},{"type":"Feature","properties":{"sinif":"primary_link","ad":null},"geometry":{"type":"LineString","coordinates":[[28.72077,41.18277],[28.72079,41.18284],[28.7208,41.18292],[28.7208,41.18299],[28.72078,41.18308]]}},{"type":"Feature","properties":{"sinif":"secondary","ad":"Bayrak Sokağı"},"geometry":{"type":"LineString","coordinates":[[28.72065,41.18273],[28.72077,41.18277],[28.72089,41.18283]]}},{"type":"Feature","properties":{"sinif":"primary_link","ad":null},"geometry":{"type":"LineString","coordinates":[[28.72089,41.18283],[28.72093,41.18291],[28.72097,41.18296],[28.72105,41.18301]]}},{"type":"Feature","properties":{"sinif":"primary_link","ad":null},"geometry":{"type":"LineString","coordinates":[[28.7335,41.18476],[28.73359,41.18476],[28.73364,41.18477],[28.7337,41.1848],[28.73373,41.18485],[28.73374,41.18494]]}},{"type":"Feature","properties":{"sinif":"primary_link","ad":null},"geometry":{"type":"LineString","coordinates":[[28.73342,41.18528],[28.73334,41.18527],[28.73326,41.18524],[28.73322,41.18521],[28.73319,41.18517]]}},{"type":"Feature","properties":{"sinif":"primary_link","ad":null},"geometry":{"type":"LineString","coordinates":[[28.71639,41.1849],[28.7164,41.18498]]}},{"type":"Feature","properties":{"sinif":"secondary","ad":null},"geometry":{"type":"LineString","coordinates":[[28.71272,41.18546],[28.71272,41.18489],[28.71273,41.18478],[28.71273,41.18467],[28.71276,41.18442],[28.71285,41.18406],[28.71287,41.184],[28.71302,41.18354],[28.71303,41.18344]]}},{"type":"Feature","properties":{"sinif":"primary","ad":"Selçuklu Caddesi"},"geometry":{"type":"LineString","coordinates":[[28.71271,41.18572],[28.71268,41.18577],[28.71264,41.18581],[28.71258,41.18583],[28.71252,41.18584],[28.71246,41.18583],[28.71241,41.18581],[28.71236,41.18578],[28.71233,41.18574],[28.71232,41.1857],[28.71233,41.18565]]}},{"type":"Feature","properties":{"sinif":"primary","ad":"Selçuklu Caddesi"},"geometry":{"type":"LineString","coordinates":[[28.71233,41.18565],[28.71236,41.1856],[28.71241,41.18556],[28.71247,41.18554],[28.71248,41.18554],[28.71254,41.18554],[28.7126,41.18555],[28.71266,41.18558],[28.7127,41.18562],[28.71272,41.18567],[28.71271,41.18572]]}},{"type":"Feature","properties":{"sinif":"primary","ad":null},"geometry":{"type":"LineString","coordinates":[[28.71271,41.18572],[28.71272,41.18582],[28.71275,41.18589],[28.71282,41.18602]]}},{"type":"Feature","properties":{"sinif":"primary","ad":null},"geometry":{"type":"LineString","coordinates":[[28.71282,41.18602],[28.7126,41.18591],[28.71246,41.18583]]}},{"type":"Feature","properties":{"sinif":"tertiary","ad":null},"geometry":{"type":"LineString","coordinates":[[28.71188,41.18557],[28.71192,41.18551],[28.71195,41.18539],[28.71193,41.18532]]}},{"type":"Feature","properties":{"sinif":"tertiary","ad":null},"geometry":{"type":"LineString","coordinates":[[28.71193,41.18532],[28.71208,41.18537],[28.71223,41.18541],[28.71248,41.18554]]}},{"type":"Feature","properties":{"sinif":"secondary","ad":"Egemen Caddesi"},"geometry":{"type":"LineString","coordinates":[[28.70439,41.20014],[28.70453,41.20008],[28.70458,41.20006],[28.70469,41.20002],[28.70491,41.19995],[28.70643,41.19961],[28.70675,41.19956],[28.70693,41.19949],[28.70716,41.19938],[28.70813,41.19872],[28.70845,41.19859],[28.70879,41.19849],[28.70927,41.19843],[28.70991,41.19835],[28.7109,41.19831],[28.7116,41.19831],[28.71254,41.19838],[28.71309,41.19841],[28.71345,41.19842],[28.71354,41.19843]]}},{"type":"Feature","properties":{"sinif":"secondary","ad":"Egemen Caddesi"},"geometry":{"type":"LineString","coordinates":[[28.71324,41.19857],[28.71299,41.19851],[28.71281,41.19847],[28.71272,41.19845],[28.7116,41.19839],[28.7109,41.19839],[28.7106,41.19839],[28.71014,41.19842],[28.70971,41.19845],[28.70921,41.19848],[28.70876,41.19855],[28.70867,41.19857],[28.70844,41.19864],[28.70821,41.19876],[28.70787,41.19899],[28.70783,41.19901],[28.70723,41.19941],[28.70714,41.19945],[28.70677,41.19963],[28.7066,41.19967],[28.70653,41.19968],[28.70648,41.19969],[28.705,41.20002],[28.70479,41.2001],[28.70466,41.20018],[28.7046,41.20023],[28.7045,41.20033]]}},{"type":"Feature","properties":{"sinif":"secondary","ad":null},"geometry":{"type":"LineString","coordinates":[[28.70447,41.20037],[28.70442,41.2004],[28.70437,41.20041],[28.70432,41.20042],[28.70427,41.20041],[28.70422,41.2004],[28.70418,41.20037],[28.70414,41.20033],[28.70414,41.2003],[28.70413,41.20028],[28.70414,41.20023],[28.70417,41.20019],[28.70421,41.20015],[28.70427,41.20013],[28.70433,41.20013],[28.70439,41.20014],[28.70444,41.20015],[28.70448,41.20018],[28.70451,41.20022],[28.70452,41.20026],[28.70452,41.2003],[28.7045,41.20033],[28.70447,41.20037]]}},{"type":"Feature","properties":{"sinif":"primary_link","ad":null},"geometry":{"type":"LineString","coordinates":[[28.71819,41.18471],[28.71817,41.18463]]}},{"type":"Feature","properties":{"sinif":"tertiary","ad":"Devlet Caddesi"},"geometry":{"type":"LineString","coordinates":[[28.81069,41.17147],[28.8109,41.17134],[28.8113,41.17118],[28.81236,41.17092],[28.81284,41.17085],[28.81344,41.17077],[28.81394,41.17073],[28.81432,41.17074]]}},{"type":"Feature","properties":{"sinif":"trunk_link","ad":null},"geometry":{"type":"LineString","coordinates":[[28.81503,41.13638],[28.81461,41.1364],[28.81376,41.13639],[28.81366,41.13638],[28.81362,41.13636],[28.8136,41.13633],[28.81359,41.1363]]}},{"type":"Feature","properties":{"sinif":"trunk_link","ad":null},"geometry":{"type":"LineString","coordinates":[[28.81359,41.1363],[28.81359,41.13625],[28.81361,41.13621],[28.81362,41.13619],[28.81364,41.13617]]}},{"type":"Feature","properties":{"sinif":"secondary","ad":null},"geometry":{"type":"LineString","coordinates":[[28.72846,41.20469],[28.7286,41.20502]]}},{"type":"Feature","properties":{"sinif":"primary","ad":null},"geometry":{"type":"LineString","coordinates":[[28.72827,41.20488],[28.72817,41.20485],[28.728,41.20474]]}},{"type":"Feature","properties":{"sinif":"secondary","ad":"Eski Edirne Asfaltı Caddesi"},"geometry":{"type":"LineString","coordinates":[[28.6389,41.19061],[28.63879,41.19058],[28.63598,41.18973],[28.63529,41.18953],[28.63431,41.18922],[28.63387,41.18907],[28.63352,41.18894],[28.6332,41.18881],[28.6328,41.18863],[28.63245,41.1885],[28.63221,41.18843],[28.63206,41.18839],[28.63189,41.18839],[28.63172,41.18841],[28.63156,41.18843],[28.63146,41.18845]]}},{"type":"Feature","properties":{"sinif":"secondary","ad":"Hadımköy Caddesi"},"geometry":{"type":"LineString","coordinates":[[28.58972,41.2115],[28.58971,41.21157],[28.58964,41.21178],[28.58951,41.21207]]}},{"type":"Feature","properties":{"sinif":"secondary","ad":"Hadımköy Caddesi"},"geometry":{"type":"LineString","coordinates":[[28.5893,41.21266],[28.58914,41.21298]]}},{"type":"Feature","properties":{"sinif":"secondary","ad":"Eski Edirne Asfaltı Caddesi"},"geometry":{"type":"LineString","coordinates":[[28.65949,41.18783],[28.65914,41.18787],[28.65882,41.18794],[28.65716,41.18842],[28.65669,41.18854],[28.65617,41.18867],[28.65567,41.18877],[28.65485,41.18894],[28.65471,41.18897],[28.65444,41.18904],[28.65411,41.18911],[28.65389,41.18917],[28.65371,41.18924],[28.65349,41.18933],[28.65321,41.18947],[28.65289,41.18965],[28.65284,41.18969],[28.65257,41.18986],[28.65246,41.18995],[28.65239,41.19],[28.65215,41.19022],[28.6519,41.19047],[28.65065,41.19178],[28.65045,41.19198],[28.6503,41.19212]]}},{"type":"Feature","properties":{"sinif":"motorway_link","ad":"Fenertepe Kavşağı"},"geometry":{"type":"LineString","coordinates":[[28.80585,41.14016],[28.80569,41.14015],[28.80541,41.14012],[28.80523,41.1401],[28.80502,41.14006],[28.8047,41.13999],[28.80442,41.13991],[28.80421,41.13983],[28.804,41.13975],[28.80382,41.13965],[28.80366,41.13955],[28.80352,41.13945],[28.8034,41.13934],[28.80328,41.13922],[28.80319,41.1391],[28.8031,41.13896],[28.80302,41.13882],[28.80296,41.13863],[28.80293,41.13849],[28.80291,41.13836],[28.80291,41.13824],[28.80291,41.13814],[28.80292,41.13804],[28.80294,41.13793],[28.80297,41.13779],[28.80303,41.13762],[28.80377,41.13611]]}},{"type":"Feature","properties":{"sinif":"motorway_link","ad":"Fenertepe Kavşağı"},"geometry":{"type":"LineString","coordinates":[[28.80594,41.13865],[28.80578,41.13874],[28.80561,41.13884],[28.80536,41.139]]}},{"type":"Feature","properties":{"sinif":"trunk","ad":"Eski Edirne Asfaltı Caddesi"},"geometry":{"type":"LineString","coordinates":[[28.80591,41.13854],[28.80531,41.13894]]}},{"type":"Feature","properties":{"sinif":"motorway_link","ad":"Fenertepe Kavşağı"},"geometry":{"type":"LineString","coordinates":[[28.80891,41.13771],[28.80887,41.13789],[28.8088,41.13825],[28.80875,41.13843],[28.80871,41.13859]]}},{"type":"Feature","properties":{"sinif":"primary","ad":"Terminal Caddesi"},"geometry":{"type":"LineString","coordinates":[[28.74671,41.25782],[28.74674,41.25794],[28.7468,41.2581],[28.74685,41.25825],[28.74688,41.25834]]}},{"type":"Feature","properties":{"sinif":"primary","ad":"Terminal Caddesi"},"geometry":{"type":"LineString","coordinates":[[28.74671,41.25782],[28.74678,41.25792],[28.74686,41.25805],[28.74693,41.25819],[28.747,41.25835]]}},{"type":"Feature","properties":{"sinif":"primary","ad":"Terminal Caddesi"},"geometry":{"type":"LineString","coordinates":[[28.7466,41.25734],[28.74665,41.25742],[28.7467,41.25753],[28.74674,41.25762],[28.74678,41.2577],[28.74689,41.2579],[28.747,41.25812],[28.74709,41.25829]]}},{"type":"Feature","properties":{"sinif":"primary","ad":"Terminal Caddesi"},"geometry":{"type":"LineString","coordinates":[[28.74662,41.25191],[28.74666,41.25204],[28.74668,41.25218],[28.74669,41.25232],[28.7467,41.25268],[28.74669,41.25297]]}},{"type":"Feature","properties":{"sinif":"primary","ad":"Terminal Caddesi"},"geometry":{"type":"LineString","coordinates":[[28.74651,41.25312],[28.7465,41.25375]]}},{"type":"Feature","properties":{"sinif":"primary","ad":"Terminal Caddesi"},"geometry":{"type":"LineString","coordinates":[[28.74659,41.25841],[28.74657,41.25845],[28.74654,41.25849],[28.74649,41.25853],[28.74644,41.25856],[28.74639,41.25858],[28.74633,41.2586],[28.74627,41.25861]]}},{"type":"Feature","properties":{"sinif":"trunk_link","ad":"Terminal 2 Kavşağı"},"geometry":{"type":"LineString","coordinates":[[28.73887,41.24992],[28.73888,41.24945]]}},{"type":"Feature","properties":{"sinif":"primary","ad":"Terminal Caddesi"},"geometry":{"type":"LineString","coordinates":[[28.73887,41.25108],[28.73886,41.25057]]}},{"type":"Feature","properties":{"sinif":"primary","ad":"Terminal Caddesi"},"geometry":{"type":"LineString","coordinates":[[28.73888,41.2517],[28.73887,41.25155],[28.73886,41.2514],[28.73886,41.25121],[28.73887,41.25108]]}},{"type":"Feature","properties":{"sinif":"primary","ad":"Terminal Caddesi"},"geometry":{"type":"LineString","coordinates":[[28.73888,41.2522],[28.73888,41.2517]]}},{"type":"Feature","properties":{"sinif":"primary","ad":"Terminal Caddesi"},"geometry":{"type":"LineString","coordinates":[[28.73907,41.25854],[28.73899,41.25854],[28.7389,41.25852],[28.73882,41.2585],[28.73875,41.25846],[28.7387,41.25841],[28.73865,41.25835],[28.73863,41.25831],[28.73862,41.25826],[28.73862,41.25819]]}},{"type":"Feature","properties":{"sinif":"primary","ad":"Terminal Caddesi"},"geometry":{"type":"LineString","coordinates":[[28.73879,41.25754],[28.73882,41.25739],[28.73883,41.25729],[28.73883,41.2572],[28.73881,41.25712]]}},{"type":"Feature","properties":{"sinif":"primary","ad":"Terminal Caddesi"},"geometry":{"type":"LineString","coordinates":[[28.73867,41.25409],[28.73869,41.25385],[28.7387,41.25367],[28.73871,41.25348],[28.73872,41.25334],[28.73875,41.25326],[28.7388,41.25315],[28.73887,41.25303]]}},{"type":"Feature","properties":{"sinif":"primary","ad":"Terminal Caddesi"},"geometry":{"type":"LineString","coordinates":[[28.73849,41.25773],[28.73855,41.2576],[28.73862,41.25741],[28.73863,41.25732]]}},{"type":"Feature","properties":{"sinif":"primary","ad":"Terminal Caddesi"},"geometry":{"type":"LineString","coordinates":[[28.73886,41.25336],[28.73887,41.25303]]}},{"type":"Feature","properties":{"sinif":"motorway","ad":"Avrupa Otoyolu"},"geometry":{"type":"LineString","coordinates":[[28.63503,41.08774],[28.6347,41.08807],[28.63426,41.08849],[28.63368,41.08904],[28.63322,41.08946],[28.63277,41.08985],[28.63236,41.0902]]}},{"type":"Feature","properties":{"sinif":"primary","ad":"Tayakadın Bağlantı Yolu"},"geometry":{"type":"LineString","coordinates":[[28.67908,41.255],[28.67876,41.25454],[28.67837,41.25399],[28.67829,41.25388]]}},{"type":"Feature","properties":{"sinif":"tertiary","ad":null},"geometry":{"type":"LineString","coordinates":[[28.63283,41.28053],[28.63278,41.2806],[28.63273,41.28068],[28.63271,41.28076],[28.6327,41.28083],[28.63271,41.28096]]}},{"type":"Feature","properties":{"sinif":"motorway","ad":"Kuzey Marmara Otoyolu"},"geometry":{"type":"LineString","coordinates":[[28.71049,41.24381],[28.70922,41.24389],[28.70692,41.24405],[28.70447,41.24422],[28.69872,41.2446],[28.69724,41.24471],[28.69612,41.24483],[28.69565,41.24488],[28.69514,41.24492],[28.69457,41.24496],[28.69393,41.245]]}},{"type":"Feature","properties":{"sinif":"motorway","ad":"Kuzey Marmara Otoyolu"},"geometry":{"type":"LineString","coordinates":[[28.69393,41.245],[28.69322,41.24504],[28.69249,41.2451],[28.69146,41.24517],[28.69041,41.24526],[28.68969,41.24534],[28.68876,41.24543],[28.68801,41.2455]]}},{"type":"Feature","properties":{"sinif":"motorway","ad":"Kuzey Marmara Otoyolu"},"geometry":{"type":"LineString","coordinates":[[28.69433,41.24477],[28.6948,41.24474],[28.6953,41.24471],[28.69593,41.24465],[28.69669,41.24457],[28.69709,41.24452],[28.69825,41.24444],[28.70193,41.24419],[28.70618,41.2439],[28.70942,41.24368],[28.7098,41.24365]]}},{"type":"Feature","properties":{"sinif":"motorway","ad":"Kuzey Marmara Otoyolu"},"geometry":{"type":"LineString","coordinates":[[28.6696,41.24685],[28.67054,41.24683],[28.67125,41.24682],[28.67168,41.2468],[28.67229,41.24678],[28.67289,41.24675],[28.67349,41.2467],[28.67441,41.24664],[28.6752,41.24658],[28.6763,41.2465],[28.67699,41.24645],[28.67771,41.24636],[28.67837,41.24626],[28.67902,41.24617],[28.68008,41.24606],[28.68198,41.24586],[28.684,41.24567],[28.68551,41.24552],[28.6861,41.24547],[28.68681,41.2454],[28.6875,41.24534],[28.68843,41.24525]]}},{"type":"Feature","properties":{"sinif":"motorway","ad":"Kuzey Marmara Otoyolu"},"geometry":{"type":"LineString","coordinates":[[28.68843,41.24525],[28.68872,41.24523],[28.69117,41.24501],[28.69197,41.24494],[28.69297,41.24486],[28.69433,41.24477]]}},{"type":"Feature","properties":{"sinif":"motorway","ad":"Kuzey Marmara Otoyolu"},"geometry":{"type":"LineString","coordinates":[[28.72216,41.24327],[28.7233,41.24329],[28.72459,41.24329]]}},{"type":"Feature","properties":{"sinif":"motorway","ad":"Kuzey Marmara Otoyolu"},"geometry":{"type":"LineString","coordinates":[[28.60441,41.22134],[28.60515,41.22184],[28.60717,41.22334]]}},{"type":"Feature","properties":{"sinif":"motorway_link","ad":"Yassıören 1 Kavşağı"},"geometry":{"type":"LineString","coordinates":[[28.59798,41.22315],[28.59791,41.22346],[28.59784,41.22373],[28.59776,41.22402],[28.59771,41.22421]]}},{"type":"Feature","properties":{"sinif":"motorway_link","ad":"Yassıören Kavşağı"},"geometry":{"type":"LineString","coordinates":[[28.59777,41.22311],[28.59782,41.2229],[28.59786,41.22275],[28.59793,41.22246],[28.59799,41.22218]]}},{"type":"Feature","properties":{"sinif":"motorway_link","ad":"Yassıören Kavşağı"},"geometry":{"type":"LineString","coordinates":[[28.5984,41.22145],[28.59822,41.22213]]}},{"type":"Feature","properties":{"sinif":"motorway_link","ad":"Yassıören 1 Kavşağı"},"geometry":{"type":"LineString","coordinates":[[28.59761,41.22501],[28.59761,41.22513],[28.59762,41.22527]]}},{"type":"Feature","properties":{"sinif":"secondary","ad":"Eski Edirne Asfaltı Caddesi"},"geometry":{"type":"LineString","coordinates":[[28.6,41.23158],[28.60004,41.23135],[28.60008,41.23124],[28.6001,41.23114],[28.6001,41.23104],[28.60011,41.23084],[28.60011,41.23068],[28.60014,41.23049]]}},{"type":"Feature","properties":{"sinif":"motorway_link","ad":"Terminal 2 Kavşağı"},"geometry":{"type":"LineString","coordinates":[[28.72978,41.24321],[28.73013,41.24321],[28.73051,41.2432],[28.73124,41.24318],[28.73222,41.24314]]}},{"type":"Feature","properties":{"sinif":"motorway_link","ad":"Terminal 1 Kavşağı"},"geometry":{"type":"LineString","coordinates":[[28.78651,41.23867],[28.78679,41.2386],[28.78709,41.23851],[28.78756,41.23836],[28.78822,41.23812],[28.78944,41.2377],[28.78993,41.23754],[28.79042,41.23738],[28.7908,41.23726],[28.79111,41.23718],[28.79138,41.23711],[28.79176,41.23702],[28.79212,41.23694],[28.79251,41.23687],[28.79287,41.23682],[28.79322,41.23677],[28.79355,41.23674],[28.79382,41.23671],[28.79411,41.23669],[28.79447,41.23667],[28.7948,41.23666],[28.79514,41.23666],[28.79544,41.23667],[28.79573,41.23668],[28.79605,41.23669],[28.79632,41.23671],[28.79649,41.23672],[28.79707,41.23676],[28.79778,41.23681],[28.79827,41.23684],[28.79877,41.23685],[28.7994,41.23688],[28.80005,41.23692],[28.80042,41.23695],[28.80077,41.23699],[28.80111,41.23705]]}},{"type":"Feature","properties":{"sinif":"motorway","ad":"Kuzey Marmara Otoyolu"},"geometry":{"type":"LineString","coordinates":[[28.72316,41.24348],[28.72205,41.24347]]}},{"type":"Feature","properties":{"sinif":"motorway","ad":"Kuzey Marmara Otoyolu"},"geometry":{"type":"LineString","coordinates":[[28.72622,41.2435],[28.72493,41.24349],[28.72316,41.24348]]}},{"type":"Feature","properties":{"sinif":"motorway_link","ad":"Terminal 2 Kavşağı"},"geometry":{"type":"LineString","coordinates":[[28.73891,41.24533],[28.7389,41.24512],[28.7389,41.24493],[28.73891,41.24476],[28.73893,41.24458]]}},{"type":"Feature","properties":{"sinif":"motorway_link","ad":"Terminal 1 Kavşağı"},"geometry":{"type":"LineString","coordinates":[[28.76757,41.24311],[28.7674,41.24301],[28.76731,41.24296],[28.7672,41.24291],[28.76702,41.24284],[28.76681,41.24278],[28.76661,41.24274],[28.76643,41.24271],[28.76622,41.24271],[28.76601,41.24271],[28.76548,41.24275]]}},{"type":"Feature","properties":{"sinif":"trunk_link","ad":"Terminal 1 Kavşağı"},"geometry":{"type":"LineString","coordinates":[[28.76815,41.24885],[28.7681,41.24866],[28.76807,41.24854],[28.76807,41.24839],[28.76807,41.24829],[28.76804,41.24817],[28.76801,41.24808]]}},{"type":"Feature","properties":{"sinif":"primary","ad":"IGA-1B"},"geometry":{"type":"LineString","coordinates":[[28.76804,41.24948],[28.76808,41.24937],[28.76812,41.24921],[28.76814,41.24909],[28.76815,41.24898],[28.76815,41.24885]]}},{"type":"Feature","properties":{"sinif":"trunk_link","ad":"Terminal 1 Kavşağı"},"geometry":{"type":"LineString","coordinates":[[28.76063,41.24468],[28.76075,41.24467],[28.76089,41.24466],[28.76132,41.24466],[28.76167,41.24466],[28.76193,41.24464],[28.76214,41.24462]]}},{"type":"Feature","properties":{"sinif":"trunk_link","ad":"Terminal 2 Kavşağı"},"geometry":{"type":"LineString","coordinates":[[28.75864,41.24526],[28.75803,41.24529],[28.75733,41.2453]]}},{"type":"Feature","properties":{"sinif":"motorway_link","ad":"Kargo Kavşağı"},"geometry":{"type":"LineString","coordinates":[[28.78806,41.24124],[28.78795,41.24111],[28.78785,41.241],[28.78778,41.24094]]}},{"type":"Feature","properties":{"sinif":"trunk_link","ad":"Terminal 2 Kavşağı"},"geometry":{"type":"LineString","coordinates":[[28.72649,41.24586],[28.72782,41.24592],[28.72835,41.24596]]}},{"type":"Feature","properties":{"sinif":"trunk_link","ad":"Terminal 2 Kavşağı"},"geometry":{"type":"LineString","coordinates":[[28.73572,41.24569],[28.73644,41.24564],[28.73665,41.24562],[28.73718,41.24557]]}},{"type":"Feature","properties":{"sinif":"trunk_link","ad":"Terminal 2 Kavşağı"},"geometry":{"type":"LineString","coordinates":[[28.73446,41.24578],[28.73572,41.24569]]}},{"type":"Feature","properties":{"sinif":"trunk_link","ad":"Terminal 1 Kavşağı"},"geometry":{"type":"LineString","coordinates":[[28.75787,41.24463],[28.76063,41.24468]]}},{"type":"Feature","properties":{"sinif":"trunk_link","ad":"Kargo Kavşağı"},"geometry":{"type":"LineString","coordinates":[[28.78165,41.24317],[28.78306,41.24293],[28.78394,41.24278],[28.78486,41.24263],[28.78662,41.24232],[28.78726,41.24221],[28.78781,41.24212],[28.78828,41.24204]]}},{"type":"Feature","properties":{"sinif":"trunk","ad":null},"geometry":{"type":"LineString","coordinates":[[28.72588,41.24577],[28.72649,41.24586]]}},{"type":"Feature","properties":{"sinif":"tertiary","ad":null},"geometry":{"type":"LineString","coordinates":[[28.69626,41.1859],[28.69637,41.18595],[28.69653,41.18603],[28.69664,41.18604],[28.6967,41.18603],[28.6968,41.186],[28.69703,41.18589],[28.69727,41.18575],[28.69742,41.18561],[28.69759,41.18546],[28.69799,41.18502],[28.69812,41.18488]]}},{"type":"Feature","properties":{"sinif":"tertiary","ad":null},"geometry":{"type":"LineString","coordinates":[[28.64868,41.27833],[28.64894,41.27829],[28.64918,41.27823],[28.64941,41.27816],[28.64979,41.27803],[28.65017,41.2779],[28.65043,41.27782],[28.65071,41.27775],[28.65095,41.2777],[28.65114,41.27765],[28.65129,41.2776],[28.65139,41.27757],[28.65148,41.27753],[28.6516,41.27744],[28.6517,41.27736],[28.65177,41.27728],[28.65186,41.27716],[28.65191,41.27703],[28.65194,41.27696],[28.65198,41.27689],[28.65201,41.27685],[28.65206,41.2768],[28.65213,41.27676],[28.65226,41.27671],[28.65257,41.27661],[28.65277,41.27653],[28.65332,41.27627],[28.6538,41.27607],[28.6542,41.27591],[28.65435,41.27585],[28.65446,41.27583],[28.65455,41.27581],[28.65463,41.27581],[28.65469,41.27583],[28.65473,41.27585],[28.6548,41.27589],[28.6555,41.27649],[28.65561,41.27659],[28.6557,41.27667],[28.65578,41.27677],[28.65594,41.27701],[28.6561,41.27726],[28.65621,41.27741],[28.65636,41.27758],[28.65655,41.27779],[28.65669,41.27797],[28.65725,41.27876],[28.65753,41.27921],[28.65786,41.27969],[28.65797,41.27985],[28.65805,41.27998],[28.6581,41.28005],[28.65817,41.28012],[28.65825,41.2802],[28.65831,41.28028],[28.65835,41.28037],[28.65838,41.28044],[28.65842,41.2805],[28.65847,41.2806],[28.65898,41.28128],[28.65933,41.28177],[28.65964,41.28218],[28.66022,41.28291],[28.66109,41.28406],[28.66128,41.28428],[28.66139,41.28441],[28.66156,41.2846],[28.66167,41.28473],[28.66181,41.28492],[28.66231,41.28545],[28.66244,41.28562],[28.66248,41.2857],[28.6625,41.28577],[28.66251,41.28582],[28.66252,41.28587],[28.66254,41.2859],[28.66257,41.28593],[28.66262,41.28596],[28.66271,41.28601],[28.66276,41.28606],[28.66279,41.28612],[28.6628,41.28617],[28.66284,41.28622],[28.66289,41.28626],[28.66294,41.28629],[28.663,41.28632],[28.66307,41.28636],[28.66313,41.28642],[28.66323,41.28653],[28.66364,41.28701],[28.66371,41.28713],[28.66375,41.2872],[28.66379,41.2873],[28.66383,41.28741],[28.66385,41.28759],[28.66388,41.28775],[28.66391,41.28786],[28.66393,41.2879],[28.66396,41.28795],[28.664,41.28798],[28.66406,41.288],[28.66413,41.288],[28.66423,41.28799]]}},{"type":"Feature","properties":{"sinif":"secondary","ad":"Terkos-Karaburun Caddesi"},"geometry":{"type":"LineString","coordinates":[[28.67232,41.29926],[28.67298,41.29956],[28.67331,41.29972]]}},{"type":"Feature","properties":{"sinif":"secondary","ad":"Terkos-Karaburun Caddesi"},"geometry":{"type":"LineString","coordinates":[[28.67218,41.2992],[28.67232,41.29926]]}},{"type":"Feature","properties":{"sinif":"primary","ad":"Terminal Caddesi"},"geometry":{"type":"LineString","coordinates":[[28.74667,41.25903],[28.74659,41.25907],[28.74649,41.2591],[28.74638,41.25912],[28.74625,41.25913],[28.74614,41.25913]]}},{"type":"Feature","properties":{"sinif":"primary","ad":"Terminal Caddesi"},"geometry":{"type":"LineString","coordinates":[[28.738,41.25831],[28.73804,41.25822],[28.73814,41.25804],[28.73826,41.25783],[28.73838,41.25763],[28.73846,41.25751],[28.73852,41.25743]]}},{"type":"Feature","properties":{"sinif":"trunk","ad":null},"geometry":{"type":"LineString","coordinates":[[28.69022,41.25225],[28.69106,41.25152],[28.69137,41.25126],[28.69161,41.25106],[28.69184,41.25088],[28.69214,41.25065],[28.6927,41.25025],[28.69298,41.25005],[28.69335,41.2498],[28.69389,41.24947],[28.69411,41.24933],[28.69435,41.24919],[28.69476,41.24896],[28.69513,41.24875],[28.6957,41.24846],[28.69601,41.2483],[28.69629,41.24817]]}},{"type":"Feature","properties":{"sinif":"secondary","ad":null},"geometry":{"type":"LineString","coordinates":[[28.69623,41.24778],[28.69628,41.24797],[28.69632,41.24812]]}},{"type":"Feature","properties":{"sinif":"motorway","ad":"Kuzey Marmara Otoyolu"},"geometry":{"type":"LineString","coordinates":[[28.68801,41.2455],[28.68744,41.24555],[28.6839,41.24588],[28.68241,41.24602],[28.68091,41.24618],[28.67957,41.24632],[28.67888,41.24639],[28.6782,41.24649],[28.67731,41.24662],[28.6766,41.24667],[28.67554,41.24675],[28.67387,41.24688],[28.67323,41.24692],[28.67252,41.24697],[28.67188,41.24699],[28.67071,41.24702]]}},{"type":"Feature","properties":{"sinif":"trunk","ad":null},"geometry":{"type":"LineString","coordinates":[[28.68254,41.25843],[28.68203,41.25869],[28.68119,41.25912],[28.68063,41.2594],[28.68015,41.25963],[28.67982,41.25977]]}},{"type":"Feature","properties":{"sinif":"primary","ad":"Tayakadın Bağlantı Yolu"},"geometry":{"type":"LineString","coordinates":[[28.69165,41.26185],[28.69221,41.26206],[28.69275,41.26226],[28.69342,41.2625],[28.69364,41.26257],[28.694,41.26267],[28.69462,41.26281],[28.69496,41.26288],[28.69528,41.26294],[28.69569,41.263],[28.6961,41.26305],[28.69655,41.26309],[28.69699,41.26311],[28.69736,41.26311],[28.69777,41.2631],[28.69801,41.26309],[28.69828,41.26307],[28.69847,41.26306],[28.69886,41.26301],[28.69921,41.26295],[28.69941,41.26292],[28.69957,41.2629],[28.69962,41.26289]]}},{"type":"Feature","properties":{"sinif":"trunk","ad":null},"geometry":{"type":"LineString","coordinates":[[28.72848,41.24621],[28.72826,41.24619],[28.72803,41.24618],[28.72777,41.24615],[28.72749,41.24613],[28.72694,41.24607]]}},{"type":"Feature","properties":{"sinif":"trunk","ad":null},"geometry":{"type":"LineString","coordinates":[[28.68799,41.25446],[28.68703,41.2553],[28.68652,41.25575],[28.68604,41.25613],[28.68554,41.25652],[28.68507,41.25687],[28.68453,41.25723],[28.6843,41.25739],[28.68379,41.25771],[28.68324,41.25804],[28.68254,41.25843]]}},{"type":"Feature","properties":{"sinif":"trunk","ad":null},"geometry":{"type":"LineString","coordinates":[[28.69146,41.25142],[28.69112,41.2517],[28.6908,41.25199],[28.69034,41.25239],[28.68987,41.2528],[28.68895,41.25361],[28.68849,41.25402],[28.68799,41.25446]]}},{"type":"Feature","properties":{"sinif":"trunk","ad":null},"geometry":{"type":"LineString","coordinates":[[28.66396,41.27346],[28.66423,41.27332],[28.66452,41.27312],[28.66479,41.27292],[28.66503,41.27273],[28.66521,41.27256],[28.6659,41.27196],[28.66663,41.27131],[28.66718,41.27082],[28.66728,41.27074]]}},{"type":"Feature","properties":{"sinif":"trunk","ad":null},"geometry":{"type":"LineString","coordinates":[[28.67671,41.26149],[28.6785,41.26037],[28.67889,41.26012],[28.6791,41.26],[28.6793,41.2599],[28.67964,41.25973],[28.68029,41.25944],[28.68078,41.25918],[28.68118,41.25896],[28.68139,41.25884]]}},{"type":"Feature","properties":{"sinif":"trunk","ad":null},"geometry":{"type":"LineString","coordinates":[[28.68643,41.25559],[28.68713,41.25497],[28.68775,41.25443],[28.68834,41.25391],[28.68953,41.25286],[28.68967,41.25273],[28.69022,41.25225]]}},{"type":"Feature","properties":{"sinif":"trunk_link","ad":null},"geometry":{"type":"LineString","coordinates":[[28.61291,41.27855],[28.61296,41.2785],[28.61301,41.27847],[28.61306,41.27843],[28.61313,41.27842],[28.61322,41.2784]]}},{"type":"Feature","properties":{"sinif":"secondary","ad":null},"geometry":{"type":"LineString","coordinates":[[28.5895,41.24732],[28.58985,41.24672],[28.59009,41.2464],[28.59025,41.2462],[28.59055,41.24583],[28.59111,41.24511]]}},{"type":"Feature","properties":{"sinif":"trunk","ad":null},"geometry":{"type":"LineString","coordinates":[[28.59729,41.26016],[28.59719,41.26006],[28.5971,41.25995],[28.59663,41.25937],[28.59604,41.25864],[28.59557,41.25805],[28.59454,41.25677],[28.59408,41.25619],[28.59394,41.25602],[28.59391,41.25599],[28.59377,41.2558],[28.59363,41.25558],[28.59348,41.25536],[28.59332,41.25509],[28.59321,41.25489],[28.59307,41.25461],[28.59295,41.25435],[28.59285,41.25409],[28.59282,41.25403],[28.59267,41.25359],[28.59254,41.25318],[28.5925,41.25297],[28.59236,41.25233],[28.59229,41.252],[28.59227,41.25192]]}},{"type":"Feature","properties":{"sinif":"trunk","ad":null},"geometry":{"type":"LineString","coordinates":[[28.59127,41.24996],[28.59148,41.25014],[28.59167,41.25033],[28.59183,41.25052],[28.592,41.25076],[28.59211,41.25095],[28.59221,41.25115],[28.59229,41.25131],[28.59234,41.25145],[28.59241,41.25168],[28.59249,41.25204],[28.59259,41.25258],[28.59271,41.25306],[28.59279,41.25339],[28.59287,41.25363],[28.59296,41.25391],[28.59304,41.25411],[28.59312,41.2543],[28.59327,41.25463],[28.59345,41.25499],[28.59362,41.25527],[28.59382,41.2556],[28.59403,41.25587],[28.59426,41.25615],[28.5947,41.25669],[28.5948,41.25681],[28.59516,41.25725],[28.59568,41.25789],[28.596,41.2583],[28.59648,41.25892],[28.59722,41.25985],[28.59751,41.26016],[28.59769,41.26034],[28.59785,41.26048],[28.598,41.26061]]}},{"type":"Feature","properties":{"sinif":"trunk","ad":null},"geometry":{"type":"LineString","coordinates":[[28.58503,41.24895],[28.58551,41.2489],[28.58598,41.24885],[28.58641,41.24881]]}},{"type":"Feature","properties":{"sinif":"trunk","ad":null},"geometry":{"type":"LineString","coordinates":[[28.598,41.26061],[28.59834,41.26086],[28.59883,41.26122],[28.59901,41.26134],[28.59919,41.26149],[28.59944,41.26172],[28.59965,41.26193],[28.59986,41.26215],[28.60002,41.26234],[28.60022,41.2626],[28.60043,41.26289],[28.60064,41.26316],[28.60091,41.26353],[28.60125,41.26401],[28.60146,41.26431],[28.60152,41.26441],[28.6018,41.26479],[28.60195,41.26499],[28.60239,41.26561],[28.60301,41.26644],[28.6034,41.26692],[28.60366,41.26726],[28.60462,41.26861],[28.60522,41.26944],[28.60539,41.26964],[28.60555,41.26979],[28.60576,41.26997],[28.60603,41.27016],[28.60627,41.2703],[28.60659,41.27045],[28.60687,41.27056],[28.60712,41.27064],[28.60743,41.27072],[28.60767,41.27078],[28.60789,41.27084],[28.6081,41.2709],[28.60832,41.27098],[28.60869,41.27115],[28.609,41.27135],[28.60918,41.2715],[28.60937,41.2717],[28.60952,41.27187],[28.60964,41.27203],[28.60974,41.27218],[28.60981,41.27231],[28.60987,41.27242],[28.6099,41.27256],[28.60993,41.27268],[28.60994,41.27279],[28.60996,41.27301],[28.60996,41.27313],[28.60994,41.27325],[28.60985,41.27384],[28.60983,41.27404],[28.60983,41.2742],[28.60983,41.27435],[28.60986,41.27457],[28.60992,41.27478],[28.60997,41.27495],[28.61004,41.27513],[28.61014,41.27529],[28.61026,41.27547],[28.6104,41.27566],[28.61066,41.27593]]}},{"type":"Feature","properties":{"sinif":"trunk","ad":null},"geometry":{"type":"LineString","coordinates":[[28.61066,41.27593],[28.61097,41.27624],[28.61172,41.27703],[28.61208,41.27739]]}},{"type":"Feature","properties":{"sinif":"trunk","ad":null},"geometry":{"type":"LineString","coordinates":[[28.61208,41.27739],[28.6122,41.2775],[28.61233,41.27763],[28.61262,41.27788],[28.61294,41.27816],[28.61322,41.2784],[28.6133,41.27848],[28.61336,41.27855]]}},{"type":"Feature","properties":{"sinif":"trunk","ad":null},"geometry":{"type":"LineString","coordinates":[[28.63263,41.28025],[28.63284,41.28027]]}},{"type":"Feature","properties":{"sinif":"trunk","ad":null},"geometry":{"type":"LineString","coordinates":[[28.62933,41.28102],[28.6295,41.28091],[28.62971,41.2808],[28.62992,41.2807],[28.63013,41.2806],[28.63035,41.28052],[28.63058,41.28045],[28.63077,41.2804],[28.63097,41.28035],[28.63116,41.28031],[28.63137,41.28027],[28.63161,41.28025],[28.63185,41.28023],[28.63206,41.28023],[28.63234,41.28024],[28.63263,41.28025]]}},{"type":"Feature","properties":{"sinif":"trunk","ad":null},"geometry":{"type":"LineString","coordinates":[[28.62837,41.28191],[28.62863,41.28165],[28.62879,41.28147],[28.62899,41.28129],[28.62916,41.28115],[28.62933,41.28102]]}},{"type":"Feature","properties":{"sinif":"trunk","ad":null},"geometry":{"type":"LineString","coordinates":[[28.64107,41.27877],[28.64153,41.27866],[28.64196,41.27856],[28.64239,41.27849],[28.64263,41.27846],[28.64281,41.27844]]}},{"type":"Feature","properties":{"sinif":"trunk","ad":null},"geometry":{"type":"LineString","coordinates":[[28.64281,41.27844],[28.64298,41.27842],[28.64313,41.27842]]}},{"type":"Feature","properties":{"sinif":"trunk","ad":null},"geometry":{"type":"LineString","coordinates":[[28.6391,41.27922],[28.63997,41.27903],[28.64062,41.27888],[28.64107,41.27877]]}},{"type":"Feature","properties":{"sinif":"trunk","ad":null},"geometry":{"type":"LineString","coordinates":[[28.66728,41.27074],[28.66747,41.27057],[28.66761,41.27043],[28.66775,41.27029],[28.66796,41.27005],[28.66851,41.26936],[28.66864,41.2692],[28.66879,41.26901]]}},{"type":"Feature","properties":{"sinif":"trunk","ad":null},"geometry":{"type":"LineString","coordinates":[[28.66446,41.2733],[28.66429,41.27341],[28.6641,41.27352],[28.66393,41.27361],[28.66377,41.27368],[28.66356,41.27378],[28.66336,41.27386],[28.66315,41.27394],[28.66289,41.27403],[28.66254,41.27414]]}},{"type":"Feature","properties":{"sinif":"trunk","ad":null},"geometry":{"type":"LineString","coordinates":[[28.66512,41.2728],[28.66486,41.27302],[28.66474,41.27311],[28.66463,41.27319],[28.66446,41.2733]]}},{"type":"Feature","properties":{"sinif":"trunk","ad":null},"geometry":{"type":"LineString","coordinates":[[28.64492,41.27847],[28.6447,41.27849],[28.64436,41.27853],[28.64385,41.2786],[28.64349,41.27864],[28.64315,41.27868]]}},{"type":"Feature","properties":{"sinif":"trunk","ad":null},"geometry":{"type":"LineString","coordinates":[[28.64315,41.27868],[28.64286,41.2787]]}},{"type":"Feature","properties":{"sinif":"trunk","ad":null},"geometry":{"type":"LineString","coordinates":[[28.63283,41.28053],[28.63254,41.28052]]}},{"type":"Feature","properties":{"sinif":"trunk","ad":null},"geometry":{"type":"LineString","coordinates":[[28.63254,41.28052],[28.63222,41.28049],[28.63192,41.28047],[28.63164,41.28046],[28.63145,41.28046],[28.63124,41.28048],[28.63106,41.28049],[28.63086,41.28053],[28.6307,41.28056],[28.63048,41.28061],[28.6303,41.28067],[28.6301,41.28074],[28.62989,41.28083],[28.6297,41.28093],[28.62957,41.281],[28.62945,41.28107],[28.62926,41.28122],[28.6291,41.28134],[28.62891,41.28153],[28.62854,41.28191],[28.62798,41.28249],[28.62775,41.28273],[28.62751,41.28297],[28.62738,41.28309],[28.62726,41.2832],[28.62706,41.28338],[28.62685,41.28353],[28.62658,41.28371],[28.62641,41.28382],[28.62625,41.28392],[28.62609,41.28399],[28.62591,41.28409],[28.6257,41.28418],[28.62544,41.28428],[28.62519,41.28437],[28.62493,41.28445],[28.62467,41.28453],[28.6244,41.28459],[28.62412,41.28464],[28.62373,41.28471],[28.62333,41.28476],[28.6228,41.28479],[28.62238,41.28478],[28.62214,41.28476],[28.62187,41.28474],[28.62156,41.2847],[28.62126,41.28465],[28.62099,41.2846],[28.62058,41.28448],[28.62032,41.28441],[28.62007,41.28432],[28.61981,41.28422],[28.61956,41.28411],[28.61933,41.284],[28.61913,41.28389],[28.61892,41.28378],[28.61859,41.28356],[28.61835,41.28337],[28.61803,41.28312],[28.61752,41.28271],[28.61725,41.2825],[28.61653,41.28193],[28.61615,41.28164],[28.61587,41.28141],[28.6157,41.28126],[28.61554,41.2811]]}},{"type":"Feature","properties":{"sinif":"trunk","ad":null},"geometry":{"type":"LineString","coordinates":[[28.61418,41.27973],[28.61386,41.27942],[28.61358,41.27917],[28.61333,41.27895],[28.61309,41.27873],[28.61299,41.27863],[28.61291,41.27855]]}},{"type":"Feature","properties":{"sinif":"trunk","ad":null},"geometry":{"type":"LineString","coordinates":[[28.61554,41.2811],[28.61529,41.28085],[28.61502,41.28058],[28.61472,41.28027],[28.61443,41.27996],[28.61418,41.27973]]}},{"type":"Feature","properties":{"sinif":"motorway_link","ad":"Terminal 2 Kavşağı"},"geometry":{"type":"LineString","coordinates":[[28.75455,41.24273],[28.75419,41.24274],[28.75389,41.24274],[28.75299,41.24273],[28.75237,41.24272]]}},{"type":"Feature","properties":{"sinif":"motorway_link","ad":"Terminal 2 Kavşağı"},"geometry":{"type":"LineString","coordinates":[[28.75455,41.24273],[28.75421,41.2427],[28.75386,41.24268],[28.75304,41.24266],[28.75269,41.24265],[28.75237,41.24265]]}},{"type":"Feature","properties":{"sinif":"tertiary","ad":null},"geometry":{"type":"LineString","coordinates":[[28.69703,41.17696],[28.69757,41.17732]]}},{"type":"Feature","properties":{"sinif":"motorway","ad":"Kuzey Marmara Otoyolu"},"geometry":{"type":"LineString","coordinates":[[28.59559,41.21571],[28.59546,41.21563],[28.59513,41.21542],[28.59462,41.21512],[28.59402,41.2148],[28.5935,41.21452],[28.59296,41.21426],[28.59179,41.2137]]}},{"type":"Feature","properties":{"sinif":"primary_link","ad":null},"geometry":{"type":"LineString","coordinates":[[28.70014,41.26288],[28.70018,41.26291],[28.70021,41.26294],[28.70025,41.26301],[28.70026,41.26308],[28.70025,41.26315],[28.70021,41.26322],[28.70018,41.26326],[28.70014,41.26329]]}},{"type":"Feature","properties":{"sinif":"primary_link","ad":"Eski Tayakadın-İhsaniye Yolu (Eski D020)"},"geometry":{"type":"LineString","coordinates":[[28.70014,41.26329],[28.70009,41.26332],[28.69998,41.26335],[28.69992,41.26336],[28.69983,41.26336],[28.69974,41.26334],[28.69968,41.26331],[28.69966,41.2633]]}},{"type":"Feature","properties":{"sinif":"primary_link","ad":"Eski Tayakadın-İhsaniye Yolu (Eski D020)"},"geometry":{"type":"LineString","coordinates":[[28.69964,41.26288],[28.69965,41.26287],[28.69973,41.26283],[28.69982,41.26281],[28.6999,41.2628],[28.7,41.26282],[28.70008,41.26284],[28.70012,41.26287],[28.70014,41.26288]]}},{"type":"Feature","properties":{"sinif":"primary_link","ad":null},"geometry":{"type":"LineString","coordinates":[[28.70767,41.25399],[28.70758,41.25401],[28.70749,41.25404],[28.70738,41.25407],[28.70727,41.25415],[28.70718,41.25421],[28.70707,41.25429],[28.70688,41.25444]]}},{"type":"Feature","properties":{"sinif":"tertiary","ad":"Baklalı Caddesi"},"geometry":{"type":"LineString","coordinates":[[28.69626,41.1859],[28.69626,41.18571]]}},{"type":"Feature","properties":{"sinif":"tertiary","ad":"Baklalı Caddesi"},"geometry":{"type":"LineString","coordinates":[[28.69634,41.18437],[28.69638,41.18384]]}},{"type":"Feature","properties":{"sinif":"tertiary","ad":null},"geometry":{"type":"LineString","coordinates":[[28.69509,41.1861],[28.6948,41.18547],[28.69465,41.18514],[28.69448,41.18482],[28.69417,41.18444],[28.69397,41.18421],[28.69387,41.18403]]}},{"type":"Feature","properties":{"sinif":"tertiary","ad":null},"geometry":{"type":"LineString","coordinates":[[28.71782,41.19703],[28.71787,41.19703],[28.71793,41.19704],[28.71797,41.19706],[28.71801,41.1971],[28.71803,41.19714],[28.71804,41.19718],[28.71802,41.19722],[28.718,41.19725],[28.71796,41.19728],[28.71791,41.1973],[28.71786,41.19731],[28.7178,41.19731],[28.71775,41.1973],[28.71771,41.19727],[28.71767,41.19723],[28.71765,41.19719],[28.71766,41.19715],[28.71767,41.1971],[28.71771,41.19707],[28.71776,41.19704],[28.71782,41.19703]]}},{"type":"Feature","properties":{"sinif":"tertiary","ad":"Egemen Caddesi"},"geometry":{"type":"LineString","coordinates":[[28.71517,41.19853],[28.71535,41.19854],[28.71648,41.19857],[28.7169,41.19859],[28.71703,41.19859],[28.71715,41.19858],[28.71725,41.19855],[28.71732,41.19851],[28.71741,41.19845],[28.71755,41.19835],[28.71766,41.19823],[28.71775,41.19814],[28.71782,41.19804],[28.71787,41.19794],[28.7179,41.19787],[28.71793,41.19779],[28.71795,41.19769],[28.71795,41.19762],[28.71796,41.19759],[28.71792,41.19744],[28.71775,41.1973]]}},{"type":"Feature","properties":{"sinif":"motorway_link","ad":"Terminal 2 Kavşağı"},"geometry":{"type":"LineString","coordinates":[[28.74652,41.24881],[28.74652,41.24922],[28.74655,41.24949],[28.74661,41.24979]]}},{"type":"Feature","properties":{"sinif":"trunk_link","ad":"Terminal 2 Kavşağı"},"geometry":{"type":"LineString","coordinates":[[28.74661,41.2488],[28.7466,41.24922],[28.74661,41.24979]]}},{"type":"Feature","properties":{"sinif":"trunk_link","ad":"Terminal 2 Kavşağı"},"geometry":{"type":"LineString","coordinates":[[28.74662,41.2482],[28.74661,41.2488]]}},{"type":"Feature","properties":{"sinif":"trunk_link","ad":"Terminal 2 Kavşağı"},"geometry":{"type":"LineString","coordinates":[[28.7467,41.24819],[28.7467,41.24879]]}},{"type":"Feature","properties":{"sinif":"trunk_link","ad":"Terminal 2 Kavşağı"},"geometry":{"type":"LineString","coordinates":[[28.7467,41.24879],[28.74668,41.24923],[28.74666,41.24962],[28.74661,41.24979]]}},{"type":"Feature","properties":{"sinif":"motorway_link","ad":"Terminal 2 Kavşağı"},"geometry":{"type":"LineString","coordinates":[[28.73891,41.24892],[28.73895,41.24858],[28.73897,41.24823]]}},{"type":"Feature","properties":{"sinif":"trunk","ad":"Eski Edirne Asfaltı Caddesi"},"geometry":{"type":"LineString","coordinates":[[28.80531,41.13894],[28.80479,41.13929],[28.80429,41.13963]]}},{"type":"Feature","properties":{"sinif":"motorway_link","ad":"Fenertepe Kavşağı"},"geometry":{"type":"LineString","coordinates":[[28.80536,41.139],[28.8051,41.13915],[28.80494,41.13922],[28.80479,41.13929]]}},{"type":"Feature","properties":{"sinif":"primary_link","ad":null},"geometry":{"type":"LineString","coordinates":[[28.72061,41.18295],[28.72066,41.18296],[28.7207,41.18299]]}},{"type":"Feature","properties":{"sinif":"tertiary","ad":null},"geometry":{"type":"LineString","coordinates":[[28.71138,41.17826],[28.71143,41.1783],[28.7117,41.17849],[28.71193,41.17866],[28.71201,41.17873],[28.71224,41.17892],[28.71236,41.17901],[28.71262,41.17931],[28.71272,41.17941],[28.71277,41.17947],[28.71304,41.17974],[28.71344,41.1802],[28.71354,41.18031],[28.71365,41.18044],[28.71396,41.18087],[28.71404,41.18098],[28.71417,41.18113],[28.71454,41.18161],[28.71473,41.18185],[28.71475,41.18192],[28.71475,41.18195]]}},{"type":"Feature","properties":{"sinif":"secondary","ad":"Haraççı - Hadımköy Yolu"},"geometry":{"type":"LineString","coordinates":[[28.70244,41.17888],[28.70243,41.17885],[28.70241,41.17878],[28.70228,41.17815],[28.70226,41.17806],[28.70222,41.17749],[28.70224,41.17736],[28.70229,41.17707],[28.70229,41.17698],[28.7022,41.17673],[28.70212,41.17649],[28.70212,41.17648],[28.70218,41.17632],[28.70229,41.17618]]}},{"type":"Feature","properties":{"sinif":"primary_link","ad":null},"geometry":{"type":"LineString","coordinates":[[28.70343,41.18788],[28.70328,41.18791],[28.70327,41.18791],[28.7032,41.18791],[28.70313,41.18789],[28.70304,41.18783]]}},{"type":"Feature","properties":{"sinif":"primary","ad":"Maltepe Caddesi"},"geometry":{"type":"LineString","coordinates":[[28.70396,41.18685],[28.70447,41.18576],[28.70492,41.18475],[28.70501,41.18462]]}},{"type":"Feature","properties":{"sinif":"primary","ad":"Maltepe Caddesi"},"geometry":{"type":"LineString","coordinates":[[28.70474,41.1854],[28.70445,41.18605],[28.70396,41.18708],[28.70384,41.18729],[28.70343,41.18788]]}},{"type":"Feature","properties":{"sinif":"primary","ad":null},"geometry":{"type":"LineString","coordinates":[[28.703,41.18849],[28.70306,41.18831],[28.70312,41.18815],[28.70322,41.18798],[28.70327,41.18791],[28.70369,41.18736],[28.70384,41.18712],[28.70396,41.18685]]}},{"type":"Feature","properties":{"sinif":"primary_link","ad":"Maltepe Caddesi"},"geometry":{"type":"LineString","coordinates":[[28.703,41.18849],[28.70304,41.18819],[28.70304,41.18804],[28.70304,41.18783]]}},{"type":"Feature","properties":{"sinif":"primary_link","ad":"Maltepe Caddesi"},"geometry":{"type":"LineString","coordinates":[[28.70304,41.18783],[28.70303,41.18769],[28.70301,41.18737],[28.70304,41.18733],[28.70311,41.1873],[28.70325,41.18726],[28.7036,41.18714],[28.70372,41.18708],[28.70384,41.18701],[28.7039,41.18696],[28.70396,41.18685]]}},{"type":"Feature","properties":{"sinif":"secondary","ad":"Fedakar Sk."},"geometry":{"type":"LineString","coordinates":[[28.70474,41.1854],[28.70482,41.1854],[28.70498,41.18539],[28.70557,41.18537],[28.7057,41.18538],[28.70589,41.18541],[28.70616,41.18547],[28.70636,41.18552],[28.70648,41.18556]]}},{"type":"Feature","properties":{"sinif":"secondary","ad":"Egemen Caddesi"},"geometry":{"type":"LineString","coordinates":[[28.71487,41.19852],[28.71517,41.19853]]}},{"type":"Feature","properties":{"sinif":"secondary","ad":"Egemen Caddesi"},"geometry":{"type":"LineString","coordinates":[[28.71504,41.1987],[28.71479,41.19877],[28.71463,41.1988],[28.71452,41.19881],[28.71447,41.19881],[28.71433,41.1988],[28.71408,41.19877]]}},{"type":"Feature","properties":{"sinif":"secondary","ad":"Egemen Caddesi"},"geometry":{"type":"LineString","coordinates":[[28.71354,41.19843],[28.71403,41.19846],[28.71442,41.19848],[28.71487,41.19852]]}},{"type":"Feature","properties":{"sinif":"secondary","ad":"Egemen Caddesi"},"geometry":{"type":"LineString","coordinates":[[28.71408,41.19877],[28.71341,41.19861],[28.71336,41.19859],[28.71324,41.19857]]}},{"type":"Feature","properties":{"sinif":"primary","ad":null},"geometry":{"type":"LineString","coordinates":[[28.71318,41.21134],[28.71332,41.21123],[28.7135,41.21107],[28.71375,41.21084],[28.71388,41.21072]]}},{"type":"Feature","properties":{"sinif":"primary","ad":null},"geometry":{"type":"LineString","coordinates":[[28.71526,41.21016],[28.71535,41.21015]]}},{"type":"Feature","properties":{"sinif":"primary","ad":null},"geometry":{"type":"LineString","coordinates":[[28.71489,41.21023],[28.71517,41.21017],[28.71526,41.21016]]}},{"type":"Feature","properties":{"sinif":"primary","ad":null},"geometry":{"type":"LineString","coordinates":[[28.71469,41.21029],[28.7148,41.21026],[28.71489,41.21023]]}},{"type":"Feature","properties":{"sinif":"primary","ad":null},"geometry":{"type":"LineString","coordinates":[[28.71433,41.21044],[28.71445,41.21038],[28.71458,41.21033],[28.71469,41.21029]]}},{"type":"Feature","properties":{"sinif":"primary","ad":"Fatih Caddesi"},"geometry":{"type":"LineString","coordinates":[[28.71546,41.21031],[28.71516,41.21037],[28.71506,41.21039],[28.71479,41.21047],[28.71463,41.21053],[28.71454,41.21056],[28.7143,41.21067],[28.7142,41.21073],[28.7141,41.21078]]}},{"type":"Feature","properties":{"sinif":"primary","ad":null},"geometry":{"type":"LineString","coordinates":[[28.71388,41.21072],[28.71407,41.21059],[28.71423,41.21049],[28.71433,41.21044]]}},{"type":"Feature","properties":{"sinif":"tertiary","ad":null},"geometry":{"type":"LineString","coordinates":[[28.7129,41.20675],[28.71292,41.20724],[28.71306,41.20835],[28.71308,41.20839],[28.71324,41.20872],[28.71346,41.20903],[28.71361,41.20923],[28.71405,41.20973],[28.71429,41.21]]}},{"type":"Feature","properties":{"sinif":"motorway_link","ad":null},"geometry":{"type":"LineString","coordinates":[[28.78731,41.23823],[28.78725,41.23802],[28.78718,41.23776],[28.78713,41.23756],[28.78711,41.23727],[28.78712,41.23705],[28.78717,41.23687],[28.78724,41.2367],[28.78739,41.23649],[28.78754,41.23633],[28.78776,41.23617],[28.78796,41.23605],[28.78818,41.23596],[28.78844,41.2359],[28.7887,41.23585],[28.78895,41.23585],[28.78923,41.23586],[28.78953,41.23591],[28.78982,41.23597],[28.79019,41.23606],[28.79148,41.2364],[28.79197,41.23653],[28.79245,41.23659],[28.79273,41.23662],[28.79305,41.23663],[28.79347,41.23663],[28.79388,41.23663],[28.7947,41.23661],[28.7953,41.23662],[28.79563,41.23663],[28.79585,41.23666],[28.79605,41.23669]]}},{"type":"Feature","properties":{"sinif":"motorway_link","ad":null},"geometry":{"type":"LineString","coordinates":[[28.78839,41.24184],[28.78828,41.24142],[28.78816,41.24101],[28.78799,41.24044],[28.78783,41.23992],[28.78769,41.23946],[28.78764,41.23929]]}},{"type":"Feature","properties":{"sinif":"motorway_link","ad":null},"geometry":{"type":"LineString","coordinates":[[28.78764,41.23929],[28.78756,41.23904],[28.78739,41.23848],[28.78731,41.23823]]}},{"type":"Feature","properties":{"sinif":"motorway_link","ad":null},"geometry":{"type":"LineString","coordinates":[[28.78778,41.24094],[28.78766,41.24082],[28.7875,41.2407],[28.78732,41.24059],[28.78708,41.24048],[28.78687,41.2404],[28.78657,41.24032],[28.78625,41.24027],[28.78591,41.24025],[28.78548,41.24028],[28.7851,41.24035],[28.7845,41.24048],[28.78388,41.24062],[28.78308,41.2408],[28.78244,41.24093],[28.78199,41.24103],[28.78152,41.24112],[28.78105,41.24122],[28.78023,41.2414],[28.7799,41.24146],[28.77959,41.24151],[28.77924,41.24154]]}},{"type":"Feature","properties":{"sinif":"trunk_link","ad":null},"geometry":{"type":"LineString","coordinates":[[28.78931,41.24457],[28.78922,41.2446],[28.78911,41.24461],[28.78904,41.24461],[28.78896,41.24458],[28.78882,41.24451],[28.78862,41.24446],[28.78833,41.2444],[28.78795,41.24435],[28.78737,41.24424],[28.78661,41.24411],[28.78575,41.24397],[28.78481,41.2438],[28.78424,41.2437],[28.78379,41.24365],[28.78337,41.24364],[28.78302,41.24365],[28.78275,41.24368],[28.7824,41.24373],[28.78204,41.24378],[28.78177,41.24381]]}},{"type":"Feature","properties":{"sinif":"motorway_link","ad":null},"geometry":{"type":"LineString","coordinates":[[28.78651,41.23867],[28.78685,41.23851],[28.78747,41.2383],[28.78814,41.23807],[28.78864,41.23791],[28.78914,41.23773],[28.78947,41.23759],[28.78953,41.23755],[28.78975,41.23742],[28.78988,41.2373],[28.78997,41.23719],[28.79003,41.23708],[28.79007,41.23692],[28.79008,41.23679],[28.79006,41.23667],[28.79,41.23652],[28.78994,41.23641],[28.78978,41.23623],[28.78962,41.23613],[28.78948,41.23607],[28.78924,41.236],[28.78905,41.23598],[28.78885,41.23597],[28.78857,41.236],[28.78832,41.23606],[28.7881,41.23614],[28.78789,41.23625],[28.78773,41.23635],[28.78758,41.23649],[28.78743,41.23669],[28.78735,41.23686],[28.78729,41.23706],[28.78727,41.23721],[28.78728,41.23745],[28.78731,41.23765],[28.78736,41.23786],[28.78746,41.23818]]}},{"type":"Feature","properties":{"sinif":"motorway_link","ad":null},"geometry":{"type":"LineString","coordinates":[[28.78746,41.23818],[28.78779,41.23924]]}},{"type":"Feature","properties":{"sinif":"motorway_link","ad":null},"geometry":{"type":"LineString","coordinates":[[28.78779,41.23924],[28.78813,41.24035],[28.78832,41.24098],[28.78834,41.24105],[28.78836,41.24111],[28.78861,41.24182]]}},{"type":"Feature","properties":{"sinif":"tertiary","ad":null},"geometry":{"type":"LineString","coordinates":[[28.59763,41.25234],[28.5989,41.25231],[28.60016,41.25225],[28.60036,41.25221],[28.60067,41.25209],[28.60097,41.25206],[28.60132,41.25192],[28.60266,41.25182]]}},{"type":"Feature","properties":{"sinif":"tertiary","ad":null},"geometry":{"type":"LineString","coordinates":[[28.60904,41.24904],[28.6091,41.24899],[28.60935,41.24885],[28.60951,41.24865],[28.60952,41.24858],[28.60908,41.24815],[28.60902,41.24803]]}},{"type":"Feature","properties":{"sinif":"tertiary","ad":null},"geometry":{"type":"LineString","coordinates":[[28.60394,41.24716],[28.60416,41.24715],[28.60446,41.24694],[28.60478,41.24633],[28.60497,41.24613],[28.60557,41.24613],[28.60665,41.24629],[28.60713,41.24619],[28.60757,41.24624],[28.60768,41.24619],[28.60771,41.24612]]}},{"type":"Feature","properties":{"sinif":"primary","ad":"Eski Edirne Asfaltı Caddesi"},"geometry":{"type":"LineString","coordinates":[[28.74705,41.1785],[28.74699,41.17858]]}},{"type":"Feature","properties":{"sinif":"primary","ad":"Eski Edirne Asfaltı Caddesi"},"geometry":{"type":"LineString","coordinates":[[28.74746,41.178],[28.74713,41.17841],[28.74705,41.1785]]}},{"type":"Feature","properties":{"sinif":"primary_link","ad":null},"geometry":{"type":"LineString","coordinates":[[28.61812,41.15149],[28.61811,41.15147],[28.6181,41.15144],[28.61806,41.15133]]}},{"type":"Feature","properties":{"sinif":"primary","ad":"Hadımköy-İstanbul Caddesi"},"geometry":{"type":"LineString","coordinates":[[28.6182,41.15121],[28.61806,41.15133]]}},{"type":"Feature","properties":{"sinif":"primary_link","ad":null},"geometry":{"type":"LineString","coordinates":[[28.6182,41.15121],[28.61821,41.15134],[28.61824,41.15152],[28.61833,41.1519]]}},{"type":"Feature","properties":{"sinif":"primary_link","ad":null},"geometry":{"type":"LineString","coordinates":[[28.61833,41.1519],[28.61814,41.15156],[28.61812,41.15149]]}},{"type":"Feature","properties":{"sinif":"motorway","ad":"Kuzey Marmara Otoyolu"},"geometry":{"type":"LineString","coordinates":[[28.60564,41.22252],[28.60377,41.22115]]}},{"type":"Feature","properties":{"sinif":"motorway","ad":"Kuzey Marmara Otoyolu"},"geometry":{"type":"LineString","coordinates":[[28.59608,41.21576],[28.59852,41.21734]]}},{"type":"Feature","properties":{"sinif":"primary","ad":"Tayakadın Bağlantı Yolu"},"geometry":{"type":"LineString","coordinates":[[28.67847,41.25377],[28.67915,41.25476]]}},{"type":"Feature","properties":{"sinif":"motorway","ad":"Kuzey Marmara Otoyolu"},"geometry":{"type":"LineString","coordinates":[[28.72459,41.24329],[28.72643,41.24331]]}},{"type":"Feature","properties":{"sinif":"motorway_link","ad":"Terminal 2 Kavşağı"},"geometry":{"type":"LineString","coordinates":[[28.75648,41.2428],[28.75455,41.24273]]}},{"type":"Feature","properties":{"sinif":"primary","ad":null},"geometry":{"type":"LineString","coordinates":[[28.75352,41.24932],[28.75313,41.24904],[28.75299,41.24896],[28.75288,41.24891],[28.75278,41.24889],[28.75265,41.24885],[28.75258,41.24884],[28.7525,41.24883],[28.75232,41.24883],[28.7517,41.24882],[28.75156,41.24882],[28.75103,41.24881],[28.75011,41.2488],[28.74943,41.24879],[28.74916,41.24879]]}},{"type":"Feature","properties":{"sinif":"secondary_link","ad":null},"geometry":{"type":"LineString","coordinates":[[28.79558,41.23087],[28.79549,41.23094],[28.79539,41.231],[28.79527,41.23106]]}},{"type":"Feature","properties":{"sinif":"primary","ad":"Fatih Caddesi"},"geometry":{"type":"LineString","coordinates":[[28.72924,41.19576],[28.72919,41.19581],[28.72917,41.19582],[28.72907,41.19593],[28.72899,41.196],[28.72786,41.19715],[28.72691,41.19811],[28.72674,41.19831],[28.72664,41.19844],[28.72662,41.19847],[28.72659,41.19852],[28.72647,41.19889],[28.72634,41.19933],[28.72633,41.19945],[28.72634,41.19956],[28.72641,41.19983],[28.72649,41.2],[28.72651,41.20004],[28.72672,41.20051],[28.727,41.20112],[28.72716,41.20148],[28.72747,41.20215],[28.72775,41.20279],[28.72812,41.20358],[28.72833,41.20414],[28.72838,41.20427],[28.72843,41.20436],[28.72846,41.20445]]}},{"type":"Feature","properties":{"sinif":"primary","ad":"Fatih Caddesi"},"geometry":{"type":"LineString","coordinates":[[28.72813,41.20428],[28.72811,41.20414],[28.72809,41.20396],[28.72743,41.20241],[28.72718,41.20183],[28.72639,41.20008],[28.72631,41.19982],[28.72625,41.19954],[28.72624,41.19932],[28.72632,41.19891],[28.7265,41.19846],[28.72654,41.19841],[28.72657,41.19838],[28.72668,41.19824],[28.72686,41.19804],[28.72723,41.19766],[28.72794,41.19694],[28.72876,41.19608],[28.72894,41.19589],[28.72904,41.1958]]}},{"type":"Feature","properties":{"sinif":"tertiary","ad":"Abdullah Gül Caddesi"},"geometry":{"type":"LineString","coordinates":[[28.75474,41.2109],[28.75465,41.21096],[28.7542,41.21119],[28.75311,41.21171],[28.7522,41.21216],[28.75209,41.21217]]}},{"type":"Feature","properties":{"sinif":"tertiary","ad":"Abdullah Gül Caddesi"},"geometry":{"type":"LineString","coordinates":[[28.75044,41.21306],[28.74939,41.21355],[28.74917,41.21365],[28.74858,41.21391],[28.74799,41.21417],[28.74777,41.21428],[28.74749,41.21441],[28.74714,41.21469],[28.74652,41.21535],[28.74625,41.21559]]}},{"type":"Feature","properties":{"sinif":"secondary","ad":"Sevban Mehmet Caddesi"},"geometry":{"type":"LineString","coordinates":[[28.74802,41.21891],[28.74849,41.21959],[28.74875,41.22001],[28.74894,41.22036],[28.74907,41.22046],[28.74931,41.22056],[28.75054,41.22107],[28.75071,41.22114],[28.75102,41.22131],[28.75125,41.22149],[28.75144,41.2217],[28.75165,41.22197],[28.75178,41.22214],[28.7518,41.22219],[28.75208,41.22269],[28.75223,41.22316],[28.75228,41.22331],[28.75249,41.22391],[28.75261,41.22439],[28.75265,41.22456]]}},{"type":"Feature","properties":{"sinif":"secondary","ad":"Sevban Mehmet Caddesi"},"geometry":{"type":"LineString","coordinates":[[28.74571,41.21508],[28.74612,41.21545],[28.74625,41.21559]]}},{"type":"Feature","properties":{"sinif":"secondary","ad":"Sevban Mehmet Caddesi"},"geometry":{"type":"LineString","coordinates":[[28.74625,41.21559],[28.74634,41.21579],[28.74645,41.21599],[28.7465,41.21608],[28.74677,41.21626],[28.74692,41.21645],[28.74692,41.21672],[28.74701,41.217],[28.74704,41.21708],[28.74704,41.21712],[28.74715,41.21738],[28.74732,41.21777],[28.74749,41.21815],[28.74776,41.21854],[28.74802,41.21891]]}},{"type":"Feature","properties":{"sinif":"primary","ad":"Tayakadın Bağlantı Yolu"},"geometry":{"type":"LineString","coordinates":[[28.69296,41.26246],[28.69206,41.26213],[28.6918,41.26203]]}},{"type":"Feature","properties":{"sinif":"primary","ad":"Eski Tayakadın-İhsaniye Yolu (Eski D020)"},"geometry":{"type":"LineString","coordinates":[[28.68964,41.26124],[28.68923,41.26109],[28.68901,41.26101]]}},{"type":"Feature","properties":{"sinif":"primary","ad":null},"geometry":{"type":"LineString","coordinates":[[28.74773,41.24902],[28.7476,41.24913]]}},{"type":"Feature","properties":{"sinif":"primary","ad":null},"geometry":{"type":"LineString","coordinates":[[28.74916,41.24879],[28.74834,41.2488],[28.74824,41.24881],[28.74815,41.24883],[28.74808,41.24885],[28.74802,41.24888],[28.74795,41.24892],[28.74786,41.24897],[28.74773,41.24902]]}},{"type":"Feature","properties":{"sinif":"primary","ad":"Vecihi Hürkuş Caddesi"},"geometry":{"type":"LineString","coordinates":[[28.75162,41.2472],[28.75145,41.24727],[28.75127,41.24733],[28.7512,41.24736]]}},{"type":"Feature","properties":{"sinif":"primary_link","ad":null},"geometry":{"type":"LineString","coordinates":[[28.75162,41.2472],[28.75167,41.24726],[28.75171,41.24735],[28.75172,41.24742]]}},{"type":"Feature","properties":{"sinif":"tertiary","ad":null},"geometry":{"type":"LineString","coordinates":[[28.75326,41.18325],[28.7535,41.18313],[28.75364,41.18305],[28.75366,41.18296],[28.75366,41.18289],[28.75359,41.18271],[28.75353,41.18256]]}},{"type":"Feature","properties":{"sinif":"primary_link","ad":"İsmet İnönü Caddesi"},"geometry":{"type":"LineString","coordinates":[[28.77215,41.18368],[28.77223,41.18374]]}},{"type":"Feature","properties":{"sinif":"secondary","ad":"Mavigöl Caddesi"},"geometry":{"type":"LineString","coordinates":[[28.79558,41.23087],[28.79576,41.23091]]}},{"type":"Feature","properties":{"sinif":"trunk","ad":"Eski Edirne Asfaltı Caddesi"},"geometry":{"type":"LineString","coordinates":[[28.77239,41.16252],[28.77206,41.16269],[28.77175,41.16286],[28.7713,41.16311],[28.77098,41.1633],[28.77063,41.16352],[28.77031,41.16373],[28.77009,41.16388],[28.76977,41.16411],[28.76931,41.16447],[28.7687,41.16495],[28.76817,41.16538],[28.76787,41.16563],[28.76723,41.16615],[28.76718,41.16618],[28.76654,41.1667],[28.7664,41.16679],[28.76623,41.16691],[28.76616,41.16696],[28.76604,41.16703],[28.76588,41.16713],[28.76566,41.16724],[28.76535,41.16739],[28.76513,41.16749],[28.76458,41.1677],[28.76404,41.16791],[28.7636,41.16808],[28.76338,41.16817],[28.76319,41.16827],[28.76305,41.16835],[28.76288,41.16844],[28.76271,41.16853],[28.76253,41.16865],[28.76237,41.16877],[28.76217,41.16892],[28.76191,41.16915],[28.76164,41.16939],[28.76157,41.16945],[28.76147,41.16954]]}},{"type":"Feature","properties":{"sinif":"trunk","ad":"Eski Edirne Asfaltı Caddesi"},"geometry":{"type":"LineString","coordinates":[[28.77414,41.16174],[28.774,41.1618],[28.77373,41.16191],[28.77347,41.16202],[28.77336,41.16207]]}},{"type":"Feature","properties":{"sinif":"trunk_link","ad":null},"geometry":{"type":"LineString","coordinates":[[28.73172,41.1807],[28.73184,41.18081],[28.73195,41.18091]]}},{"type":"Feature","properties":{"sinif":"trunk_link","ad":null},"geometry":{"type":"LineString","coordinates":[[28.73179,41.1809],[28.73165,41.18076]]}},{"type":"Feature","properties":{"sinif":"primary_link","ad":null},"geometry":{"type":"LineString","coordinates":[[28.73312,41.1853],[28.73311,41.18526],[28.73306,41.18522],[28.73299,41.18518],[28.73308,41.18518],[28.73312,41.18517],[28.73323,41.1851]]}},{"type":"Feature","properties":{"sinif":"primary_link","ad":null},"geometry":{"type":"LineString","coordinates":[[28.73388,41.18279],[28.73378,41.18282]]}},{"type":"Feature","properties":{"sinif":"primary_link","ad":null},"geometry":{"type":"LineString","coordinates":[[28.73313,41.18208],[28.73304,41.18213]]}},{"type":"Feature","properties":{"sinif":"tertiary","ad":null},"geometry":{"type":"LineString","coordinates":[[28.73017,41.1827],[28.73137,41.18381]]}},{"type":"Feature","properties":{"sinif":"secondary_link","ad":null},"geometry":{"type":"LineString","coordinates":[[28.72621,41.18944],[28.72612,41.18943]]}},{"type":"Feature","properties":{"sinif":"primary_link","ad":null},"geometry":{"type":"LineString","coordinates":[[28.72658,41.18607],[28.72653,41.18617]]}},{"type":"Feature","properties":{"sinif":"secondary","ad":null},"geometry":{"type":"LineString","coordinates":[[28.72651,41.18629],[28.72653,41.18617]]}},{"type":"Feature","properties":{"sinif":"secondary_link","ad":null},"geometry":{"type":"LineString","coordinates":[[28.72626,41.18772],[28.72615,41.18773]]}},{"type":"Feature","properties":{"sinif":"primary_link","ad":null},"geometry":{"type":"LineString","coordinates":[[28.72634,41.18614],[28.72622,41.18616],[28.72606,41.18616],[28.72592,41.18615],[28.72595,41.18611],[28.72596,41.18608],[28.72595,41.18603]]}},{"type":"Feature","properties":{"sinif":"tertiary","ad":"Taif Caddesi"},"geometry":{"type":"LineString","coordinates":[[28.7255,41.18628],[28.72581,41.18616],[28.72592,41.18615]]}},{"type":"Feature","properties":{"sinif":"primary_link","ad":null},"geometry":{"type":"LineString","coordinates":[[28.72102,41.18629],[28.7209,41.18629],[28.72081,41.1863],[28.72077,41.1863]]}},{"type":"Feature","properties":{"sinif":"primary_link","ad":null},"geometry":{"type":"LineString","coordinates":[[28.72077,41.1863],[28.72082,41.18627],[28.72086,41.18624],[28.72088,41.18621]]}},{"type":"Feature","properties":{"sinif":"primary_link","ad":null},"geometry":{"type":"LineString","coordinates":[[28.7207,41.18299],[28.7208,41.18299],[28.72084,41.18299],[28.72098,41.183],[28.72105,41.18301]]}},{"type":"Feature","properties":{"sinif":"tertiary","ad":null},"geometry":{"type":"LineString","coordinates":[[28.71098,41.1851],[28.71111,41.18513],[28.71193,41.18532]]}},{"type":"Feature","properties":{"sinif":"secondary","ad":null},"geometry":{"type":"LineString","coordinates":[[28.70591,41.18353],[28.70586,41.18354],[28.70581,41.18353],[28.70574,41.18352],[28.70553,41.18346],[28.70538,41.18343],[28.70523,41.18342],[28.70507,41.18342],[28.70486,41.18343],[28.70464,41.18343]]}},{"type":"Feature","properties":{"sinif":"secondary","ad":null},"geometry":{"type":"LineString","coordinates":[[28.70471,41.18336],[28.70508,41.18335],[28.70533,41.18335],[28.70545,41.18334],[28.70555,41.18333],[28.70569,41.1833],[28.70577,41.18328],[28.70601,41.18321]]}},{"type":"Feature","properties":{"sinif":"primary_link","ad":null},"geometry":{"type":"LineString","coordinates":[[28.72823,41.18625],[28.72816,41.18616]]}},{"type":"Feature","properties":{"sinif":"primary_link","ad":null},"geometry":{"type":"LineString","coordinates":[[28.72748,41.1861],[28.72748,41.18613],[28.72746,41.18617],[28.72741,41.18622]]}},{"type":"Feature","properties":{"sinif":"primary_link","ad":null},"geometry":{"type":"LineString","coordinates":[[28.727,41.18621],[28.72693,41.18618],[28.7269,41.18614],[28.7269,41.1861],[28.72692,41.18607],[28.72695,41.18605]]}},{"type":"Feature","properties":{"sinif":"primary_link","ad":null},"geometry":{"type":"LineString","coordinates":[[28.73194,41.18585],[28.73199,41.18593]]}},{"type":"Feature","properties":{"sinif":"tertiary","ad":"Genç Osman Caddesi"},"geometry":{"type":"LineString","coordinates":[[28.73638,41.17998],[28.73665,41.18014],[28.7367,41.18018]]}},{"type":"Feature","properties":{"sinif":"secondary","ad":null},"geometry":{"type":"LineString","coordinates":[[28.72349,41.19376],[28.72252,41.19425],[28.72243,41.1943]]}},{"type":"Feature","properties":{"sinif":"secondary","ad":null},"geometry":{"type":"LineString","coordinates":[[28.72243,41.1943],[28.72248,41.19421],[28.72256,41.19413],[28.72293,41.19395],[28.72333,41.19375],[28.72342,41.1937]]}},{"type":"Feature","properties":{"sinif":"secondary_link","ad":"Dumlupınar Sokak"},"geometry":{"type":"LineString","coordinates":[[28.72342,41.1937],[28.72349,41.19376]]}},{"type":"Feature","properties":{"sinif":"tertiary","ad":null},"geometry":{"type":"LineString","coordinates":[[28.65247,41.11872],[28.65104,41.11915],[28.65087,41.1192],[28.65076,41.11922],[28.65051,41.11926],[28.64989,41.11936],[28.64975,41.11939],[28.64972,41.1194],[28.64958,41.11944],[28.64946,41.1195]]}},{"type":"Feature","properties":{"sinif":"tertiary","ad":null},"geometry":{"type":"LineString","coordinates":[[28.64939,41.11919],[28.64958,41.1192],[28.64976,41.1192],[28.64994,41.11918],[28.65053,41.11909],[28.65074,41.11905],[28.65101,41.11899],[28.65175,41.1188],[28.65246,41.1186]]}},{"type":"Feature","properties":{"sinif":"tertiary","ad":null},"geometry":{"type":"LineString","coordinates":[[28.64875,41.11945],[28.64874,41.11939],[28.64874,41.1193],[28.64877,41.11925],[28.64884,41.11919],[28.64892,41.11914],[28.64903,41.11911],[28.64914,41.1191],[28.64924,41.11911],[28.64933,41.11915],[28.64939,41.11919],[28.64943,41.11923],[28.64946,41.11927],[28.64948,41.11934],[28.64949,41.11943],[28.64946,41.1195],[28.64941,41.11956],[28.64934,41.1196],[28.64924,41.11964],[28.64911,41.11965],[28.64899,41.11964],[28.64893,41.11962],[28.64887,41.1196],[28.64882,41.11956],[28.64878,41.11951],[28.64875,41.11945]]}},{"type":"Feature","properties":{"sinif":"motorway","ad":"Kuzey Marmara Otoyolu"},"geometry":{"type":"LineString","coordinates":[[28.59625,41.21612],[28.59559,41.21571]]}},{"type":"Feature","properties":{"sinif":"motorway_link","ad":"Yassıören Kavşağı"},"geometry":{"type":"LineString","coordinates":[[28.59616,41.21619],[28.59599,41.21608],[28.59582,41.21594],[28.59559,41.21571]]}},{"type":"Feature","properties":{"sinif":"trunk_link","ad":"Terminal 2 Kavşağı"},"geometry":{"type":"LineString","coordinates":[[28.73888,41.24945],[28.7389,41.2493],[28.73891,41.24912],[28.73891,41.24892]]}},{"type":"Feature","properties":{"sinif":"trunk","ad":"Eski Edirne Asfaltı Caddesi"},"geometry":{"type":"LineString","coordinates":[[28.81349,41.13629],[28.81326,41.13628],[28.813,41.13627],[28.81231,41.13625],[28.81191,41.13625],[28.81155,41.13626],[28.81098,41.13631],[28.81064,41.13636],[28.81053,41.13638],[28.81041,41.13639]]}},{"type":"Feature","properties":{"sinif":"trunk_link","ad":null},"geometry":{"type":"LineString","coordinates":[[28.77326,41.16198],[28.77336,41.16207]]}},{"type":"Feature","properties":{"sinif":"trunk_link","ad":null},"geometry":{"type":"LineString","coordinates":[[28.77314,41.16217],[28.77306,41.16206]]}},{"type":"Feature","properties":{"sinif":"trunk","ad":"Gazi Fahrettin Paşa Caddesi"},"geometry":{"type":"LineString","coordinates":[[28.74836,41.17601],[28.74811,41.17605],[28.7478,41.17607],[28.74745,41.17609],[28.7472,41.17612],[28.74702,41.17615],[28.74684,41.17618],[28.74656,41.17625],[28.74638,41.1763],[28.7462,41.17636],[28.74605,41.17642],[28.7459,41.17649]]}},{"type":"Feature","properties":{"sinif":"trunk","ad":"Gazi Fahrettin Paşa Caddesi"},"geometry":{"type":"LineString","coordinates":[[28.7459,41.17649],[28.74532,41.17676],[28.7451,41.17686]]}},{"type":"Feature","properties":{"sinif":"trunk","ad":"Gazi Fahrettin Paşa Caddesi"},"geometry":{"type":"LineString","coordinates":[[28.73571,41.17955],[28.73549,41.1796],[28.73522,41.17966],[28.73472,41.17979]]}},{"type":"Feature","properties":{"sinif":"trunk","ad":"Gazi Fahrettin Paşa Caddesi"},"geometry":{"type":"LineString","coordinates":[[28.72818,41.18339],[28.72828,41.18334],[28.72844,41.18324],[28.72856,41.18317],[28.72872,41.18306],[28.72886,41.18295],[28.72896,41.18287],[28.72905,41.18278],[28.72919,41.18266],[28.72928,41.18256]]}},{"type":"Feature","properties":{"sinif":"trunk","ad":"Gazi Fahrettin Paşa Caddesi"},"geometry":{"type":"LineString","coordinates":[[28.72337,41.18383],[28.72352,41.18387],[28.72366,41.18391],[28.72389,41.18396],[28.72415,41.18401],[28.72439,41.18404],[28.72452,41.18406],[28.72484,41.18406]]}},{"type":"Feature","properties":{"sinif":"primary","ad":null},"geometry":{"type":"LineString","coordinates":[[28.75965,41.25071],[28.75949,41.25065],[28.75944,41.25063],[28.75937,41.25063],[28.75927,41.25062],[28.75906,41.25062]]}},{"type":"Feature","properties":{"sinif":"primary","ad":null},"geometry":{"type":"LineString","coordinates":[[28.75906,41.25062],[28.75798,41.2506],[28.75756,41.2506]]}},{"type":"Feature","properties":{"sinif":"tertiary","ad":null},"geometry":{"type":"LineString","coordinates":[[28.74099,41.19417],[28.74112,41.19428],[28.74121,41.19438],[28.74124,41.19443],[28.74142,41.19466]]}},{"type":"Feature","properties":{"sinif":"tertiary","ad":null},"geometry":{"type":"LineString","coordinates":[[28.74097,41.19411],[28.74099,41.19417]]}},{"type":"Feature","properties":{"sinif":"tertiary","ad":null},"geometry":{"type":"LineString","coordinates":[[28.7412,41.19471],[28.74125,41.19468],[28.7413,41.19466],[28.74136,41.19466],[28.74142,41.19466]]}},{"type":"Feature","properties":{"sinif":"tertiary","ad":null},"geometry":{"type":"LineString","coordinates":[[28.74138,41.19565],[28.74133,41.19512]]}},{"type":"Feature","properties":{"sinif":"tertiary","ad":null},"geometry":{"type":"LineString","coordinates":[[28.74156,41.19506],[28.74138,41.19565]]}},{"type":"Feature","properties":{"sinif":"tertiary","ad":null},"geometry":{"type":"LineString","coordinates":[[28.74156,41.19506],[28.7415,41.1951],[28.74145,41.19512],[28.7414,41.19513],[28.74133,41.19512],[28.74131,41.19504],[28.74125,41.19485],[28.74125,41.19483],[28.7412,41.19471]]}},{"type":"Feature","properties":{"sinif":"tertiary","ad":null},"geometry":{"type":"LineString","coordinates":[[28.74142,41.19466],[28.74154,41.19481],[28.74156,41.19488],[28.74157,41.19495],[28.74156,41.19506]]}},{"type":"Feature","properties":{"sinif":"tertiary","ad":null},"geometry":{"type":"LineString","coordinates":[[28.74138,41.19565],[28.74137,41.19577],[28.74141,41.1958],[28.74159,41.19598],[28.74174,41.1962],[28.7419,41.19645],[28.74205,41.19661],[28.74225,41.19684],[28.74234,41.19709],[28.74236,41.19716],[28.74237,41.19744],[28.74243,41.19763],[28.7425,41.19788],[28.7428,41.19842],[28.7429,41.19869],[28.74291,41.19871],[28.74293,41.19875]]}},{"type":"Feature","properties":{"sinif":"tertiary","ad":null},"geometry":{"type":"LineString","coordinates":[[28.7412,41.19471],[28.74109,41.19446],[28.74102,41.19425],[28.74099,41.19417]]}},{"type":"Feature","properties":{"sinif":"primary","ad":"Tayakadın Bağlantı Yolu"},"geometry":{"type":"LineString","coordinates":[[28.68315,41.25852],[28.68331,41.25861],[28.68353,41.25873],[28.68378,41.25884],[28.68421,41.25903],[28.68508,41.25938]]}},{"type":"Feature","properties":{"sinif":"secondary_link","ad":null},"geometry":{"type":"LineString","coordinates":[[28.76272,41.19645],[28.76281,41.19647],[28.76286,41.19647],[28.7629,41.19647],[28.76297,41.19645],[28.76301,41.19644],[28.76307,41.19641],[28.76313,41.19637],[28.76318,41.19633]]}},{"type":"Feature","properties":{"sinif":"secondary_link","ad":null},"geometry":{"type":"LineString","coordinates":[[28.76291,41.1967],[28.76296,41.19661],[28.76298,41.19657],[28.76301,41.19652],[28.76306,41.19647],[28.76318,41.19633]]}},{"type":"Feature","properties":{"sinif":"secondary_link","ad":null},"geometry":{"type":"LineString","coordinates":[[28.76318,41.19633],[28.76318,41.19641],[28.76315,41.19648],[28.76311,41.19653],[28.76306,41.19657],[28.76302,41.19659],[28.76296,41.19661],[28.76281,41.19662]]}},{"type":"Feature","properties":{"sinif":"secondary_link","ad":null},"geometry":{"type":"LineString","coordinates":[[28.76318,41.19633],[28.7632,41.19641],[28.76316,41.1966],[28.76315,41.19671],[28.76314,41.19681]]}},{"type":"Feature","properties":{"sinif":"primary","ad":"İsmet İnönü Caddesi"},"geometry":{"type":"LineString","coordinates":[[28.76544,41.19754],[28.76545,41.19757],[28.76544,41.1976],[28.76537,41.19776],[28.7653,41.1979]]}},{"type":"Feature","properties":{"sinif":"secondary","ad":null},"geometry":{"type":"LineString","coordinates":[[28.76516,41.19788],[28.7652,41.19787],[28.76524,41.19788],[28.76528,41.19788],[28.7653,41.1979]]}},{"type":"Feature","properties":{"sinif":"tertiary","ad":"Abdullah Gül Caddesi"},"geometry":{"type":"LineString","coordinates":[[28.76379,41.19968],[28.76386,41.19955],[28.76391,41.19947],[28.76397,41.19936],[28.76407,41.19924],[28.76415,41.19912],[28.76423,41.19901],[28.76431,41.19892],[28.76434,41.19887],[28.76439,41.19884],[28.7645,41.19874],[28.76459,41.19865],[28.76463,41.19861],[28.76469,41.19852],[28.76476,41.19842],[28.76478,41.19837],[28.76481,41.19831],[28.76483,41.19823]]}},{"type":"Feature","properties":{"sinif":"tertiary","ad":"Abdullah Gül Caddesi"},"geometry":{"type":"LineString","coordinates":[[28.76384,41.1998],[28.76377,41.19988],[28.76349,41.20018],[28.76337,41.20035],[28.76334,41.20039],[28.76314,41.20066],[28.7628,41.20111],[28.76264,41.20131],[28.76255,41.20141],[28.76243,41.20152],[28.76225,41.20167],[28.76209,41.20178],[28.7619,41.20188],[28.76167,41.202],[28.76138,41.20216],[28.76077,41.20247],[28.76044,41.20265],[28.76017,41.20282],[28.76004,41.2029],[28.76,41.20292],[28.75986,41.20301]]}},{"type":"Feature","properties":{"sinif":"tertiary","ad":"Abdullah Gül Caddesi"},"geometry":{"type":"LineString","coordinates":[[28.75502,41.21055],[28.75533,41.21022],[28.75556,41.20998],[28.7556,41.20993],[28.75565,41.20985],[28.75576,41.20952],[28.75635,41.20803],[28.75648,41.2077],[28.75653,41.20756],[28.75713,41.20599],[28.75724,41.20568],[28.7575,41.2052],[28.75821,41.20427],[28.75857,41.20384],[28.75875,41.20367],[28.75895,41.2035],[28.75957,41.20308],[28.75981,41.20295],[28.75995,41.20285],[28.76007,41.20278],[28.76024,41.20267],[28.76052,41.20251],[28.76077,41.20238],[28.76128,41.20213],[28.76132,41.20211],[28.7617,41.2019],[28.76194,41.20177],[28.76213,41.20165],[28.76231,41.20151],[28.76249,41.20134],[28.76259,41.20123],[28.76274,41.20103],[28.76298,41.20072],[28.76329,41.2003],[28.76339,41.20017],[28.7637,41.1998],[28.76374,41.19974]]}},{"type":"Feature","properties":{"sinif":"primary_link","ad":null},"geometry":{"type":"LineString","coordinates":[[28.70935,41.21675],[28.70946,41.21677],[28.70955,41.21676],[28.70964,41.21673],[28.70976,41.21659]]}},{"type":"Feature","properties":{"sinif":"secondary","ad":"Hadımköy Caddesi"},"geometry":{"type":"LineString","coordinates":[[28.59022,41.20178],[28.58979,41.20274],[28.58952,41.20329],[28.58899,41.20443],[28.58888,41.20476],[28.58887,41.20498],[28.58891,41.20528],[28.58892,41.20534],[28.58916,41.20702],[28.58942,41.20871],[28.58953,41.20967],[28.58962,41.21047],[28.58971,41.21108],[28.58974,41.21135],[28.58972,41.2115]]}},{"type":"Feature","properties":{"sinif":"tertiary","ad":"Papağan Sokak"},"geometry":{"type":"LineString","coordinates":[[28.59967,41.18365],[28.59972,41.18357]]}},{"type":"Feature","properties":{"sinif":"tertiary","ad":null},"geometry":{"type":"LineString","coordinates":[[28.60204,41.18433],[28.60206,41.18425]]}},{"type":"Feature","properties":{"sinif":"tertiary","ad":null},"geometry":{"type":"LineString","coordinates":[[28.60366,41.18463],[28.6037,41.18454]]}},{"type":"Feature","properties":{"sinif":"tertiary","ad":null},"geometry":{"type":"LineString","coordinates":[[28.60655,41.18523],[28.60572,41.18513]]}},{"type":"Feature","properties":{"sinif":"tertiary","ad":null},"geometry":{"type":"LineString","coordinates":[[28.61159,41.18755],[28.61173,41.18754]]}},{"type":"Feature","properties":{"sinif":"tertiary","ad":"Bayındır Caddesi"},"geometry":{"type":"LineString","coordinates":[[28.61008,41.1862],[28.60918,41.18569],[28.60895,41.18558],[28.60891,41.18556],[28.60877,41.1855],[28.6067,41.18525],[28.60655,41.18523]]}},{"type":"Feature","properties":{"sinif":"tertiary","ad":"Cahit Sıtkı Tarancı Caddesi"},"geometry":{"type":"LineString","coordinates":[[28.61382,41.18015],[28.61384,41.18009],[28.61399,41.17976],[28.61432,41.17896],[28.61441,41.17875],[28.61458,41.17836],[28.61464,41.17814],[28.61466,41.17807],[28.6147,41.17778],[28.61472,41.17742],[28.61471,41.17701],[28.6146,41.17671],[28.61455,41.17662],[28.61449,41.17658],[28.61443,41.17654],[28.61431,41.17654],[28.61281,41.17688],[28.61191,41.17707],[28.61183,41.17709],[28.61157,41.17706],[28.61148,41.17702],[28.61144,41.177],[28.61106,41.17676],[28.61097,41.17671],[28.61043,41.17636],[28.61035,41.17631],[28.61009,41.17614]]}},{"type":"Feature","properties":{"sinif":"tertiary","ad":"Mevlana Caddesi"},"geometry":{"type":"LineString","coordinates":[[28.60659,41.1831],[28.60625,41.18368],[28.60614,41.18387],[28.60604,41.1841],[28.60578,41.1849],[28.60574,41.18505]]}},{"type":"Feature","properties":{"sinif":"tertiary","ad":null},"geometry":{"type":"LineString","coordinates":[[28.61299,41.1813],[28.61312,41.18127],[28.61323,41.18124],[28.6133,41.1812],[28.61333,41.18117]]}},{"type":"Feature","properties":{"sinif":"tertiary","ad":null},"geometry":{"type":"LineString","coordinates":[[28.61299,41.1813],[28.61312,41.18131],[28.61321,41.18132],[28.61325,41.18134]]}},{"type":"Feature","properties":{"sinif":"tertiary","ad":null},"geometry":{"type":"LineString","coordinates":[[28.60901,41.1855],[28.60895,41.18558]]}},{"type":"Feature","properties":{"sinif":"tertiary","ad":"Cahit Sıtkı Tarancı Caddesi"},"geometry":{"type":"LineString","coordinates":[[28.61042,41.18462],[28.61055,41.18456],[28.61091,41.1844],[28.61126,41.18422],[28.61162,41.18404],[28.61176,41.18397],[28.61185,41.18392],[28.61197,41.18378],[28.6121,41.18357],[28.61239,41.18306],[28.6127,41.18245],[28.61273,41.18237],[28.61308,41.18167],[28.61325,41.18134],[28.61333,41.18117]]}},{"type":"Feature","properties":{"sinif":"tertiary","ad":null},"geometry":{"type":"LineString","coordinates":[[28.61373,41.18035],[28.61369,41.18033],[28.61366,41.18031],[28.61364,41.18028],[28.61363,41.18025],[28.61364,41.18021],[28.61366,41.18018],[28.61369,41.18016],[28.61373,41.18015],[28.61377,41.18014],[28.61382,41.18015]]}},{"type":"Feature","properties":{"sinif":"tertiary","ad":"Cahit Sıtkı Tarancı Caddesi"},"geometry":{"type":"LineString","coordinates":[[28.60901,41.1855],[28.60921,41.18546],[28.60943,41.18542],[28.60964,41.18537],[28.60977,41.18532],[28.60988,41.18523],[28.60993,41.18518],[28.60998,41.18512]]}},{"type":"Feature","properties":{"sinif":"tertiary","ad":"Cahit Sıtkı Tarancı Caddesi"},"geometry":{"type":"LineString","coordinates":[[28.60998,41.18512],[28.60999,41.18511],[28.61004,41.18504],[28.61022,41.1848],[28.6103,41.18471],[28.61037,41.18465],[28.61042,41.18462]]}},{"type":"Feature","properties":{"sinif":"tertiary","ad":"Gazi Paşa Caddesi"},"geometry":{"type":"LineString","coordinates":[[28.61031,41.18321],[28.61039,41.18325],[28.61091,41.18349],[28.61112,41.18359],[28.61173,41.18386],[28.61185,41.18392]]}},{"type":"Feature","properties":{"sinif":"tertiary","ad":"Akpınar Köyü Caddesi"},"geometry":{"type":"LineString","coordinates":[[28.63154,41.16717],[28.63132,41.1673],[28.63094,41.16758],[28.63082,41.16768],[28.63045,41.16799],[28.63027,41.16812],[28.63017,41.1682],[28.62973,41.16847],[28.62965,41.16852],[28.62888,41.16892],[28.62857,41.16906],[28.62813,41.16936],[28.62809,41.16938],[28.62724,41.16995],[28.62686,41.17018],[28.62623,41.17049],[28.62592,41.17062],[28.62558,41.17087],[28.62549,41.17093],[28.62532,41.17104],[28.62514,41.17116],[28.62482,41.17132],[28.62435,41.17152],[28.62333,41.17185],[28.62322,41.17188],[28.62264,41.17206],[28.62246,41.17211],[28.62195,41.17229],[28.62156,41.17242],[28.62145,41.17245],[28.62124,41.17247],[28.62074,41.1725],[28.62029,41.17253],[28.61992,41.17256],[28.619,41.17266],[28.61878,41.17268]]}},{"type":"Feature","properties":{"sinif":"tertiary","ad":null},"geometry":{"type":"LineString","coordinates":[[28.63082,41.16647],[28.63018,41.16589],[28.62964,41.16545]]}},{"type":"Feature","properties":{"sinif":"tertiary","ad":null},"geometry":{"type":"LineString","coordinates":[[28.62807,41.16401],[28.62754,41.16345]]}},{"type":"Feature","properties":{"sinif":"tertiary","ad":null},"geometry":{"type":"LineString","coordinates":[[28.62754,41.16345],[28.62668,41.16246],[28.62627,41.16197]]}},{"type":"Feature","properties":{"sinif":"tertiary","ad":null},"geometry":{"type":"LineString","coordinates":[[28.62754,41.16345],[28.62767,41.16344]]}},{"type":"Feature","properties":{"sinif":"tertiary","ad":null},"geometry":{"type":"LineString","coordinates":[[28.62964,41.16545],[28.62807,41.16401]]}},{"type":"Feature","properties":{"sinif":"tertiary","ad":null},"geometry":{"type":"LineString","coordinates":[[28.63396,41.16739],[28.63327,41.16737],[28.63199,41.16724],[28.6317,41.16721]]}},{"type":"Feature","properties":{"sinif":"tertiary","ad":null},"geometry":{"type":"LineString","coordinates":[[28.61785,41.16391],[28.61796,41.16401],[28.6182,41.16428],[28.61831,41.16441],[28.61855,41.16468]]}},{"type":"Feature","properties":{"sinif":"tertiary","ad":null},"geometry":{"type":"LineString","coordinates":[[28.61855,41.16468],[28.61866,41.1648],[28.61876,41.16495],[28.61882,41.16505]]}},{"type":"Feature","properties":{"sinif":"tertiary","ad":null},"geometry":{"type":"LineString","coordinates":[[28.61855,41.16468],[28.61847,41.16474]]}},{"type":"Feature","properties":{"sinif":"tertiary","ad":null},"geometry":{"type":"LineString","coordinates":[[28.61847,41.16474],[28.61836,41.1646],[28.61824,41.16444]]}},{"type":"Feature","properties":{"sinif":"tertiary","ad":null},"geometry":{"type":"LineString","coordinates":[[28.61824,41.16444],[28.61811,41.1643],[28.61788,41.16402],[28.61785,41.16391]]}},{"type":"Feature","properties":{"sinif":"primary_link","ad":null},"geometry":{"type":"LineString","coordinates":[[28.63451,41.10445],[28.6344,41.10434]]}},{"type":"Feature","properties":{"sinif":"primary","ad":"Hadımköy - İstanbul Caddesi"},"geometry":{"type":"LineString","coordinates":[[28.63451,41.10445],[28.6345,41.10447],[28.63439,41.10482],[28.63434,41.10496],[28.63425,41.10524],[28.63415,41.10553]]}},{"type":"Feature","properties":{"sinif":"primary","ad":"Hadımköy-İstanbul Caddesi"},"geometry":{"type":"LineString","coordinates":[[28.6344,41.10434],[28.63453,41.10391],[28.63463,41.10359],[28.63521,41.10178]]}},{"type":"Feature","properties":{"sinif":"secondary_link","ad":null},"geometry":{"type":"LineString","coordinates":[[28.63476,41.1048],[28.63469,41.10477],[28.63463,41.10476],[28.63458,41.10476],[28.63452,41.10476],[28.63447,41.10478],[28.63439,41.10482]]}},{"type":"Feature","properties":{"sinif":"tertiary","ad":"Özcan Taşkınbaş Caddesi"},"geometry":{"type":"LineString","coordinates":[[28.62296,41.15487],[28.62292,41.15495],[28.62244,41.1556]]}},{"type":"Feature","properties":{"sinif":"tertiary","ad":"Özcan Taşkınbaş Caddesi"},"geometry":{"type":"LineString","coordinates":[[28.62238,41.15557],[28.62246,41.15548],[28.62287,41.15493],[28.62296,41.15487]]}},{"type":"Feature","properties":{"sinif":"secondary","ad":null},"geometry":{"type":"LineString","coordinates":[[28.62238,41.15566],[28.62234,41.15569],[28.62232,41.15571],[28.62223,41.15577],[28.62213,41.15582],[28.62207,41.15586],[28.62203,41.1559],[28.622,41.15595],[28.62194,41.156],[28.62171,41.15604],[28.62157,41.15606]]}},{"type":"Feature","properties":{"sinif":"secondary","ad":"Haraççı - Hadımköy Yolu"},"geometry":{"type":"LineString","coordinates":[[28.62712,41.15734],[28.62686,41.15729],[28.62624,41.15714]]}},{"type":"Feature","properties":{"sinif":"tertiary","ad":null},"geometry":{"type":"LineString","coordinates":[[28.62203,41.15544],[28.62207,41.15544],[28.62221,41.1555],[28.62238,41.15557]]}},{"type":"Feature","properties":{"sinif":"secondary","ad":null},"geometry":{"type":"LineString","coordinates":[[28.62624,41.15714],[28.62609,41.15711],[28.62605,41.1571],[28.62578,41.15702],[28.62514,41.1568],[28.62505,41.15677],[28.6249,41.15671],[28.62463,41.15661],[28.62419,41.15644],[28.624,41.15638],[28.62394,41.15636],[28.62359,41.15621],[28.62323,41.15604],[28.62279,41.15584],[28.62269,41.15579],[28.62252,41.15572],[28.62247,41.1557],[28.62238,41.15566]]}},{"type":"Feature","properties":{"sinif":"secondary_link","ad":null},"geometry":{"type":"LineString","coordinates":[[28.62233,41.15562],[28.62238,41.15557]]}},{"type":"Feature","properties":{"sinif":"tertiary","ad":null},"geometry":{"type":"LineString","coordinates":[[28.62233,41.15562],[28.62229,41.15559],[28.62214,41.1555],[28.62203,41.15544]]}},{"type":"Feature","properties":{"sinif":"secondary_link","ad":null},"geometry":{"type":"LineString","coordinates":[[28.62244,41.1556],[28.62238,41.15566]]}},{"type":"Feature","properties":{"sinif":"secondary_link","ad":null},"geometry":{"type":"LineString","coordinates":[[28.62514,41.1568],[28.62519,41.15675]]}},{"type":"Feature","properties":{"sinif":"secondary_link","ad":null},"geometry":{"type":"LineString","coordinates":[[28.62366,41.15615],[28.62359,41.15621]]}},{"type":"Feature","properties":{"sinif":"tertiary","ad":null},"geometry":{"type":"LineString","coordinates":[[28.6139,41.18028],[28.61389,41.1803],[28.61386,41.18033],[28.61382,41.18034],[28.61377,41.18035],[28.61373,41.18035]]}},{"type":"Feature","properties":{"sinif":"tertiary","ad":null},"geometry":{"type":"LineString","coordinates":[[28.61014,41.18612],[28.61069,41.18642],[28.61116,41.18667],[28.61128,41.18678],[28.61137,41.18692],[28.61173,41.18754],[28.61171,41.18764],[28.61157,41.18801],[28.6114,41.18843]]}},{"type":"Feature","properties":{"sinif":"tertiary","ad":null},"geometry":{"type":"LineString","coordinates":[[28.60901,41.1855],[28.60923,41.18562],[28.60932,41.18567],[28.60945,41.18574],[28.60984,41.18595],[28.61014,41.18612]]}},{"type":"Feature","properties":{"sinif":"tertiary","ad":null},"geometry":{"type":"LineString","coordinates":[[28.61249,41.19702],[28.61247,41.19705],[28.61238,41.19723],[28.61229,41.19741],[28.61226,41.19748],[28.61226,41.19754],[28.61228,41.19759]]}},{"type":"Feature","properties":{"sinif":"tertiary","ad":null},"geometry":{"type":"LineString","coordinates":[[28.61129,41.1884],[28.6115,41.18785],[28.61158,41.18765],[28.61159,41.18755],[28.61128,41.18696],[28.61119,41.18682],[28.6111,41.18674],[28.61008,41.1862]]}},{"type":"Feature","properties":{"sinif":"tertiary","ad":"Cahit Sıtkı Tarancı Caddesi"},"geometry":{"type":"LineString","coordinates":[[28.61333,41.18117],[28.61359,41.18062],[28.6137,41.18041],[28.61373,41.18035]]}},{"type":"Feature","properties":{"sinif":"tertiary","ad":null},"geometry":{"type":"LineString","coordinates":[[28.61871,41.16513],[28.61864,41.165],[28.61851,41.16479],[28.61847,41.16474]]}},{"type":"Feature","properties":{"sinif":"tertiary","ad":"Yaşar Doğu Caddesi"},"geometry":{"type":"LineString","coordinates":[[28.62723,41.15736],[28.6272,41.15745],[28.62716,41.15751],[28.62714,41.15754],[28.62697,41.15773],[28.62687,41.15784],[28.62644,41.15832],[28.6261,41.1587],[28.62592,41.15891],[28.62578,41.15905],[28.6256,41.15925],[28.62556,41.1593],[28.62537,41.15951],[28.62525,41.15964],[28.62512,41.15976],[28.62493,41.15994],[28.62474,41.16012],[28.6246,41.16026],[28.62451,41.16037],[28.62446,41.16046],[28.6244,41.16058],[28.62438,41.16064],[28.62438,41.16069]]}},{"type":"Feature","properties":{"sinif":"tertiary","ad":null},"geometry":{"type":"LineString","coordinates":[[28.62418,41.16074],[28.62409,41.1607],[28.62387,41.16058],[28.62361,41.16043],[28.6231,41.16011],[28.62263,41.15981],[28.62229,41.15959],[28.62214,41.15949],[28.6219,41.15928],[28.62179,41.15918],[28.62156,41.15898],[28.62137,41.1588],[28.62134,41.15877],[28.62127,41.15873],[28.62122,41.1587]]}},{"type":"Feature","properties":{"sinif":"secondary","ad":null},"geometry":{"type":"LineString","coordinates":[[28.62238,41.15566],[28.62233,41.15562]]}},{"type":"Feature","properties":{"sinif":"primary","ad":"Hadımköy-İstanbul Caddesi"},"geometry":{"type":"LineString","coordinates":[[28.62522,41.12308],[28.6253,41.12269]]}},{"type":"Feature","properties":{"sinif":"secondary_link","ad":"Şeyh Şamil Caddesi"},"geometry":{"type":"LineString","coordinates":[[28.61434,41.15812],[28.61428,41.15806]]}},{"type":"Feature","properties":{"sinif":"secondary_link","ad":null},"geometry":{"type":"LineString","coordinates":[[28.61434,41.15804],[28.61435,41.15807],[28.61435,41.1581],[28.61434,41.15812]]}},{"type":"Feature","properties":{"sinif":"secondary","ad":"Haraççı-Hadımköy"},"geometry":{"type":"LineString","coordinates":[[28.61428,41.15806],[28.61434,41.15804]]}},{"type":"Feature","properties":{"sinif":"primary_link","ad":null},"geometry":{"type":"LineString","coordinates":[[28.62458,41.13517],[28.62447,41.13526],[28.62424,41.13529],[28.62398,41.13528],[28.62378,41.13525],[28.62365,41.13518]]}},{"type":"Feature","properties":{"sinif":"primary_link","ad":null},"geometry":{"type":"LineString","coordinates":[[28.62369,41.13417],[28.62373,41.13414],[28.6238,41.13412],[28.62394,41.13411],[28.62405,41.13414],[28.62413,41.13417]]}},{"type":"Feature","properties":{"sinif":"secondary","ad":null},"geometry":{"type":"LineString","coordinates":[[28.6377,41.11141],[28.63729,41.11106]]}},{"type":"Feature","properties":{"sinif":"secondary_link","ad":null},"geometry":{"type":"LineString","coordinates":[[28.6377,41.11141],[28.63767,41.11135],[28.63766,41.1113],[28.63772,41.11123],[28.6378,41.11119]]}},{"type":"Feature","properties":{"sinif":"primary_link","ad":null},"geometry":{"type":"LineString","coordinates":[[28.72546,41.19587],[28.7254,41.19576],[28.7253,41.19564],[28.72522,41.19553]]}},{"type":"Feature","properties":{"sinif":"secondary","ad":"Terkos-Karaburun Caddesi"},"geometry":{"type":"LineString","coordinates":[[28.66133,41.27352],[28.66112,41.27459]]}},{"type":"Feature","properties":{"sinif":"trunk","ad":null},"geometry":{"type":"LineString","coordinates":[[28.66267,41.27399],[28.66293,41.2739],[28.6631,41.27385],[28.66329,41.27377],[28.66347,41.2737],[28.66363,41.27363],[28.66377,41.27357],[28.66396,41.27346]]}},{"type":"Feature","properties":{"sinif":"trunk","ad":null},"geometry":{"type":"LineString","coordinates":[[28.66879,41.26901],[28.66905,41.26869],[28.66943,41.26824],[28.66966,41.26798],[28.66993,41.26766],[28.67016,41.26733],[28.67092,41.26627],[28.67113,41.26597],[28.67153,41.26541]]}},{"type":"Feature","properties":{"sinif":"trunk","ad":null},"geometry":{"type":"LineString","coordinates":[[28.67181,41.26525],[28.67155,41.26558],[28.67155,41.26559],[28.67112,41.26621],[28.67057,41.26697]]}},{"type":"Feature","properties":{"sinif":"tertiary","ad":"Tayakadın Yassıören Caddesi"},"geometry":{"type":"LineString","coordinates":[[28.69403,41.27292],[28.69418,41.27291],[28.6943,41.27291],[28.69445,41.27294],[28.69458,41.27298],[28.69512,41.27317],[28.69549,41.27329],[28.69568,41.27335],[28.69579,41.2734],[28.69593,41.27347],[28.69619,41.27362],[28.69649,41.27386],[28.69673,41.27405],[28.69715,41.27438],[28.69736,41.27448],[28.69758,41.27457],[28.69775,41.27463],[28.69808,41.27476],[28.69846,41.2749],[28.69871,41.27496],[28.69893,41.27499]]}},{"type":"Feature","properties":{"sinif":"primary","ad":"Fatih Caddesi"},"geometry":{"type":"LineString","coordinates":[[28.72846,41.20469],[28.72842,41.20473],[28.72835,41.20479],[28.72827,41.20488]]}},{"type":"Feature","properties":{"sinif":"primary","ad":"Fatih Caddesi"},"geometry":{"type":"LineString","coordinates":[[28.728,41.20474],[28.72803,41.20469],[28.72806,41.20462],[28.72809,41.20451],[28.72813,41.20439],[28.72813,41.20428]]}},{"type":"Feature","properties":{"sinif":"primary","ad":"Fatih Caddesi"},"geometry":{"type":"LineString","coordinates":[[28.72846,41.20445],[28.72847,41.20459],[28.72846,41.20469]]}},{"type":"Feature","properties":{"sinif":"tertiary","ad":null},"geometry":{"type":"LineString","coordinates":[[28.76384,41.1998],[28.76381,41.1998],[28.76378,41.19979],[28.76376,41.19978],[28.76374,41.19976],[28.76374,41.19974]]}},{"type":"Feature","properties":{"sinif":"tertiary","ad":null},"geometry":{"type":"LineString","coordinates":[[28.76374,41.19974],[28.76374,41.19972],[28.76375,41.1997],[28.76377,41.19969],[28.76379,41.19968]]}},{"type":"Feature","properties":{"sinif":"tertiary","ad":null},"geometry":{"type":"LineString","coordinates":[[28.76391,41.19974],[28.7639,41.19976],[28.7639,41.19976],[28.76389,41.19977],[28.76388,41.19979],[28.76386,41.19979],[28.76384,41.1998]]}},{"type":"Feature","properties":{"sinif":"tertiary","ad":"Abdullah Gül Caddesi"},"geometry":{"type":"LineString","coordinates":[[28.76483,41.19823],[28.76484,41.19821],[28.76486,41.19816],[28.7649,41.19812]]}},{"type":"Feature","properties":{"sinif":"secondary","ad":null},"geometry":{"type":"LineString","coordinates":[[28.7649,41.19812],[28.76482,41.19812],[28.76471,41.1981]]}},{"type":"Feature","properties":{"sinif":"secondary","ad":"Mavigöl Caddesi"},"geometry":{"type":"LineString","coordinates":[[28.77359,41.20861],[28.7736,41.20876],[28.77361,41.20888],[28.77364,41.20896],[28.77369,41.20905],[28.77376,41.20915],[28.77387,41.20931],[28.77511,41.21093],[28.77547,41.2114],[28.77599,41.21204]]}},{"type":"Feature","properties":{"sinif":"secondary","ad":"Mavigöl Caddesi"},"geometry":{"type":"LineString","coordinates":[[28.77586,41.2121],[28.775,41.21099],[28.77495,41.21093],[28.77449,41.21031],[28.77435,41.21013],[28.77371,41.20931],[28.77363,41.20921],[28.77356,41.20913],[28.77351,41.20906],[28.77347,41.20897],[28.77345,41.20889],[28.77344,41.20882],[28.77343,41.20865],[28.77343,41.20853]]}},{"type":"Feature","properties":{"sinif":"primary","ad":null},"geometry":{"type":"LineString","coordinates":[[28.77215,41.18368],[28.77219,41.18359],[28.77251,41.18324],[28.77265,41.18314],[28.7728,41.18305]]}},{"type":"Feature","properties":{"sinif":"secondary","ad":null},"geometry":{"type":"LineString","coordinates":[[28.77051,41.18096],[28.77048,41.18098],[28.77044,41.18098],[28.7704,41.18098]]}},{"type":"Feature","properties":{"sinif":"tertiary","ad":"Eber Sokağı"},"geometry":{"type":"LineString","coordinates":[[28.77172,41.18098],[28.77173,41.18094],[28.77176,41.18091],[28.77181,41.18089]]}},{"type":"Feature","properties":{"sinif":"tertiary","ad":"İsmet İnönü Caddesi"},"geometry":{"type":"LineString","coordinates":[[28.77333,41.18085],[28.77329,41.1809],[28.77326,41.18094],[28.77322,41.18116],[28.77318,41.18131],[28.77312,41.18137],[28.77297,41.18144],[28.7727,41.18158],[28.77249,41.18168]]}},{"type":"Feature","properties":{"sinif":"tertiary","ad":"İsmet İnönü Caddesi"},"geometry":{"type":"LineString","coordinates":[[28.77333,41.18085],[28.77345,41.1808],[28.77365,41.18072],[28.77392,41.18058]]}},{"type":"Feature","properties":{"sinif":"primary","ad":null},"geometry":{"type":"LineString","coordinates":[[28.77284,41.18313],[28.77265,41.18325],[28.77257,41.18332],[28.77246,41.18342],[28.77229,41.18362],[28.77223,41.18374]]}},{"type":"Feature","properties":{"sinif":"primary","ad":"Gaziosmanpaşa Caddesi"},"geometry":{"type":"LineString","coordinates":[[28.74479,41.18416],[28.74458,41.18418]]}},{"type":"Feature","properties":{"sinif":"primary","ad":"Maltepe Caddesi"},"geometry":{"type":"LineString","coordinates":[[28.70578,41.18405],[28.70571,41.1841],[28.70553,41.18422],[28.70539,41.18434],[28.70521,41.18452],[28.70509,41.18468],[28.70501,41.18484],[28.70484,41.18519],[28.70474,41.1854]]}},{"type":"Feature","properties":{"sinif":"primary","ad":null},"geometry":{"type":"LineString","coordinates":[[28.70249,41.17911],[28.70244,41.17911],[28.7024,41.17911],[28.70236,41.17909],[28.70232,41.17906]]}},{"type":"Feature","properties":{"sinif":"secondary","ad":"Eski Edirne Asfaltı Caddesi"},"geometry":{"type":"LineString","coordinates":[[28.6,41.23158],[28.59961,41.23272],[28.59943,41.23322],[28.59936,41.23338],[28.59934,41.23343],[28.59925,41.23358],[28.59909,41.23383],[28.59876,41.23429],[28.59809,41.23521],[28.59779,41.23563]]}},{"type":"Feature","properties":{"sinif":"trunk","ad":null},"geometry":{"type":"LineString","coordinates":[[28.58641,41.24881],[28.58676,41.24878],[28.58702,41.24875],[28.58733,41.24874],[28.58757,41.24873],[28.5878,41.24873],[28.58816,41.24875],[28.58848,41.24879],[28.58872,41.24883],[28.58897,41.24888],[28.58926,41.24894],[28.58953,41.24902],[28.58989,41.24915],[28.59022,41.24929],[28.59047,41.24942],[28.59068,41.24954],[28.59087,41.24966],[28.59108,41.24981],[28.59127,41.24996]]}},{"type":"Feature","properties":{"sinif":"secondary","ad":"Haraççı - Hadımköy Yolu"},"geometry":{"type":"LineString","coordinates":[[28.70227,41.17266],[28.70193,41.17245]]}},{"type":"Feature","properties":{"sinif":"tertiary","ad":null},"geometry":{"type":"LineString","coordinates":[[28.70193,41.17245],[28.70206,41.1724],[28.70247,41.1716],[28.70263,41.17141],[28.70372,41.17061]]}},{"type":"Feature","properties":{"sinif":"tertiary","ad":"Abdül Ezel Paşa Caddesi"},"geometry":{"type":"LineString","coordinates":[[28.61878,41.17268],[28.61871,41.17258],[28.61864,41.17248],[28.61863,41.17245],[28.61861,41.17238],[28.61862,41.17225],[28.61868,41.17199],[28.61877,41.17155],[28.61883,41.17105],[28.61887,41.1705],[28.61892,41.16998],[28.61894,41.16973],[28.61897,41.16924],[28.61899,41.16874],[28.61901,41.16828],[28.61901,41.16783],[28.61899,41.16753],[28.61893,41.1672],[28.61892,41.16714],[28.61889,41.16703],[28.6189,41.1669],[28.61892,41.16683],[28.61907,41.16622],[28.61908,41.16601],[28.61906,41.16586],[28.61901,41.16571],[28.61893,41.16556],[28.61875,41.16519],[28.61871,41.16513]]}},{"type":"Feature","properties":{"sinif":"tertiary","ad":null},"geometry":{"type":"LineString","coordinates":[[28.63152,41.16713],[28.63145,41.16707],[28.63082,41.16647]]}},{"type":"Feature","properties":{"sinif":"tertiary","ad":null},"geometry":{"type":"LineString","coordinates":[[28.63177,41.16712],[28.63187,41.16714],[28.63214,41.16717],[28.63331,41.1673],[28.63389,41.1673],[28.63398,41.16731]]}},{"type":"Feature","properties":{"sinif":"tertiary","ad":null},"geometry":{"type":"LineString","coordinates":[[28.63175,41.16708],[28.63176,41.1671],[28.63177,41.16712],[28.63177,41.16715],[28.63175,41.16717],[28.63173,41.16719],[28.6317,41.16721],[28.63167,41.16722],[28.63163,41.16722],[28.63159,41.16721],[28.63156,41.16719],[28.63154,41.16717]]}},{"type":"Feature","properties":{"sinif":"tertiary","ad":null},"geometry":{"type":"LineString","coordinates":[[28.63154,41.16717],[28.63153,41.16715],[28.63152,41.16713],[28.63153,41.1671],[28.63155,41.16707],[28.63157,41.16705],[28.63161,41.16704],[28.63165,41.16703],[28.63169,41.16704],[28.63172,41.16705],[28.63175,41.16708]]}},{"type":"Feature","properties":{"sinif":"tertiary","ad":"Hadımköy Dursunköy Caddesi"},"geometry":{"type":"LineString","coordinates":[[28.63571,41.15654],[28.63583,41.15629]]}},{"type":"Feature","properties":{"sinif":"tertiary","ad":"Abdül Ezel Paşa Caddesi"},"geometry":{"type":"LineString","coordinates":[[28.61794,41.18058],[28.61796,41.18054],[28.61821,41.18002],[28.61846,41.17946],[28.61859,41.17906],[28.61867,41.17874],[28.6187,41.17858],[28.61872,41.17796],[28.61873,41.17754],[28.61873,41.17745],[28.61875,41.17693],[28.61881,41.17609],[28.61886,41.17568],[28.61886,41.17533],[28.61885,41.17455],[28.61882,41.1738],[28.61883,41.17359],[28.61886,41.17319],[28.61886,41.17304],[28.61884,41.17286],[28.6188,41.17271],[28.61878,41.17268]]}},{"type":"Feature","properties":{"sinif":"tertiary","ad":null},"geometry":{"type":"LineString","coordinates":[[28.61382,41.18015],[28.61386,41.18017],[28.61389,41.1802],[28.6139,41.18023],[28.6139,41.18026],[28.6139,41.18028]]}},{"type":"Feature","properties":{"sinif":"secondary","ad":"Haraççı - Hadımköy Yolu"},"geometry":{"type":"LineString","coordinates":[[28.62723,41.15736],[28.62712,41.15734]]}},{"type":"Feature","properties":{"sinif":"secondary","ad":null},"geometry":{"type":"LineString","coordinates":[[28.63729,41.11106],[28.63742,41.11111],[28.63761,41.11116],[28.6378,41.11119]]}},{"type":"Feature","properties":{"sinif":"secondary","ad":null},"geometry":{"type":"LineString","coordinates":[[28.64307,41.11167],[28.64301,41.11164],[28.64296,41.1116],[28.64294,41.11155],[28.64293,41.1115],[28.64295,41.11145]]}},{"type":"Feature","properties":{"sinif":"secondary","ad":null},"geometry":{"type":"LineString","coordinates":[[28.64334,41.11146],[28.64335,41.11151],[28.64334,41.11156],[28.64331,41.11161],[28.64326,41.11165],[28.6432,41.11167],[28.64313,41.11168]]}},{"type":"Feature","properties":{"sinif":"secondary","ad":null},"geometry":{"type":"LineString","coordinates":[[28.64313,41.11168],[28.64307,41.11167]]}},{"type":"Feature","properties":{"sinif":"secondary","ad":null},"geometry":{"type":"LineString","coordinates":[[28.64295,41.11145],[28.64299,41.11141],[28.64305,41.11138],[28.64311,41.11136],[28.64318,41.11137],[28.64325,41.11138],[28.64328,41.11141],[28.6433,41.11142],[28.64334,41.11146]]}},{"type":"Feature","properties":{"sinif":"secondary","ad":null},"geometry":{"type":"LineString","coordinates":[[28.63876,41.11126],[28.63873,41.11142]]}},{"type":"Feature","properties":{"sinif":"tertiary","ad":null},"geometry":{"type":"LineString","coordinates":[[28.65517,41.11407],[28.65528,41.11428],[28.6554,41.11453],[28.6556,41.11489]]}},{"type":"Feature","properties":{"sinif":"tertiary","ad":null},"geometry":{"type":"LineString","coordinates":[[28.65773,41.11323],[28.65826,41.11386],[28.65832,41.11393],[28.65862,41.11426]]}},{"type":"Feature","properties":{"sinif":"tertiary","ad":null},"geometry":{"type":"LineString","coordinates":[[28.66478,41.11364],[28.66496,41.11366]]}},{"type":"Feature","properties":{"sinif":"tertiary","ad":"Egemen Caddesi"},"geometry":{"type":"LineString","coordinates":[[28.71802,41.19722],[28.71802,41.19733],[28.71803,41.19747],[28.71803,41.19761],[28.71803,41.19762],[28.71803,41.19779],[28.71801,41.1979],[28.71793,41.19805],[28.71786,41.19818],[28.71777,41.19828],[28.71759,41.19846],[28.71745,41.19855],[28.71735,41.1986],[28.71724,41.19865],[28.71711,41.19868],[28.71698,41.19868],[28.71678,41.19868],[28.71664,41.19868],[28.71633,41.19866],[28.71609,41.19865],[28.71537,41.19863],[28.71531,41.19864],[28.71521,41.19865],[28.71504,41.1987]]}},{"type":"Feature","properties":{"sinif":"tertiary","ad":null},"geometry":{"type":"LineString","coordinates":[[28.62849,41.2635],[28.62856,41.26337],[28.62876,41.26314],[28.62882,41.26301],[28.62881,41.2629],[28.62869,41.26279]]}},{"type":"Feature","properties":{"sinif":"tertiary","ad":"Hadımköy-Dursunköy Caddesi"},"geometry":{"type":"LineString","coordinates":[[28.63834,41.20501],[28.63818,41.20495],[28.63796,41.20483],[28.63726,41.20437],[28.63622,41.20369],[28.63613,41.20364],[28.6361,41.20356]]}},{"type":"Feature","properties":{"sinif":"tertiary","ad":"Devlet Caddesi"},"geometry":{"type":"LineString","coordinates":[[28.80814,41.17287],[28.80869,41.17269],[28.80899,41.17258],[28.80954,41.17244],[28.80965,41.17238],[28.80978,41.17223],[28.80993,41.17206],[28.8104,41.17173],[28.81069,41.17147]]}},{"type":"Feature","properties":{"sinif":"secondary","ad":"Haraççı - Hadımköy Yolu"},"geometry":{"type":"LineString","coordinates":[[28.62238,41.15557],[28.62244,41.1556]]}},{"type":"Feature","properties":{"sinif":"tertiary","ad":"Hadımköy-Nakkaş Yolu"},"geometry":{"type":"LineString","coordinates":[[28.57643,41.16057],[28.57675,41.16084],[28.57713,41.16116],[28.57734,41.16129],[28.57761,41.16143],[28.57819,41.16167],[28.57876,41.16192],[28.57955,41.16237],[28.57976,41.16246],[28.57989,41.16249],[28.58002,41.16252],[28.58025,41.16253],[28.58052,41.16251],[28.58073,41.16245],[28.58092,41.16237],[28.58115,41.16222],[28.58227,41.16132],[28.58245,41.16125],[28.58266,41.16121],[28.5828,41.16121],[28.58298,41.16125],[28.58409,41.16167],[28.58428,41.16175],[28.58453,41.1619],[28.58463,41.16199],[28.5848,41.16217],[28.5853,41.1628],[28.58579,41.16344],[28.58602,41.16371],[28.58624,41.16387],[28.58646,41.16398],[28.58794,41.16451],[28.59012,41.16537],[28.59064,41.16555],[28.59103,41.16567],[28.59109,41.16568],[28.59115,41.16569],[28.59133,41.1657],[28.59161,41.16569],[28.59294,41.16558],[28.59326,41.16556],[28.59351,41.16558],[28.59372,41.16562],[28.59431,41.16579],[28.59451,41.16584],[28.59472,41.16586],[28.59493,41.16586],[28.59562,41.16581],[28.59588,41.16579],[28.59607,41.16573],[28.59624,41.16566],[28.59635,41.16557],[28.59681,41.16511],[28.59701,41.16494],[28.59712,41.16487],[28.59738,41.16475],[28.59755,41.16471],[28.59782,41.16466],[28.59813,41.16463],[28.5987,41.16463],[28.59883,41.16461],[28.59894,41.16459],[28.59922,41.16452],[28.59952,41.16445],[28.59969,41.16444],[28.59986,41.16446],[28.60009,41.16452],[28.60053,41.16469],[28.60089,41.1648],[28.60132,41.16498],[28.60202,41.16539],[28.60272,41.16582],[28.60352,41.1664],[28.6039,41.16666]]}},{"type":"Feature","properties":{"sinif":"secondary_link","ad":null},"geometry":{"type":"LineString","coordinates":[[28.59597,41.18294],[28.59604,41.18287],[28.59609,41.18283],[28.59617,41.18278],[28.59627,41.18277],[28.5964,41.18277]]}},{"type":"Feature","properties":{"sinif":"secondary_link","ad":null},"geometry":{"type":"LineString","coordinates":[[28.59635,41.18314],[28.5962,41.18314],[28.59611,41.18317],[28.596,41.18326],[28.59596,41.18334]]}},{"type":"Feature","properties":{"sinif":"secondary_link","ad":null},"geometry":{"type":"LineString","coordinates":[[28.5971,41.1831],[28.59704,41.1832],[28.59696,41.18325],[28.59685,41.18329]]}},{"type":"Feature","properties":{"sinif":"tertiary","ad":null},"geometry":{"type":"LineString","coordinates":[[28.59514,41.13817],[28.59535,41.13806],[28.5954,41.13802],[28.59544,41.13792],[28.59546,41.13776],[28.5954,41.1374]]}},{"type":"Feature","properties":{"sinif":"tertiary","ad":null},"geometry":{"type":"LineString","coordinates":[[28.59443,41.13856],[28.59514,41.13817]]}},{"type":"Feature","properties":{"sinif":"tertiary","ad":null},"geometry":{"type":"LineString","coordinates":[[28.60059,41.13305],[28.60089,41.13328]]}},{"type":"Feature","properties":{"sinif":"tertiary","ad":null},"geometry":{"type":"LineString","coordinates":[[28.60045,41.13287],[28.60051,41.13296],[28.60059,41.13305]]}},{"type":"Feature","properties":{"sinif":"tertiary","ad":"Özcan Taşkınbaş Caddesi"},"geometry":{"type":"LineString","coordinates":[[28.62499,41.15264],[28.62506,41.15225],[28.6252,41.15127]]}},{"type":"Feature","properties":{"sinif":"tertiary","ad":"Özcan Taşkınbaş Caddesi"},"geometry":{"type":"LineString","coordinates":[[28.62528,41.1513],[28.62526,41.15151],[28.62517,41.1521],[28.62511,41.15236],[28.62499,41.15264]]}},{"type":"Feature","properties":{"sinif":"primary_link","ad":null},"geometry":{"type":"LineString","coordinates":[[28.6182,41.15109],[28.6182,41.15121]]}},{"type":"Feature","properties":{"sinif":"primary_link","ad":null},"geometry":{"type":"LineString","coordinates":[[28.61809,41.15069],[28.61813,41.15081],[28.61816,41.15089],[28.61818,41.15096],[28.6182,41.15109]]}},{"type":"Feature","properties":{"sinif":"primary_link","ad":null},"geometry":{"type":"LineString","coordinates":[[28.63565,41.09405],[28.63581,41.09402]]}},{"type":"Feature","properties":{"sinif":"primary_link","ad":null},"geometry":{"type":"LineString","coordinates":[[28.65625,41.10696],[28.65615,41.10687]]}},{"type":"Feature","properties":{"sinif":"secondary","ad":null},"geometry":{"type":"LineString","coordinates":[[28.64518,41.11391],[28.64507,41.11378]]}},{"type":"Feature","properties":{"sinif":"primary","ad":"İstiklal Caddesi"},"geometry":{"type":"LineString","coordinates":[[28.77215,41.14018],[28.77205,41.14011],[28.77191,41.14001],[28.77174,41.13991],[28.77148,41.13976],[28.77122,41.13963],[28.77097,41.13952],[28.77077,41.13945],[28.77067,41.13942],[28.77025,41.13928],[28.76904,41.1389],[28.76877,41.1388],[28.76847,41.1387],[28.76805,41.13855],[28.76775,41.13843],[28.76745,41.13832],[28.767,41.13818],[28.76635,41.13797],[28.766,41.13786],[28.76578,41.13779],[28.76556,41.1377],[28.76526,41.13756],[28.76485,41.13734],[28.76468,41.13725],[28.76448,41.13716],[28.76423,41.13706],[28.764,41.13698],[28.76391,41.13695],[28.76377,41.13691],[28.76357,41.13682],[28.76343,41.1367],[28.76336,41.13663],[28.76317,41.13644],[28.76287,41.13614],[28.76265,41.13596],[28.76244,41.13582],[28.76222,41.13568],[28.7621,41.13559],[28.76164,41.13512],[28.7615,41.13498]]}},{"type":"Feature","properties":{"sinif":"primary_link","ad":null},"geometry":{"type":"LineString","coordinates":[[28.7615,41.13498],[28.76141,41.13472]]}},{"type":"Feature","properties":{"sinif":"primary_link","ad":null},"geometry":{"type":"LineString","coordinates":[[28.73214,41.1811],[28.73204,41.18112]]}},{"type":"Feature","properties":{"sinif":"tertiary","ad":null},"geometry":{"type":"LineString","coordinates":[[28.71113,41.17809],[28.71125,41.17818]]}},{"type":"Feature","properties":{"sinif":"tertiary","ad":null},"geometry":{"type":"LineString","coordinates":[[28.71125,41.17818],[28.71138,41.17826]]}},{"type":"Feature","properties":{"sinif":"secondary","ad":"Bayrak Sokağı"},"geometry":{"type":"LineString","coordinates":[[28.70931,41.18097],[28.70941,41.18099]]}},{"type":"Feature","properties":{"sinif":"secondary","ad":"Bayrak Sokağı"},"geometry":{"type":"LineString","coordinates":[[28.7092,41.18094],[28.70931,41.18097]]}},{"type":"Feature","properties":{"sinif":"primary_link","ad":null},"geometry":{"type":"LineString","coordinates":[[28.63578,41.10005],[28.63581,41.10015],[28.63584,41.10019],[28.63589,41.10022],[28.63592,41.10023],[28.63596,41.10025],[28.63604,41.10026],[28.63614,41.10026]]}},{"type":"Feature","properties":{"sinif":"primary_link","ad":null},"geometry":{"type":"LineString","coordinates":[[28.63614,41.10026],[28.63669,41.10001]]}},{"type":"Feature","properties":{"sinif":"tertiary","ad":"Fahri Korutürk Caddesi"},"geometry":{"type":"LineString","coordinates":[[28.63688,41.15671],[28.63715,41.15637],[28.63745,41.15598],[28.63758,41.15576],[28.63773,41.15548],[28.63779,41.15533],[28.63783,41.15515],[28.63785,41.15493],[28.63785,41.15486],[28.63787,41.15469],[28.63793,41.15439],[28.63808,41.15405],[28.63831,41.15363],[28.63855,41.1533],[28.63969,41.15198],[28.64094,41.15078],[28.64109,41.15063],[28.64123,41.15049],[28.6416,41.15013],[28.64179,41.14994],[28.64243,41.14942],[28.64307,41.14884],[28.64339,41.1485],[28.64361,41.14822],[28.64416,41.14734],[28.64439,41.14694],[28.64488,41.14591],[28.64504,41.14558],[28.64523,41.14506],[28.64528,41.1449],[28.64546,41.14447],[28.64598,41.14316],[28.64632,41.1423],[28.64648,41.14199],[28.64669,41.14164],[28.64714,41.14099],[28.64766,41.14042],[28.64818,41.13982],[28.64866,41.13916],[28.64897,41.13865],[28.64946,41.13787],[28.64981,41.13736],[28.65018,41.13687],[28.65061,41.13638],[28.6511,41.13589],[28.6513,41.13569],[28.65154,41.1355]]}},{"type":"Feature","properties":{"sinif":"tertiary","ad":"Hadımköy Dursunköy Caddesi"},"geometry":{"type":"LineString","coordinates":[[28.63491,41.16313],[28.63476,41.16391],[28.63455,41.16483],[28.63432,41.16589],[28.6343,41.16599],[28.63412,41.16676],[28.63412,41.16676],[28.63406,41.16701],[28.63398,41.16731],[28.63398,41.16732],[28.63396,41.16739],[28.63378,41.16798],[28.63365,41.16848],[28.63353,41.16892],[28.63348,41.16905],[28.63339,41.16924],[28.63329,41.16944],[28.63321,41.16963],[28.63317,41.16979],[28.63318,41.17002],[28.63322,41.17022],[28.6333,41.17043],[28.63357,41.17106],[28.63378,41.17153],[28.6339,41.17186],[28.63416,41.17258],[28.63427,41.17288],[28.63479,41.17434],[28.63514,41.17534],[28.63549,41.17632],[28.63569,41.17678],[28.63591,41.17723],[28.63638,41.17817],[28.63683,41.17909],[28.63707,41.17955],[28.63719,41.17972],[28.63735,41.17982],[28.63753,41.17989],[28.63771,41.17994],[28.63785,41.18],[28.63791,41.18003],[28.63794,41.18005],[28.63803,41.18014],[28.63811,41.18023],[28.6382,41.18041],[28.63831,41.18074],[28.63833,41.18084],[28.63849,41.18156],[28.63863,41.18218],[28.63867,41.18234],[28.63874,41.18259],[28.6389,41.18308],[28.63896,41.18335],[28.63898,41.1835],[28.63898,41.1837],[28.63894,41.18394],[28.63887,41.18423],[28.63856,41.18515],[28.63841,41.18563],[28.63827,41.1861],[28.6382,41.18641],[28.63816,41.18671],[28.63816,41.18696],[28.6382,41.18723],[28.63825,41.18748],[28.63827,41.1876],[28.63857,41.18877],[28.63873,41.18957],[28.63889,41.19024]]}},{"type":"Feature","properties":{"sinif":"tertiary","ad":null},"geometry":{"type":"LineString","coordinates":[[28.63905,41.19065],[28.63906,41.19076],[28.63907,41.19088],[28.6391,41.19115]]}},{"type":"Feature","properties":{"sinif":"tertiary","ad":null},"geometry":{"type":"LineString","coordinates":[[28.6391,41.19115],[28.63902,41.19091],[28.63897,41.19076],[28.63894,41.19073],[28.63892,41.19069],[28.6389,41.19061]]}},{"type":"Feature","properties":{"sinif":"tertiary","ad":null},"geometry":{"type":"LineString","coordinates":[[28.63889,41.19024],[28.63896,41.19039],[28.63897,41.19043],[28.63901,41.19054],[28.63902,41.19057],[28.63905,41.19065]]}},{"type":"Feature","properties":{"sinif":"tertiary","ad":null},"geometry":{"type":"LineString","coordinates":[[28.6389,41.19061],[28.63889,41.19054],[28.63889,41.19044],[28.63889,41.19031],[28.63889,41.19024]]}},{"type":"Feature","properties":{"sinif":"secondary","ad":"Eski Edirne Asfaltı Caddesi"},"geometry":{"type":"LineString","coordinates":[[28.63899,41.19064],[28.6389,41.19061]]}},{"type":"Feature","properties":{"sinif":"secondary","ad":"Eski Edirne Asfaltı Caddesi"},"geometry":{"type":"LineString","coordinates":[[28.63905,41.19065],[28.63899,41.19064]]}},{"type":"Feature","properties":{"sinif":"secondary","ad":"Haraççı - Hadımköy Yolu"},"geometry":{"type":"LineString","coordinates":[[28.62723,41.15736],[28.62812,41.15746],[28.62823,41.15747],[28.62924,41.15759],[28.62943,41.1576],[28.62967,41.15761],[28.63,41.15761],[28.63021,41.1576],[28.63035,41.15758],[28.63051,41.15754],[28.63067,41.15749],[28.63078,41.15745],[28.63131,41.15726],[28.63177,41.1571],[28.63232,41.1569],[28.63248,41.15684],[28.6326,41.15679],[28.63288,41.15663],[28.6331,41.15649],[28.6332,41.15642],[28.63325,41.15638],[28.63332,41.15633],[28.63335,41.15631],[28.63343,41.15625],[28.63356,41.15617],[28.63373,41.15612],[28.63386,41.1561],[28.63406,41.1561],[28.63422,41.15611],[28.63521,41.1562],[28.63547,41.15623],[28.63583,41.15629]]}},{"type":"Feature","properties":{"sinif":"secondary_link","ad":null},"geometry":{"type":"LineString","coordinates":[[28.63325,41.15638],[28.6332,41.15634],[28.63314,41.15625],[28.63307,41.15614],[28.63303,41.15601]]}},{"type":"Feature","properties":{"sinif":"secondary_link","ad":null},"geometry":{"type":"LineString","coordinates":[[28.63303,41.15601],[28.63307,41.15605],[28.63315,41.15616],[28.63323,41.15623],[28.63329,41.15627],[28.63335,41.15631]]}},{"type":"Feature","properties":{"sinif":"secondary","ad":"Haraççı - Hadımköy Yolu"},"geometry":{"type":"LineString","coordinates":[[28.64931,41.15933],[28.6489,41.15934],[28.64821,41.15933],[28.64784,41.1593],[28.64745,41.15926],[28.64721,41.15922],[28.64703,41.15916],[28.6468,41.15906],[28.6461,41.15874],[28.64547,41.1584],[28.6448,41.15804],[28.64413,41.15769],[28.64403,41.15764],[28.6439,41.15759],[28.64375,41.15754],[28.64361,41.15752],[28.64344,41.15752],[28.64328,41.15754],[28.64312,41.15756],[28.64284,41.15765],[28.64217,41.15795],[28.6416,41.15821],[28.64142,41.15828],[28.64128,41.15831],[28.64113,41.15833],[28.64099,41.15833],[28.64085,41.15832],[28.64069,41.15829],[28.63979,41.15811],[28.63939,41.15803],[28.63915,41.15797],[28.63891,41.15789],[28.63868,41.15778],[28.63837,41.15761],[28.63745,41.15711],[28.63718,41.15696],[28.63707,41.1569],[28.63683,41.15677],[28.63673,41.15672],[28.63662,41.15666],[28.63619,41.15645]]}},{"type":"Feature","properties":{"sinif":"secondary","ad":"Haraççı - Hadımköy Yolu"},"geometry":{"type":"LineString","coordinates":[[28.63583,41.15629],[28.63596,41.1563],[28.63606,41.15631],[28.63613,41.15633],[28.63618,41.15634],[28.63641,41.15645],[28.63673,41.15663],[28.63688,41.15671],[28.63712,41.15684],[28.63746,41.15703],[28.63846,41.15758],[28.63873,41.15771],[28.639,41.15784],[28.63919,41.1579],[28.63964,41.15801],[28.64082,41.15824],[28.64099,41.15826],[28.64117,41.15825],[28.64134,41.15822],[28.64158,41.15813],[28.64233,41.1578],[28.64284,41.15757],[28.64303,41.15751],[28.6432,41.15747],[28.64339,41.15745],[28.64359,41.15745],[28.64379,41.15747],[28.64401,41.15754],[28.64427,41.15767],[28.64534,41.15825],[28.64585,41.15852],[28.64615,41.15867],[28.64671,41.15893],[28.64704,41.15908],[28.64724,41.15915],[28.64746,41.15919],[28.64784,41.15923],[28.64848,41.15926],[28.64883,41.15927],[28.64904,41.15928],[28.64931,41.15933]]}},{"type":"Feature","properties":{"sinif":"secondary_link","ad":null},"geometry":{"type":"LineString","coordinates":[[28.63688,41.15671],[28.63683,41.15677]]}},{"type":"Feature","properties":{"sinif":"motorway_link","ad":"Fenertepe Kavşağı"},"geometry":{"type":"LineString","coordinates":[[28.80708,41.14218],[28.80708,41.14249],[28.80712,41.14289],[28.80714,41.14343],[28.80713,41.14359],[28.80711,41.14373],[28.80704,41.14398]]}},{"type":"Feature","properties":{"sinif":"trunk","ad":"Eski Edirne Asfaltı Caddesi"},"geometry":{"type":"LineString","coordinates":[[28.77314,41.16217],[28.77304,41.16221],[28.77286,41.1623],[28.77257,41.16243],[28.77239,41.16252]]}},{"type":"Feature","properties":{"sinif":"trunk","ad":"Eski Edirne Asfaltı Caddesi"},"geometry":{"type":"LineString","coordinates":[[28.77336,41.16207],[28.77314,41.16217]]}},{"type":"Feature","properties":{"sinif":"trunk_link","ad":null},"geometry":{"type":"LineString","coordinates":[[28.72484,41.18396],[28.72532,41.18396],[28.72563,41.18395],[28.72573,41.18395],[28.72602,41.184]]}},{"type":"Feature","properties":{"sinif":"trunk_link","ad":"Eski Edirne Asfaltı Caddesi"},"geometry":{"type":"LineString","coordinates":[[28.72504,41.18497],[28.72503,41.18494],[28.72499,41.18485]]}},{"type":"Feature","properties":{"sinif":"trunk_link","ad":null},"geometry":{"type":"LineString","coordinates":[[28.71941,41.183],[28.71954,41.183],[28.72044,41.18297]]}},{"type":"Feature","properties":{"sinif":"tertiary","ad":"75. Yıl Caddesi"},"geometry":{"type":"LineString","coordinates":[[28.62771,41.13978],[28.62778,41.13992],[28.6284,41.14107]]}},{"type":"Feature","properties":{"sinif":"tertiary","ad":"Nurettin Sözen Caddesi"},"geometry":{"type":"LineString","coordinates":[[28.62634,41.14787],[28.62633,41.14775],[28.62632,41.14769],[28.62629,41.14757],[28.62628,41.14755],[28.62624,41.14745],[28.6262,41.14736],[28.62619,41.14733],[28.62605,41.14714],[28.62601,41.14711],[28.6259,41.14704],[28.62544,41.14678],[28.625,41.14656]]}},{"type":"Feature","properties":{"sinif":"tertiary","ad":"Abdullah Gül Caddesi"},"geometry":{"type":"LineString","coordinates":[[28.75209,41.21217],[28.75206,41.21218],[28.75155,41.21243],[28.75122,41.21266],[28.75044,41.21306]]}},{"type":"Feature","properties":{"sinif":"tertiary","ad":"Abdullah Gül Caddesi"},"geometry":{"type":"LineString","coordinates":[[28.7547,41.2108],[28.75502,41.21055]]}},{"type":"Feature","properties":{"sinif":"tertiary","ad":"Abdullah Gül Caddesi"},"geometry":{"type":"LineString","coordinates":[[28.75209,41.21217],[28.75213,41.2121],[28.75321,41.21155],[28.75412,41.21111],[28.75422,41.21106],[28.75451,41.21093],[28.7547,41.2108]]}},{"type":"Feature","properties":{"sinif":"tertiary","ad":null},"geometry":{"type":"LineString","coordinates":[[28.7556,41.20993],[28.7557,41.20998]]}},{"type":"Feature","properties":{"sinif":"tertiary","ad":null},"geometry":{"type":"LineString","coordinates":[[28.75723,41.20601],[28.75713,41.20599]]}},{"type":"Feature","properties":{"sinif":"tertiary","ad":null},"geometry":{"type":"LineString","coordinates":[[28.75981,41.20295],[28.75986,41.20301]]}},{"type":"Feature","properties":{"sinif":"tertiary","ad":null},"geometry":{"type":"LineString","coordinates":[[28.75663,41.20758],[28.75653,41.20756]]}},{"type":"Feature","properties":{"sinif":"tertiary","ad":null},"geometry":{"type":"LineString","coordinates":[[28.7663,41.20123],[28.76629,41.20133]]}},{"type":"Feature","properties":{"sinif":"tertiary","ad":null},"geometry":{"type":"LineString","coordinates":[[28.76641,41.20113],[28.7663,41.20123],[28.76614,41.20125]]}},{"type":"Feature","properties":{"sinif":"secondary","ad":"Haraççı - Hadımköy Yolu"},"geometry":{"type":"LineString","coordinates":[[28.68184,41.16458],[28.68142,41.16427],[28.68134,41.16421]]}},{"type":"Feature","properties":{"sinif":"secondary","ad":"Haraççı - Hadımköy Yolu"},"geometry":{"type":"LineString","coordinates":[[28.68117,41.16403],[28.68146,41.16424],[28.68159,41.16434],[28.68189,41.16455]]}},{"type":"Feature","properties":{"sinif":"secondary","ad":"Haraççı - Hadımköy Yolu"},"geometry":{"type":"LineString","coordinates":[[28.68189,41.16455],[28.68218,41.16476],[28.68244,41.16495],[28.68246,41.16499]]}},{"type":"Feature","properties":{"sinif":"secondary","ad":"Haraççı - Hadımköy Yolu"},"geometry":{"type":"LineString","coordinates":[[28.68134,41.16421],[28.68085,41.16385],[28.68077,41.16376]]}},{"type":"Feature","properties":{"sinif":"secondary_link","ad":null},"geometry":{"type":"LineString","coordinates":[[28.68189,41.16455],[28.68184,41.16458]]}},{"type":"Feature","properties":{"sinif":"secondary_link","ad":null},"geometry":{"type":"LineString","coordinates":[[28.68117,41.16403],[28.68133,41.16409],[28.68185,41.16445],[28.68188,41.16449],[28.68189,41.16455]]}},{"type":"Feature","properties":{"sinif":"secondary","ad":"Haraççı - Hadımköy Yolu"},"geometry":{"type":"LineString","coordinates":[[28.68077,41.16376],[28.68089,41.16382],[28.68117,41.16403]]}},{"type":"Feature","properties":{"sinif":"secondary","ad":"Haraççı - Hadımköy Yolu"},"geometry":{"type":"LineString","coordinates":[[28.68077,41.16376],[28.67832,41.16195]]}},{"type":"Feature","properties":{"sinif":"secondary","ad":"Haraççı - Hadımköy Yolu"},"geometry":{"type":"LineString","coordinates":[[28.68246,41.16499],[28.68238,41.16497],[28.68225,41.16487],[28.68202,41.1647],[28.68184,41.16458]]}},{"type":"Feature","properties":{"sinif":"secondary_link","ad":null},"geometry":{"type":"LineString","coordinates":[[28.68169,41.1647],[28.68173,41.16461],[28.68173,41.16459],[28.68172,41.16457],[28.68141,41.16433],[28.68137,41.16428],[28.68136,41.16426],[28.68134,41.16421]]}},{"type":"Feature","properties":{"sinif":"secondary_link","ad":null},"geometry":{"type":"LineString","coordinates":[[28.68184,41.16458],[28.68178,41.16463],[28.68169,41.1647]]}},{"type":"Feature","properties":{"sinif":"secondary_link","ad":null},"geometry":{"type":"LineString","coordinates":[[28.68141,41.16433],[28.6814,41.1643],[28.6814,41.16428],[28.68142,41.16427],[28.68146,41.16424]]}},{"type":"Feature","properties":{"sinif":"primary_link","ad":null},"geometry":{"type":"LineString","coordinates":[[28.78737,41.15228],[28.78745,41.15237]]}},{"type":"Feature","properties":{"sinif":"primary","ad":null},"geometry":{"type":"LineString","coordinates":[[28.77214,41.18414],[28.77213,41.18423],[28.77216,41.18466],[28.77213,41.18487]]}},{"type":"Feature","properties":{"sinif":"primary_link","ad":null},"geometry":{"type":"LineString","coordinates":[[28.77214,41.18414],[28.77206,41.18412]]}},{"type":"Feature","properties":{"sinif":"primary","ad":null},"geometry":{"type":"LineString","coordinates":[[28.77206,41.18412],[28.77206,41.18405],[28.77207,41.18395],[28.7721,41.18382],[28.77212,41.18375],[28.77213,41.18371],[28.77215,41.18368]]}},{"type":"Feature","properties":{"sinif":"primary","ad":null},"geometry":{"type":"LineString","coordinates":[[28.66737,41.09826],[28.66726,41.09838],[28.66715,41.09849],[28.66701,41.09866],[28.66696,41.09871],[28.66643,41.09933],[28.66613,41.09972],[28.66558,41.10046],[28.66516,41.10107],[28.66493,41.10134],[28.66472,41.10155],[28.66449,41.10178],[28.66421,41.10201],[28.66389,41.10226],[28.66338,41.10257],[28.66286,41.10283],[28.66196,41.1032],[28.66095,41.10356],[28.6602,41.10389],[28.6597,41.10415],[28.65904,41.10458],[28.65836,41.10508],[28.65776,41.10562],[28.65708,41.10621],[28.65644,41.1068],[28.65625,41.10696],[28.65595,41.10721],[28.65532,41.10781],[28.65513,41.10798],[28.65499,41.1081],[28.65458,41.10841],[28.6545,41.10848],[28.65417,41.10871],[28.65369,41.10899],[28.65317,41.10928],[28.65303,41.10935],[28.65287,41.10944]]}},{"type":"Feature","properties":{"sinif":"primary","ad":null},"geometry":{"type":"LineString","coordinates":[[28.65172,41.10987],[28.65188,41.10979],[28.65218,41.10966],[28.6526,41.10945],[28.6527,41.10939],[28.65271,41.10938]]}},{"type":"Feature","properties":{"sinif":"tertiary","ad":null},"geometry":{"type":"LineString","coordinates":[[28.65287,41.10944],[28.65308,41.10972],[28.65308,41.1098]]}},{"type":"Feature","properties":{"sinif":"primary_link","ad":null},"geometry":{"type":"LineString","coordinates":[[28.65277,41.10948],[28.6527,41.10939]]}},{"type":"Feature","properties":{"sinif":"primary","ad":null},"geometry":{"type":"LineString","coordinates":[[28.65287,41.10944],[28.65277,41.10948]]}},{"type":"Feature","properties":{"sinif":"primary_link","ad":null},"geometry":{"type":"LineString","coordinates":[[28.65271,41.10938],[28.65287,41.10944]]}},{"type":"Feature","properties":{"sinif":"tertiary","ad":null},"geometry":{"type":"LineString","coordinates":[[28.65308,41.1098],[28.65301,41.10975],[28.65295,41.10968],[28.65285,41.10957],[28.65277,41.10948]]}},{"type":"Feature","properties":{"sinif":"tertiary","ad":null},"geometry":{"type":"LineString","coordinates":[[28.62439,41.16072],[28.62445,41.16077],[28.62456,41.16084],[28.62539,41.16121],[28.62546,41.16124],[28.62553,41.16126],[28.62562,41.16128]]}},{"type":"Feature","properties":{"sinif":"tertiary","ad":null},"geometry":{"type":"LineString","coordinates":[[28.62627,41.16197],[28.62605,41.16175],[28.62587,41.16158],[28.62583,41.16155],[28.62578,41.1615],[28.62572,41.16146],[28.62564,41.16142],[28.62561,41.16141]]}},{"type":"Feature","properties":{"sinif":"primary","ad":"Fatih Caddesi"},"geometry":{"type":"LineString","coordinates":[[28.73901,41.18642],[28.73798,41.18714],[28.73748,41.18757],[28.73711,41.18798],[28.73687,41.18829],[28.73679,41.18842],[28.73662,41.18869],[28.73631,41.18919],[28.73616,41.18944],[28.73565,41.19032],[28.73534,41.19082],[28.73517,41.19097],[28.73502,41.1911],[28.73475,41.19128],[28.73416,41.19166],[28.7337,41.19196],[28.73304,41.19242],[28.73207,41.1931],[28.73184,41.19325],[28.73135,41.19366],[28.73128,41.19373],[28.73074,41.19423],[28.73071,41.19427],[28.73048,41.1945],[28.7302,41.19478],[28.72982,41.19521],[28.72924,41.19576]]}},{"type":"Feature","properties":{"sinif":"secondary_link","ad":null},"geometry":{"type":"LineString","coordinates":[[28.74131,41.18537],[28.74134,41.18537],[28.7414,41.18536],[28.74145,41.18534],[28.7415,41.18529]]}},{"type":"Feature","properties":{"sinif":"secondary","ad":"Yıldırım Beyazıt Caddesi"},"geometry":{"type":"LineString","coordinates":[[28.74152,41.18565],[28.74156,41.18579],[28.74165,41.18615],[28.74167,41.18624],[28.74176,41.18654],[28.74178,41.18667],[28.7418,41.18678],[28.7418,41.1872],[28.7418,41.18734],[28.74182,41.18748],[28.74186,41.18756],[28.74192,41.18765],[28.742,41.18775],[28.74211,41.18787],[28.74227,41.18805],[28.74244,41.18823]]}},{"type":"Feature","properties":{"sinif":"tertiary","ad":"Karatay Sokağı"},"geometry":{"type":"LineString","coordinates":[[28.74064,41.18315],[28.74056,41.18321],[28.73984,41.18378],[28.73979,41.18382]]}},{"type":"Feature","properties":{"sinif":"primary_link","ad":null},"geometry":{"type":"LineString","coordinates":[[28.74705,41.1785],[28.74702,41.17842]]}},{"type":"Feature","properties":{"sinif":"secondary_link","ad":null},"geometry":{"type":"LineString","coordinates":[[28.7463,41.1784],[28.74631,41.17843],[28.74631,41.17846],[28.74631,41.17849],[28.74629,41.17851],[28.74624,41.17854]]}},{"type":"Feature","properties":{"sinif":"secondary","ad":"Şener Sokağı"},"geometry":{"type":"LineString","coordinates":[[28.74684,41.17863],[28.74681,41.1786],[28.74678,41.17858],[28.7467,41.17855],[28.74654,41.17853],[28.74643,41.17852],[28.74634,41.17853],[28.74624,41.17854]]}},{"type":"Feature","properties":{"sinif":"secondary","ad":"Aziziye Sokağı"},"geometry":{"type":"LineString","coordinates":[[28.74624,41.17854],[28.74574,41.17854],[28.74569,41.17854]]}},{"type":"Feature","properties":{"sinif":"secondary","ad":"Polatkan Sokak"},"geometry":{"type":"LineString","coordinates":[[28.7455,41.17853],[28.7456,41.17843],[28.7457,41.17828],[28.74583,41.17813]]}},{"type":"Feature","properties":{"sinif":"primary_link","ad":null},"geometry":{"type":"LineString","coordinates":[[28.74691,41.17855],[28.74699,41.17858]]}},{"type":"Feature","properties":{"sinif":"primary","ad":"Eski Edirne Asfaltı Caddesi"},"geometry":{"type":"LineString","coordinates":[[28.74699,41.17858],[28.74695,41.17862],[28.74682,41.17877],[28.74631,41.17938],[28.74628,41.17942],[28.74606,41.1797],[28.74578,41.18011]]}},{"type":"Feature","properties":{"sinif":"primary","ad":"Eski Edirne Asfaltı Caddesi"},"geometry":{"type":"LineString","coordinates":[[28.74702,41.17842],[28.74711,41.17831],[28.74727,41.17812],[28.74739,41.17798],[28.74752,41.1778],[28.74763,41.1776],[28.74769,41.1775],[28.74802,41.17688],[28.74811,41.17667],[28.74816,41.17659]]}},{"type":"Feature","properties":{"sinif":"primary","ad":"Eski Edirne Asfaltı Caddesi"},"geometry":{"type":"LineString","coordinates":[[28.74684,41.17863],[28.74687,41.1786],[28.74691,41.17855]]}},{"type":"Feature","properties":{"sinif":"secondary_link","ad":null},"geometry":{"type":"LineString","coordinates":[[28.59039,41.24626],[28.59025,41.2462]]}},{"type":"Feature","properties":{"sinif":"tertiary","ad":null},"geometry":{"type":"LineString","coordinates":[[28.77392,41.18058],[28.77398,41.18055]]}},{"type":"Feature","properties":{"sinif":"tertiary","ad":"İsmet İnönü Caddesi"},"geometry":{"type":"LineString","coordinates":[[28.77205,41.18354],[28.77203,41.18342],[28.7721,41.18275],[28.77212,41.18236],[28.77225,41.18196],[28.77232,41.18184],[28.77239,41.18177]]}},{"type":"Feature","properties":{"sinif":"tertiary","ad":null},"geometry":{"type":"LineString","coordinates":[[28.77319,41.18085],[28.77323,41.18087],[28.77325,41.1809],[28.77326,41.18094]]}},{"type":"Feature","properties":{"sinif":"tertiary","ad":null},"geometry":{"type":"LineString","coordinates":[[28.77239,41.18177],[28.77238,41.18172],[28.77236,41.18169],[28.77232,41.18166]]}},{"type":"Feature","properties":{"sinif":"tertiary","ad":"İsmet İnönü Caddesi"},"geometry":{"type":"LineString","coordinates":[[28.77249,41.18168],[28.77239,41.18177]]}},{"type":"Feature","properties":{"sinif":"tertiary","ad":"Eber Sokağı"},"geometry":{"type":"LineString","coordinates":[[28.77232,41.18166],[28.77215,41.1816],[28.77208,41.18157],[28.772,41.18152],[28.77196,41.18145],[28.77191,41.18136],[28.77172,41.18098]]}},{"type":"Feature","properties":{"sinif":"secondary","ad":"Aziziye Sokağı"},"geometry":{"type":"LineString","coordinates":[[28.74569,41.17854],[28.7455,41.17853]]}},{"type":"Feature","properties":{"sinif":"secondary_link","ad":null},"geometry":{"type":"LineString","coordinates":[[28.74569,41.17854],[28.74565,41.17852],[28.74562,41.17849],[28.7456,41.17843]]}},{"type":"Feature","properties":{"sinif":"secondary_link","ad":null},"geometry":{"type":"LineString","coordinates":[[28.75335,41.19458],[28.75329,41.19463]]}},{"type":"Feature","properties":{"sinif":"trunk","ad":"Eski Edirne Asfaltı Caddesi"},"geometry":{"type":"LineString","coordinates":[[28.81359,41.1363],[28.81349,41.13629]]}},{"type":"Feature","properties":{"sinif":"trunk_link","ad":null},"geometry":{"type":"LineString","coordinates":[[28.76093,41.16979],[28.76105,41.16977],[28.76137,41.16951],[28.76141,41.1695],[28.76147,41.16954]]}},{"type":"Feature","properties":{"sinif":"trunk","ad":"Eski Edirne Asfaltı Caddesi"},"geometry":{"type":"LineString","coordinates":[[28.76147,41.16954],[28.76133,41.16966],[28.76102,41.16994],[28.76078,41.17012],[28.76058,41.17026],[28.76045,41.17035],[28.76027,41.17046],[28.76011,41.17056],[28.75992,41.17067],[28.75967,41.17079],[28.75941,41.17092],[28.75897,41.17114],[28.75872,41.17126],[28.75848,41.17139],[28.7584,41.17143],[28.7583,41.17149],[28.7582,41.17155],[28.75805,41.17166],[28.75793,41.17175],[28.75782,41.17185],[28.75771,41.17196],[28.75755,41.17212],[28.75743,41.17227]]}},{"type":"Feature","properties":{"sinif":"secondary","ad":"Haraççı - Hadımköy Yolu"},"geometry":{"type":"LineString","coordinates":[[28.63619,41.15645],[28.63612,41.15641],[28.63605,41.15637],[28.63595,41.15634],[28.63589,41.15632],[28.63583,41.15629]]}},{"type":"Feature","properties":{"sinif":"secondary","ad":"Eski Edirne Asfaltı Caddesi"},"geometry":{"type":"LineString","coordinates":[[28.61371,41.19762],[28.61337,41.19786]]}},{"type":"Feature","properties":{"sinif":"secondary","ad":"Hadımköy Caddesi"},"geometry":{"type":"LineString","coordinates":[[28.59579,41.18173],[28.59579,41.18194],[28.5958,41.18208],[28.59588,41.1823],[28.59608,41.18254],[28.5964,41.18277]]}},{"type":"Feature","properties":{"sinif":"secondary","ad":"Hadımköy Caddesi"},"geometry":{"type":"LineString","coordinates":[[28.5964,41.18277],[28.59656,41.18285],[28.5969,41.18299],[28.5971,41.1831]]}},{"type":"Feature","properties":{"sinif":"secondary","ad":"Hadımköy Caddesi"},"geometry":{"type":"LineString","coordinates":[[28.59597,41.18294],[28.59586,41.18279],[28.59576,41.1826],[28.59572,41.18242],[28.59572,41.18217],[28.59575,41.18194],[28.59579,41.18173]]}},{"type":"Feature","properties":{"sinif":"secondary","ad":"Hadımköy Caddesi"},"geometry":{"type":"LineString","coordinates":[[28.59685,41.18329],[28.59635,41.18314],[28.59627,41.18311],[28.59597,41.18294]]}},{"type":"Feature","properties":{"sinif":"secondary_link","ad":null},"geometry":{"type":"LineString","coordinates":[[28.5955,41.19223],[28.59554,41.19205],[28.59563,41.19187],[28.59571,41.19193],[28.5958,41.19196],[28.59597,41.19199]]}},{"type":"Feature","properties":{"sinif":"secondary_link","ad":null},"geometry":{"type":"LineString","coordinates":[[28.59737,41.19021],[28.59726,41.19018]]}},{"type":"Feature","properties":{"sinif":"secondary_link","ad":null},"geometry":{"type":"LineString","coordinates":[[28.59792,41.187],[28.59803,41.18702]]}},{"type":"Feature","properties":{"sinif":"secondary","ad":"Hadımköy Caddesi"},"geometry":{"type":"LineString","coordinates":[[28.59792,41.187],[28.59802,41.18622],[28.59809,41.18565],[28.59809,41.18519],[28.59805,41.18492],[28.59795,41.18454],[28.59775,41.18408],[28.5976,41.18378],[28.59742,41.18357],[28.59718,41.18341],[28.59689,41.1833],[28.59685,41.18329]]}},{"type":"Feature","properties":{"sinif":"secondary","ad":"Hadımköy Caddesi"},"geometry":{"type":"LineString","coordinates":[[28.59803,41.18702],[28.59791,41.18792],[28.59761,41.18925],[28.59737,41.19021],[28.59731,41.19044],[28.59706,41.1912],[28.59688,41.19169],[28.59677,41.19185],[28.59662,41.19197],[28.59644,41.19203],[28.59623,41.19206],[28.59598,41.19207],[28.59583,41.1921],[28.59568,41.19218],[28.5956,41.19227],[28.59553,41.19241],[28.59551,41.19246],[28.59548,41.19262]]}},{"type":"Feature","properties":{"sinif":"secondary_link","ad":null},"geometry":{"type":"LineString","coordinates":[[28.59596,41.18334],[28.5959,41.18326],[28.59588,41.18317],[28.59589,41.1831],[28.59593,41.183],[28.59597,41.18294]]}},{"type":"Feature","properties":{"sinif":"secondary_link","ad":null},"geometry":{"type":"LineString","coordinates":[[28.59588,41.18317],[28.59579,41.18291],[28.59576,41.18275],[28.59576,41.1826]]}},{"type":"Feature","properties":{"sinif":"secondary","ad":null},"geometry":{"type":"LineString","coordinates":[[28.61413,41.15821],[28.61369,41.15838],[28.61357,41.15841]]}},{"type":"Feature","properties":{"sinif":"tertiary","ad":"Şeyh Şamil Caddesi"},"geometry":{"type":"LineString","coordinates":[[28.61418,41.15783],[28.6142,41.15774]]}},{"type":"Feature","properties":{"sinif":"tertiary","ad":"Baba Nakkaş Caddesi"},"geometry":{"type":"LineString","coordinates":[[28.59402,41.13876],[28.59409,41.13873],[28.59443,41.13856]]}},{"type":"Feature","properties":{"sinif":"tertiary","ad":"Baba Nakkaş Caddesi"},"geometry":{"type":"LineString","coordinates":[[28.59395,41.1388],[28.59402,41.13876]]}}]}